"Time (s)";"Pressure (hPa)"
2,253309020E-1;1,011340637E3
3,055599480E-1;1,011351379E3
4,055599480E-1;1,011339600E3
5,055599480E-1;1,011313477E3
6,055599480E-1;1,011316223E3
7,055599480E-1;1,011327698E3
8,055599480E-1;1,011321777E3
9,055599480E-1;1,011317932E3
1,005559948E0;1,011338928E3
1,105559948E0;1,011340149E3
1,205559948E0;1,011335571E3
1,305559948E0;1,011356445E3
1,405559948E0;1,011360962E3
1,505559948E0;1,011367188E3
1,605559948E0;1,011353638E3
1,705559948E0;1,011308044E3
1,805559948E0;1,011380432E3
1,905559948E0;1,011315796E3
2,005559948E0;1,011410645E3
2,105559948E0;1,011407776E3
2,205559948E0;1,011368774E3
2,305559948E0;1,011356323E3
2,405559948E0;1,011377869E3
2,505559948E0;1,011307129E3
2,605559948E0;1,011362976E3
2,705559948E0;1,011414551E3
2,805559948E0;1,011633789E3
2,905559948E0;1,011918823E3
3,005559948E0;1,011750610E3
3,105559948E0;1,011479797E3
3,205559948E0;1,011417969E3
3,305559948E0;1,011434387E3
3,405559948E0;1,011416992E3
3,505559948E0;1,011291260E3
3,605559948E0;1,011342712E3
3,705559948E0;1,011485046E3
3,805559948E0;1,011565979E3
3,905559948E0;1,011251221E3
4,005559948E0;1,011323120E3
4,105559948E0;1,011382812E3
4,205559948E0;1,011293457E3
4,305559948E0;1,011245728E3
4,405559948E0;1,011346802E3
4,505559948E0;1,011302979E3
4,605559948E0;1,011327026E3
4,705559948E0;1,011424988E3
4,805559948E0;1,011294617E3
4,905559948E0;1,011305481E3
5,005559948E0;1,011339539E3
5,105559948E0;1,011418945E3
5,205559948E0;1,011343994E3
5,305559948E0;1,011446228E3
5,405559948E0;1,011295410E3
5,505559948E0;1,011311340E3
5,605559948E0;1,011290039E3
5,705559948E0;1,011313965E3
5,805559948E0;1,011357788E3
5,905559948E0;1,011381470E3
6,005559948E0;1,011373657E3
6,105559948E0;1,011369263E3
6,205559948E0;1,011442017E3
6,305559948E0;1,011409180E3
6,405559948E0;1,011507446E3
6,505559948E0;1,011267151E3
6,605559948E0;1,011207642E3
6,705559948E0;1,011313293E3
6,805559948E0;1,011317322E3
6,905559948E0;1,011417480E3
7,005559948E0;1,011329712E3
7,105559948E0;1,011329712E3
7,205559948E0;1,011492554E3
7,305559948E0;1,011527466E3
7,405559948E0;1,011514282E3
7,505559948E0;1,011514282E3
7,605559948E0;1,011199585E3
7,705559948E0;1,011342285E3
7,805559948E0;1,011278503E3
7,905559948E0;1,011278503E3
8,005559948E0;1,011355591E3
8,105559948E0;1,011389404E3
8,205559948E0;1,011459900E3
8,305559948E0;1,011459900E3
8,405559948E0;1,011284668E3
8,505559948E0;1,011147705E3
8,605559948E0;1,011256592E3
8,705559948E0;1,011256592E3
8,805559948E0;1,011308228E3
8,905559948E0;1,011359131E3
9,005559948E0;1,011309204E3
9,105559948E0;1,011309204E3
9,205559948E0;1,011388794E3
9,305559948E0;1,011500366E3
9,405559948E0;1,011421265E3
9,505559948E0;1,011421265E3
9,605559948E0;1,011313904E3
9,705559948E0;1,011402222E3
9,805559948E0;1,011223145E3
9,905559948E0;1,011223145E3
1,000555995E1;1,011245728E3
1,010555995E1;1,011324097E3
1,020555995E1;1,011421875E3
1,030555995E1;1,011421875E3
1,040555995E1;1,011313354E3
1,050555995E1;1,011259399E3
1,060555995E1;1,011229614E3
1,070555995E1;1,011229614E3
1,080555995E1;1,011499756E3
1,090555995E1;1,011300171E3
1,100555995E1;1,011350525E3
1,110555995E1;1,011350525E3
1,120555995E1;1,011446960E3
1,130555995E1;1,011436890E3
1,140555995E1;1,011499329E3
1,150555995E1;1,011499329E3
1,160555995E1;1,011180054E3
1,170555995E1;1,011240356E3
1,180555995E1;1,011282837E3
1,190555995E1;1,011282837E3
1,200555995E1;1,011282837E3
1,210555995E1;1,011291870E3
1,220555995E1;1,011329163E3
1,230555995E1;1,011329163E3
1,240555995E1;1,011329163E3
1,250555995E1;1,011546265E3
1,260555995E1;1,011282471E3
1,270555995E1;1,011083374E3
1,280555995E1;1,011369324E3
1,290555995E1;1,011382751E3
1,300555995E1;1,011248291E3
1,310555995E1;1,011305908E3
1,320555995E1;1,011305908E3
1,330555995E1;1,011397583E3
1,340555995E1;1,011496582E3
1,350555995E1;1,011445923E3
1,360555995E1;1,011445923E3
1,370555995E1;1,011084595E3
1,380555995E1;1,011213623E3
1,390555995E1;1,011336304E3
1,400555995E1;1,011336304E3
1,410555995E1;1,011109009E3
1,420555995E1;1,011262024E3
1,430555995E1;1,011555786E3
1,440555995E1;1,011555786E3
1,450555995E1;1,011655151E3
1,460555995E1;1,011416992E3
1,470555995E1;1,011282959E3
1,480555995E1;1,011282959E3
1,490555995E1;1,011331421E3
1,500555995E1;1,011528259E3
1,510555995E1;1,011282227E3
1,520555995E1;1,011282227E3
1,530555995E1;1,011365601E3
1,540555995E1;1,011372192E3
1,550555995E1;1,011509644E3
1,560555995E1;1,011509644E3
1,570555995E1;1,011249268E3
1,580555995E1;1,011182617E3
1,590555995E1;1,011210938E3
1,600555995E1;1,011210938E3
1,610555995E1;1,011324402E3
1,620555995E1;1,011298462E3
1,630555995E1;1,011336365E3
1,640555995E1;1,011336365E3
1,650555995E1;1,011494751E3
1,660555995E1;1,011519775E3
1,670555995E1;1,011350220E3
1,680555995E1;1,011350220E3
1,690555995E1;1,011338196E3
1,700555995E1;1,011336365E3
1,710555995E1;1,011433838E3
1,720555995E1;1,011433838E3
1,730555995E1;1,011433838E3
1,740555995E1;1,011341431E3
1,750555995E1;1,011631348E3
1,760555995E1;1,011631348E3
1,770555995E1;1,011117065E3
1,780555995E1;1,011122009E3
1,790555995E1;1,011466309E3
1,800555995E1;1,011466309E3
1,810555995E1;1,011254272E3
1,820555995E1;1,011357544E3
1,830555995E1;1,011341187E3
1,840555995E1;1,011341187E3
1,850555995E1;1,011441650E3
1,860555995E1;1,011266174E3
1,870555995E1;1,011164185E3
1,880555995E1;1,011164185E3
1,890555995E1;1,011369751E3
1,900555995E1;1,011253906E3
1,910555995E1;1,011264160E3
1,920555995E1;1,011264160E3
1,930555995E1;1,011521606E3
1,940555995E1;1,011510620E3
1,950555995E1;1,011308594E3
1,960555995E1;1,011191162E3
1,970555995E1;1,011210022E3
1,980555995E1;1,011367188E3
1,990555995E1;1,011338501E3
2,000555995E1;1,011220825E3
2,010555995E1;1,011363831E3
2,020555995E1;1,011316040E3
2,030555995E1;1,011346436E3
2,040555995E1;1,011295471E3
2,050555995E1;1,011388916E3
2,060555995E1;1,011288940E3
2,070555995E1;1,011461365E3
2,080555995E1;1,011356873E3
2,090555995E1;1,011477051E3
2,100555995E1;1,011349060E3
2,110555995E1;1,011214844E3
2,120555995E1;1,011198242E3
2,130555995E1;1,011341675E3
2,140555995E1;1,011276123E3
2,150555995E1;1,011350342E3
2,160555995E1;1,011311279E3
2,170555995E1;1,011403076E3
2,180555995E1;1,011458984E3
2,190555995E1;1,011458862E3
2,200555995E1;1,011429871E3
2,210555995E1;1,011210327E3
2,220555995E1;1,011184631E3
2,230555995E1;1,011144897E3
2,240555995E1;1,011360046E3
2,250555995E1;1,011198975E3
2,260555995E1;1,011313477E3
2,270555995E1;1,011317993E3
2,280555995E1;1,011311401E3
2,290555995E1;1,011544800E3
2,300555995E1;1,011482239E3
2,310555995E1;1,011438232E3
2,320555995E1;1,011445557E3
2,330555995E1;1,011158936E3
2,340555995E1;1,011099731E3
2,350555995E1;1,011348267E3
2,360555995E1;1,011395020E3
2,370555995E1;1,011238892E3
2,380555995E1;1,011295776E3
2,390555995E1;1,011352905E3
2,400555995E1;1,011312439E3
2,410555995E1;1,011557373E3
2,420555995E1;1,011341370E3
2,430555995E1;1,011319458E3
2,440555995E1;1,011192139E3
2,450555995E1;1,011325012E3
2,460555995E1;1,011347900E3
2,470555995E1;1,011244507E3
2,480555995E1;1,011388062E3
2,490555995E1;1,011281860E3
2,500555995E1;1,011405945E3
2,510555995E1;1,011570923E3
2,520555995E1;1,011562073E3
2,530555995E1;1,011190491E3
2,540555995E1;1,011254150E3
2,550555995E1;1,011133179E3
2,560555995E1;1,011344360E3
2,570555995E1;1,011254272E3
2,580555995E1;1,011230591E3
2,590555995E1;1,011242615E3
2,600555995E1;1,011433960E3
2,610555995E1;1,011548340E3
2,620555995E1;1,011545532E3
2,630555995E1;1,011293030E3
2,640555995E1;1,011039185E3
2,650555995E1;1,011204773E3
2,660555995E1;1,011182861E3
2,670555995E1;1,011253174E3
2,680555995E1;1,011289917E3
2,690555995E1;1,011244019E3
2,700555995E1;1,011437866E3
2,710555995E1;1,011521484E3
2,720555995E1;1,011627197E3
2,730555995E1;1,011313171E3
2,740555995E1;1,011127197E3
2,750555995E1;1,011282166E3
2,760555995E1;1,011296082E3
2,770555995E1;1,011303467E3
2,780555995E1;1,011323242E3
2,790555995E1;1,011358337E3
2,800555995E1;1,011249878E3
2,810555995E1;1,011582397E3
2,820555995E1;1,011412231E3
2,830555995E1;1,011177979E3
2,840555995E1;1,011175293E3
2,850555995E1;1,011248169E3
2,860555995E1;1,011361572E3
2,870555995E1;1,011272095E3
2,880555995E1;1,011201416E3
2,890555995E1;1,011287354E3
2,900555995E1;1,011494873E3
2,910555995E1;1,011614868E3
2,920555995E1;1,011280884E3
2,930555995E1;1,011154541E3
2,940555995E1;1,011296753E3
2,950555995E1;1,011395630E3
2,960555995E1;1,011351929E3
2,970555995E1;1,011170044E3
2,980555995E1;1,011345703E3
2,990555995E1;1,011455811E3
3,000555995E1;1,011468994E3
3,010555995E1;1,011579712E3
3,020555995E1;1,011177368E3
3,030555995E1;1,011169556E3
3,040555995E1;1,011196899E3
3,050555995E1;1,011423340E3
3,060555995E1;1,011208252E3
3,070555995E1;1,011306030E3
3,080555995E1;1,011306213E3
3,090555995E1;1,011279663E3
3,100555995E1;1,011578857E3
3,110555995E1;1,011280762E3
3,120555995E1;1,011211304E3
3,130555995E1;1,011204834E3
3,140555995E1;1,011251465E3
3,150555995E1;1,011427490E3
3,160555995E1;1,011289795E3
3,170555995E1;1,011237549E3
3,180555995E1;1,011431274E3
3,190555995E1;1,011598145E3
3,200555995E1;1,011535889E3
3,210555995E1;1,011429077E3
3,220555995E1;1,011146851E3
3,230555995E1;1,011256714E3
3,240555995E1;1,011345093E3
3,250555995E1;1,011306152E3
3,260555995E1;1,011237854E3
3,270555995E1;1,011311523E3
3,280555995E1;1,011439209E3
3,290555995E1;1,011559143E3
3,300555995E1;1,011310181E3
3,310555995E1;1,011083496E3
3,320555995E1;1,011169495E3
3,330555995E1;1,011265137E3
3,340555995E1;1,011390137E3
3,350555995E1;1,011161011E3
3,360555995E1;1,011434509E3
3,370555995E1;1,011425537E3
3,380555995E1;1,011444763E3
3,390555995E1;1,011406921E3
3,400555995E1;1,011259521E3
3,410555995E1;1,011051636E3
3,420555995E1;1,011326172E3
3,430555995E1;1,011239685E3
3,440555995E1;1,011327942E3
3,450555995E1;1,011155640E3
3,460555995E1;1,011348389E3
3,470555995E1;1,011625610E3
3,480555995E1;1,011412598E3
3,490555995E1;1,011233276E3
3,500555995E1;1,011131104E3
3,510555995E1;1,011278931E3
3,520555995E1;1,011390320E3
3,530555995E1;1,011355835E3
3,540555995E1;1,011148438E3
3,550555995E1;1,011467651E3
3,560555995E1;1,011507080E3
3,570555995E1;1,011592529E3
3,580555995E1;1,011373535E3
3,590555995E1;1,011152588E3
3,600555995E1;1,011293823E3
3,610555995E1;1,011230408E3
3,620555995E1;1,011359558E3
3,630555995E1;1,011256226E3
3,640555995E1;1,011474365E3
3,650555995E1;1,011504761E3
3,660555995E1;1,011542847E3
3,670555995E1;1,011323975E3
3,680555995E1;1,011050781E3
3,690555995E1;1,011233826E3
3,700555995E1;1,011494263E3
3,710555995E1;1,011397827E3
3,720555995E1;1,011296143E3
3,730555995E1;1,011296448E3
3,740555995E1;1,011467651E3
3,750555995E1;1,011375366E3
3,760555995E1;1,011197510E3
3,770555995E1;1,011176270E3
3,780555995E1;1,011249634E3
3,790555995E1;1,011350708E3
3,800555995E1;1,011341064E3
3,810555995E1;1,011154541E3
3,820555995E1;1,011268799E3
3,830555995E1;1,011442322E3
3,840555995E1;1,011615479E3
3,850555995E1;1,011228394E3
3,860555995E1;1,011177307E3
3,870555995E1;1,011243408E3
3,880555995E1;1,011255127E3
3,890555995E1;1,011313110E3
3,900555995E1;1,011207336E3
3,910555995E1;1,011347046E3
3,920555995E1;1,011432068E3
3,930555995E1;1,011620728E3
3,940555995E1;1,011365112E3
3,950555995E1;1,011052307E3
3,960555995E1;1,011199707E3
3,970555995E1;1,011325806E3
3,980555995E1;1,011217163E3
3,990555995E1;1,011289673E3
4,000555995E1;1,011264221E3
4,010555995E1;1,011469482E3
4,020555995E1;1,011634155E3
4,030555995E1;1,011634155E3
4,040555995E1;1,011634155E3
4,050555995E1;1,011164429E3
4,060555995E1;1,011365723E3
4,070555995E1;1,011290161E3
4,080555995E1;1,011189575E3
4,090555995E1;1,011356079E3
4,100555995E1;1,011580078E3
4,110555995E1;1,011412476E3
4,120555995E1;1,011412476E3
4,130555995E1;1,011076050E3
4,140555995E1;1,011110535E3
4,150555995E1;1,011478271E3
4,160555995E1;1,011478271E3
4,170555995E1;1,011349182E3
4,180555995E1;1,011355286E3
4,190555995E1;1,011349854E3
4,200555995E1;1,011349854E3
4,210555995E1;1,011210144E3
4,220555995E1;1,011076538E3
4,230555995E1;1,011144287E3
4,240555995E1;1,011144287E3
4,250555995E1;1,011138184E3
4,260555995E1;1,011177734E3
4,270555995E1;1,011350464E3
4,280555995E1;1,011350464E3
4,290555995E1;1,011414978E3
4,300555995E1;1,011129089E3
4,310555995E1;1,011188171E3
4,320555995E1;1,011188171E3
4,330555995E1;1,011330811E3
4,340555995E1;1,011258179E3
4,350555995E1;1,011180420E3
4,360555995E1;1,011180420E3
4,370555995E1;1,011448242E3
4,380555995E1;1,011385132E3
4,390555995E1;1,011369873E3
4,400555995E1;1,011369873E3
4,410555995E1;1,011275696E3
4,420555995E1;1,011334778E3
4,430555995E1;1,011176147E3
4,440555995E1;1,011176147E3
4,450555995E1;1,011280151E3
4,460555995E1;1,011359680E3
4,470555995E1;1,011631714E3
4,480555995E1;1,011631714E3
4,490555995E1;1,011082764E3
4,500555995E1;1,011230591E3
4,510555995E1;1,011358093E3
4,520555995E1;1,011358093E3
4,530555995E1;1,011183472E3
4,540555995E1;1,011356873E3
4,550555995E1;1,011399597E3
4,560555995E1;1,011399597E3
4,570555995E1;1,011131958E3
4,580555995E1;1,011036987E3
4,590555995E1;1,011227478E3
4,600555995E1;1,011227478E3
4,610555995E1;1,011240234E3
4,620555995E1;1,011178833E3
4,630555995E1;1,011276978E3
4,640555995E1;1,011276978E3
4,650555995E1;1,011439819E3
4,660555995E1;1,011269653E3
4,670555995E1;1,011304626E3
4,680555995E1;1,011304626E3
4,690555995E1;1,011304626E3
4,700555995E1;1,011258667E3
4,710555995E1;1,011199463E3
4,720555995E1;1,011199463E3
4,730555995E1;1,011442078E3
4,740555995E1;1,011321167E3
4,750555995E1;1,011405090E3
4,760555995E1;1,011405090E3
4,770555995E1;1,011405090E3
4,780555995E1;1,011410400E3
4,790555995E1;1,011255005E3
4,800555995E1;1,011089050E3
4,810555995E1;1,011089050E3
4,820555995E1;1,011495972E3
4,830555995E1;1,011476868E3
4,840555995E1;1,011340820E3
4,850555995E1;1,011340820E3
4,860555995E1;1,011224243E3
4,870555995E1;1,011326294E3
4,880555995E1;1,011327759E3
4,890555995E1;1,011231262E3
4,900555995E1;1,011347900E3
4,910555995E1;1,011499756E3
4,920555995E1;1,011492798E3
4,930555995E1;1,011492798E3
4,940555995E1;1,011124878E3
4,950555995E1;1,011120972E3
4,960555995E1;1,011362915E3
4,970555995E1;1,011362915E3
4,980555995E1;1,011032898E3
4,990555995E1;1,011416382E3
5,000555995E1;1,011460449E3
5,010555995E1;1,011460449E3
5,020555995E1;1,011277344E3
5,030555995E1;1,011111084E3
5,040555995E1;1,011252197E3
5,050555995E1;1,011252197E3
5,060555995E1;1,011154663E3
5,070555995E1;1,011196838E3
5,080555995E1;1,011395264E3
5,090555995E1;1,011395264E3
5,100555995E1;1,011406006E3
5,110555995E1;1,011248169E3
5,120555995E1;1,011164917E3
5,130555995E1;1,011164917E3
5,140555995E1;1,011331604E3
5,150555995E1;1,011138550E3
5,160555995E1;1,011198364E3
5,170555995E1;1,011198364E3
5,180555995E1;1,011589966E3
5,190555995E1;1,011288879E3
5,200555995E1;1,011354248E3
5,210555995E1;1,011354248E3
5,220555995E1;1,011282837E3
5,230555995E1;1,011322510E3
5,240555995E1;1,011191284E3
5,250555995E1;1,011191284E3
5,260555995E1;1,011597046E3
5,270555995E1;1,011471680E3
5,280555995E1;1,011401306E3
5,290555995E1;1,011401306E3
5,300555995E1;1,011250305E3
5,310555995E1;1,011345215E3
5,320555995E1;1,011188904E3
5,330555995E1;1,011188904E3
5,340555995E1;1,011410767E3
5,350555995E1;1,011408813E3
5,360555995E1;1,011608826E3
5,370555995E1;1,011608826E3
5,380555995E1;1,011144775E3
5,390555995E1;1,011360718E3
5,400555995E1;1,011229004E3
5,410555995E1;1,011229004E3
5,420555995E1;1,011281860E3
5,430555995E1;1,011393250E3
5,440555995E1;1,011570374E3
5,450555995E1;1,011570374E3
5,460555995E1;1,011570374E3
5,470555995E1;1,011279175E3
5,480555995E1;1,011273560E3
5,490555995E1;1,011273560E3
5,500555995E1;1,011273560E3
5,510555995E1;1,011264160E3
5,520555995E1;1,011437988E3
5,530555995E1;1,011598206E3
5,540555995E1;1,011598206E3
5,550555995E1;1,011166016E3
5,560555995E1;1,011188110E3
5,570555995E1;1,011275269E3
5,580555995E1;1,011275269E3
5,590555995E1;1,011224487E3
5,600555995E1;1,011274353E3
5,610555995E1;1,011426392E3
5,620555995E1;1,011312744E3
5,630555995E1;1,011370605E3
5,640555995E1;1,010935181E3
5,650555995E1;1,011289307E3
5,660555995E1;1,011289307E3
5,670555995E1;1,011219421E3
5,680555995E1;1,011203979E3
5,690555995E1;1,011329224E3
5,700555995E1;1,011329224E3
5,710555995E1;1,011429688E3
5,720555995E1;1,011157349E3
5,730555995E1;1,011134766E3
5,740555995E1;1,011134766E3
5,750555995E1;1,011325928E3
5,760555995E1;1,011173218E3
5,770555995E1;1,011099854E3
5,780555995E1;1,011099854E3
5,790555995E1;1,011537964E3
5,800555995E1;1,011430908E3
5,810555995E1;1,011391052E3
5,820555995E1;1,011391052E3
5,830555995E1;1,011311096E3
5,840555995E1;1,011293579E3
5,850555995E1;1,011091248E3
5,860555995E1;1,011091248E3
5,870555995E1;1,011383667E3
5,880555995E1;1,011410278E3
5,890555995E1;1,011511963E3
5,900555995E1;1,011511963E3
5,910555995E1;1,011203003E3
5,920555995E1;1,011401489E3
5,930555995E1;1,011349731E3
5,940555995E1;1,011349731E3
5,950555995E1;1,011145691E3
5,960555995E1;1,011364319E3
5,970555995E1;1,011539551E3
5,980555995E1;1,011539551E3
5,990555995E1;1,011244873E3
6,000555995E1;1,011258362E3
6,010555995E1;1,011229980E3
6,020555995E1;1,011286499E3
6,030555995E1;1,011316162E3
6,040555995E1;1,011239746E3
6,050555995E1;1,011383667E3
6,060555995E1;1,011491577E3
6,070555995E1;1,011345703E3
6,080555995E1;1,011428223E3
6,090555995E1;1,011097046E3
6,100555995E1;1,011442505E3
6,110555995E1;1,011241577E3
6,120555995E1;1,011271362E3
6,130555995E1;1,011117188E3
6,140555995E1;1,011178223E3
6,150555995E1;1,011351440E3
6,160555995E1;1,011455688E3
6,170555995E1;1,011120972E3
6,180555995E1;1,011349487E3
6,190555995E1;1,011231384E3
6,200555995E1;1,011208313E3
6,210555995E1;1,011475830E3
6,220555995E1;1,011299805E3
6,230555995E1;1,011373413E3
6,240555995E1;1,011241089E3
6,250555995E1;1,011310974E3
6,260555995E1;1,011384399E3
6,270555995E1;1,011365112E3
6,280555995E1;1,011402222E3
6,290555995E1;1,011244385E3
6,300555995E1;1,011268127E3
6,310555995E1;1,011282837E3
6,320555995E1;1,011110596E3
6,330555995E1;1,011413513E3
6,340555995E1;1,011373779E3
6,350555995E1;1,011313477E3
6,360555995E1;1,011537354E3
6,370555995E1;1,011281677E3
6,380555995E1;1,011112488E3
6,390555995E1;1,011468018E3
6,400555995E1;1,011514038E3
6,410555995E1;1,011199829E3
6,420555995E1;1,011296082E3
6,430555995E1;1,011211548E3
6,440555995E1;1,011209534E3
6,450555995E1;1,011340332E3
6,460555995E1;1,011203796E3
6,470555995E1;1,011217102E3
6,480555995E1;1,011346558E3
6,490555995E1;1,011531616E3
6,500555995E1;1,011556396E3
6,510555995E1;1,011303589E3
6,520555995E1;1,011155640E3
6,530555995E1;1,011228394E3
6,540555995E1;1,011259705E3
6,550555995E1;1,011304077E3
6,560555995E1;1,011220154E3
6,570555995E1;1,011226868E3
6,580555995E1;1,011356934E3
6,590555995E1;1,011486938E3
6,600555995E1;1,011439514E3
6,610555995E1;1,011261963E3
6,620555995E1;1,011057617E3
6,630555995E1;1,011380554E3
6,640555995E1;1,011267944E3
6,650555995E1;1,011149780E3
6,660555995E1;1,011198242E3
6,670555995E1;1,011351257E3
6,680555995E1;1,011516479E3
6,690555995E1;1,011382690E3
6,700555995E1;1,011371826E3
6,710555995E1;1,011158997E3
6,720555995E1;1,011380493E3
6,730555995E1;1,011335205E3
6,740555995E1;1,011121460E3
6,750555995E1;1,011236328E3
6,760555995E1;1,011498840E3
6,770555995E1;1,011565918E3
6,780555995E1;1,011211670E3
6,790555995E1;1,011197937E3
6,800555995E1;1,011283203E3
6,810555995E1;1,011159363E3
6,820555995E1;1,011248657E3
6,830555995E1;1,011254883E3
6,840555995E1;1,011215393E3
6,850555995E1;1,011554565E3
6,860555995E1;1,011524170E3
6,870555995E1;1,011140808E3
6,880555995E1;1,011252747E3
6,890555995E1;1,011310547E3
6,900555995E1;1,011209534E3
6,910555995E1;1,011219177E3
6,920555995E1;1,011131714E3
6,930555995E1;1,011295654E3
6,940555995E1;1,011534058E3
6,950555995E1;1,011084473E3
6,960555995E1;1,011052063E3
6,970555995E1;1,011265137E3
6,980555995E1;1,011326782E3
6,990555995E1;1,011224976E3
7,000555995E1;1,011103821E3
7,010555995E1;1,011175781E3
7,020555995E1;1,011368408E3
7,030555995E1;1,011439819E3
7,040555995E1;1,011229004E3
7,050555995E1;1,011027039E3
7,060555995E1;1,011172729E3
7,070555995E1;1,011321777E3
7,080555995E1;1,011124390E3
7,090555995E1;1,011110718E3
7,100555995E1;1,011215698E3
7,110555995E1;1,011512695E3
7,120555995E1;1,011117004E3
7,130555995E1;1,011068970E3
7,140555995E1;1,011095581E3
7,150555995E1;1,011155640E3
7,160555995E1;1,011100464E3
7,170555995E1;1,011064575E3
7,180555995E1;1,011207397E3
7,190555995E1;1,011447510E3
7,200555995E1;1,011129395E3
7,210555995E1;1,011078186E3
7,220555995E1;1,011083496E3
7,230555995E1;1,011293213E3
7,240555995E1;1,011096680E3
7,250555995E1;1,011075928E3
7,260555995E1;1,011147705E3
7,270555995E1;1,011430969E3
7,280555995E1;1,011110474E3
7,290555995E1;1,011021240E3
7,300555995E1;1,011051941E3
7,310555995E1;1,011297729E3
7,320555995E1;1,010981445E3
7,330555995E1;1,011070923E3
7,340555995E1;1,011286560E3
7,350555995E1;1,011465210E3
7,360555995E1;1,011162842E3
7,370555995E1;1,010946289E3
7,380555995E1;1,011206360E3
7,390555995E1;1,011203491E3
7,400555995E1;1,011007324E3
7,410555995E1;1,011175537E3
7,420555995E1;1,011335083E3
7,430555995E1;1,011447388E3
7,440555995E1;1,011199097E3
7,450555995E1;1,011039734E3
7,460555995E1;1,011088989E3
7,470555995E1;1,011252319E3
7,480555995E1;1,011029175E3
7,490555995E1;1,011064087E3
7,500555995E1;1,011149597E3
7,510555995E1;1,011353699E3
7,520555995E1;1,011214844E3
7,530555995E1;1,011129333E3
7,540555995E1;1,010985840E3
7,550555995E1;1,011209167E3
7,560555995E1;1,011102783E3
7,570555995E1;1,011026123E3
7,580555995E1;1,011062561E3
7,590555995E1;1,011165649E3
7,600555995E1;1,011358582E3
7,610555995E1;1,011136353E3
7,620555995E1;1,011074097E3
7,630555995E1;1,010997681E3
7,640555995E1;1,011199707E3
7,650555995E1;1,011104004E3
7,660555995E1;1,011014771E3
7,670555995E1;1,011093750E3
7,680555995E1;1,011490845E3
7,690555995E1;1,011323853E3
7,700555995E1;1,011097046E3
7,710555995E1;1,010989868E3
7,720555995E1;1,011297485E3
7,730555995E1;1,011180664E3
7,740555995E1;1,010986450E3
7,750555995E1;1,010981995E3
7,760555995E1;1,011157593E3
7,770555995E1;1,011411011E3
7,780555995E1;1,011150269E3
7,790555995E1;1,011077148E3
7,800555995E1;1,010967529E3
7,810555995E1;1,011246460E3
7,820555995E1;1,011038330E3
7,830555995E1;1,010992920E3
7,840555995E1;1,011104126E3
7,850555995E1;1,011466309E3
7,860555995E1;1,011295593E3
7,870555995E1;1,011131042E3
7,880555995E1;1,011020874E3
7,890555995E1;1,011307129E3
7,900555995E1;1,011162231E3
7,910555995E1;1,011020508E3
7,920555995E1;1,011047546E3
7,930555995E1;1,011498657E3
7,940555995E1;1,011353210E3
7,950555995E1;1,011238220E3
7,960555995E1;1,011084045E3
7,970555995E1;1,011235596E3
7,980555995E1;1,011114746E3
7,990555995E1;1,010994324E3
8,000555995E1;1,011017090E3
8,010555995E1;1,011399780E3
8,020555995E1;1,011436768E3
8,030555995E1;1,011197327E3
8,040555995E1;1,011013550E3
8,050555995E1;1,011013550E3
8,060555995E1;1,011200562E3
8,070555995E1;1,011067810E3
8,080555995E1;1,011004517E3
8,090555995E1;1,011004517E3
8,100555995E1;1,011477112E3
8,110555995E1;1,011285034E3
8,120555995E1;1,011134521E3
8,130555995E1;1,011134521E3
8,140555995E1;1,011259705E3
8,150555995E1;1,011089233E3
8,160555995E1;1,010943054E3
8,170555995E1;1,010943054E3
8,180555995E1;1,011414795E3
8,190555995E1;1,011323242E3
8,200555995E1;1,011022827E3
8,210555995E1;1,011022827E3
8,220555995E1;1,011253784E3
8,230555995E1;1,011003479E3
8,240555995E1;1,010878967E3
8,250555995E1;1,010878967E3
8,260555995E1;1,011441895E3
8,270555995E1;1,011274414E3
8,280555995E1;1,011167236E3
8,290555995E1;1,011167236E3
8,300555995E1;1,011185303E3
8,300555995E1;1,011185303E3
8,320555995E1;1,010896057E3
8,330555995E1;1,010896057E3
8,340555995E1;1,011491821E3
8,350555995E1;1,011282227E3
8,360555995E1;1,011093811E3
8,370555995E1;1,011093811E3
8,380555995E1;1,011232727E3
8,390555995E1;1,011084961E3
8,400555995E1;1,010869629E3
8,410555995E1;1,010869629E3
8,420555995E1;1,011441528E3
8,430555995E1;1,011319275E3
8,440555995E1;1,011149048E3
8,450555995E1;1,011149048E3
8,460555995E1;1,011128784E3
8,470555995E1;1,010976318E3
8,480555995E1;1,010821899E3
8,490555995E1;1,010821899E3
8,500555995E1;1,010821899E3
8,510555995E1;1,011291016E3
8,520555995E1;1,011021240E3
8,530555995E1;1,010904297E3
8,540555995E1;1,010904297E3
8,550555995E1;1,011084473E3
8,560555995E1;1,010936157E3
8,570555995E1;1,011012817E3
8,580555995E1;1,011012817E3
8,590555995E1;1,011296021E3
8,600555995E1;1,011105774E3
8,610555995E1;1,010891602E3
8,620555995E1;1,010891602E3
8,630555995E1;1,011015381E3
8,640555995E1;1,010884277E3
8,650555995E1;1,011052368E3
8,660555995E1;1,011435059E3
8,670555995E1;1,011181396E3
8,680555995E1;1,011006592E3
8,690555995E1;1,010873291E3
8,700555995E1;1,010873291E3
8,710555995E1;1,010953552E3
8,720555995E1;1,010853760E3
8,730555995E1;1,010973145E3
8,740555995E1;1,010973145E3
8,750555995E1;1,011197021E3
8,760555995E1;1,011010742E3
8,770555995E1;1,010842041E3
8,780555995E1;1,010842041E3
8,790555995E1;1,010971863E3
8,800555995E1;1,010886597E3
8,810555995E1;1,011043823E3
8,820555995E1;1,011043823E3
8,830555995E1;1,011222229E3
8,840555995E1;1,011046936E3
8,850555995E1;1,010957153E3
8,860555995E1;1,010957153E3
8,870555995E1;1,010908081E3
8,880555995E1;1,010997803E3
8,890555995E1;1,011168518E3
8,900555995E1;1,011168518E3
8,910555995E1;1,011142212E3
8,920555995E1;1,010987427E3
8,930555995E1;1,011050049E3
8,940555995E1;1,011050049E3
8,950555995E1;1,010908203E3
8,960555995E1;1,010982178E3
8,970555995E1;1,011218323E3
8,980555995E1;1,011218323E3
8,990555995E1;1,011180420E3
9,000555995E1;1,010919678E3
9,010555995E1;1,011200989E3
9,020555995E1;1,011200989E3
9,030555995E1;1,010877686E3
9,040555995E1;1,011093750E3
9,050555995E1;1,011265625E3
9,060555995E1;1,011265625E3
9,070555995E1;1,011033691E3
9,080555995E1;1,010905640E3
9,090555995E1;1,011194336E3
9,100555995E1;1,011194336E3
9,110555995E1;1,010833862E3
9,120555995E1;1,011011597E3
9,130555995E1;1,011354126E3
9,140555995E1;1,011354126E3
9,150555995E1;1,010930359E3
9,160555995E1;1,010766968E3
9,170555995E1;1,011201782E3
9,180555995E1;1,011201782E3
9,190555995E1;1,010783447E3
9,200555995E1;1,010991699E3
9,210555995E1;1,011415771E3
9,220555995E1;1,011415771E3
9,230555995E1;1,010772949E3
9,240555995E1;1,010717163E3
9,250555995E1;1,011102417E3
9,260555995E1;1,011102417E3
9,270555995E1;1,011102417E3
9,280555995E1;1,011043152E3
9,290555995E1;1,011394409E3
9,300555995E1;1,011226624E3
9,310555995E1;1,011226624E3
9,320555995E1;1,010847900E3
9,330555995E1;1,011133301E3
9,340555995E1;1,010970276E3
9,350555995E1;1,010970276E3
9,360555995E1;1,011160706E3
9,370555995E1;1,011491333E3
9,380555995E1;1,011337219E3
9,390555995E1;1,011337219E3
9,400555995E1;1,011003052E3
9,410555995E1;1,011242676E3
9,420555995E1;1,011029297E3
9,430555995E1;1,011029297E3
9,440555995E1;1,011098328E3
9,450555995E1;1,011478149E3
9,460555995E1;1,011336487E3
9,470555995E1;1,011336487E3
9,480555995E1;1,011003540E3
9,490555995E1;1,011280396E3
9,500555995E1;1,011140320E3
9,510555995E1;1,011140320E3
9,520555995E1;1,011008240E3
9,530555995E1;1,011432678E3
9,540555995E1;1,011362427E3
9,550555995E1;1,011362427E3
9,560555995E1;1,010947571E3
9,570555995E1;1,011293091E3
9,580555995E1;1,011117798E3
9,590555995E1;1,011117798E3
9,600555995E1;1,011090820E3
9,610555995E1;1,011418335E3
9,620555995E1;1,011383728E3
9,630555995E1;1,011383728E3
9,640555995E1;1,011054810E3
9,650555995E1;1,011328857E3
9,660555995E1;1,011135925E3
9,670555995E1;1,011135925E3
9,680555995E1;1,011161804E3
9,690555995E1;1,011456421E3
9,700555995E1;1,011325317E3
9,710555995E1;1,011325317E3
9,720555995E1;1,010978821E3
9,730555995E1;1,011209290E3
9,740555995E1;1,011053650E3
9,750555995E1;1,011053650E3
9,760555995E1;1,011081177E3
9,770555995E1;1,011451294E3
9,780555995E1;1,011347351E3
9,790555995E1;1,011347351E3
9,800555995E1;1,011161865E3
9,810555995E1;1,011243042E3
9,820555995E1;1,010973999E3
9,830555995E1;1,010973999E3
9,840555995E1;1,011297485E3
9,850555995E1;1,011540405E3
9,860555995E1;1,011241516E3
9,870555995E1;1,011241516E3
9,880555995E1;1,011267334E3
9,890555995E1;1,011167358E3
9,900555995E1;1,010997925E3
9,910555995E1;1,010997925E3
9,920555995E1;1,011383667E3
9,930555995E1;1,011471680E3
9,940555995E1;1,011230896E3
9,950555995E1;1,011230896E3
9,960555995E1;1,011218994E3
9,970555995E1;1,011084961E3
9,980555995E1;1,010881836E3
9,990555995E1;1,010881836E3
1,000055599E2;1,011350464E3
1,001055599E2;1,011391846E3
1,002055599E2;1,011173828E3
1,003055599E2;1,010922180E3
1,004055599E2;1,011254028E3
1,005055599E2;1,011050964E3
1,006055599E2;1,010896790E3
1,007055599E2;1,010977051E3
1,008055599E2;1,011403015E3
1,009055599E2;1,011411865E3
1,010055599E2;1,011248535E3
1,011055599E2;1,011006653E3
1,012055599E2;1,011220886E3
1,013055599E2;1,011049316E3
1,014055599E2;1,010890137E3
1,015055599E2;1,010950684E3
1,016055599E2;1,011416138E3
1,017055599E2;1,011381042E3
1,018055599E2;1,011125610E3
1,019055599E2;1,010878235E3
1,020055599E2;1,011236877E3
1,021055599E2;1,010988647E3
1,022055599E2;1,010834290E3
1,023055599E2;1,010940308E3
1,024055599E2;1,011457031E3
1,025055599E2;1,011326904E3
1,026055599E2;1,011073853E3
1,027055599E2;1,010834595E3
1,028055599E2;1,011064087E3
1,029055599E2;1,010874756E3
1,030055599E2;1,010848450E3
1,031055599E2;1,010896912E3
1,032055599E2;1,011467041E3
1,033055599E2;1,011248474E3
1,034055599E2;1,011062988E3
1,035055599E2;1,010821594E3
1,036055599E2;1,011132751E3
1,037055599E2;1,010901794E3
1,038055599E2;1,010783691E3
1,039055599E2;1,010932983E3
1,040055599E2;1,011286011E3
1,041055599E2;1,011068359E3
1,042055599E2;1,010852112E3
1,043055599E2;1,010687195E3
1,044055599E2;1,011201782E3
1,045055599E2;1,010945557E3
1,046055599E2;1,010930786E3
1,047055599E2;1,011033936E3
1,048055599E2;1,011504761E3
1,049055599E2;1,011249695E3
1,050055599E2;1,011091553E3
1,051055599E2;1,010868896E3
1,052055599E2;1,011195312E3
1,053055599E2;1,010954834E3
1,054055599E2;1,010818665E3
1,055055599E2;1,010983643E3
1,056055599E2;1,011396179E3
1,057055599E2;1,011090942E3
1,058055599E2;1,010841919E3
1,059055599E2;1,010733459E3
1,060055599E2;1,011126343E3
1,061055599E2;1,010830994E3
1,062055599E2;1,010724365E3
1,063055599E2;1,010798584E3
1,064055599E2;1,011278015E3
1,065055599E2;1,011148315E3
1,066055599E2;1,011106445E3
1,067055599E2;1,010906616E3
1,068055599E2;1,011322144E3
1,069055599E2;1,011075806E3
1,070055599E2;1,010852539E3
1,071055599E2;1,011044067E3
1,072055599E2;1,011520508E3
1,073055599E2;1,011294189E3
1,074055599E2;1,011094604E3
1,075055599E2;1,010978882E3
1,076055599E2;1,011279358E3
1,077055599E2;1,010947632E3
1,078055599E2;1,010892334E3
1,079055599E2;1,010900269E3
1,080055599E2;1,011133850E3
1,081055599E2;1,011270203E3
1,082055599E2;1,011066895E3
1,083055599E2;1,010856689E3
1,084055599E2;1,011053406E3
1,085055599E2;1,010938477E3
1,086055599E2;1,010667847E3
1,087055599E2;1,010779175E3
1,088055599E2;1,011034668E3
1,089055599E2;1,011211487E3
1,090055599E2;1,010984131E3
1,091055599E2;1,010807129E3
1,092055599E2;1,010966736E3
1,093055599E2;1,010957520E3
1,094055599E2;1,010839905E3
1,095055599E2;1,010972107E3
1,096055599E2;1,011148804E3
1,097055599E2;1,011442505E3
1,098055599E2;1,011269531E3
1,099055599E2;1,011015015E3
1,100055599E2;1,011082275E3
1,101055599E2;1,011155640E3
1,102055599E2;1,011075439E3
1,103055599E2;1,011178955E3
1,104055599E2;1,011333130E3
1,105055599E2;1,011507202E3
1,106055599E2;1,011293030E3
1,107055599E2;1,011120117E3
1,108055599E2;1,011240723E3
1,109055599E2;1,011186768E3
1,110055599E2;1,011049438E3
1,111055599E2;1,011104980E3
1,112055599E2;1,011376587E3
1,113055599E2;1,011509277E3
1,114055599E2;1,011339600E3
1,115055599E2;1,011028809E3
1,116055599E2;1,011285522E3
1,117055599E2;1,011132446E3
1,118055599E2;1,010917664E3
1,119055599E2;1,011073120E3
1,120055599E2;1,011266846E3
1,121055599E2;1,011330811E3
1,122055599E2;1,011224426E3
1,123055599E2;1,010997803E3
1,124055599E2;1,011272156E3
1,125055599E2;1,011021790E3
1,126055599E2;1,010923096E3
1,127055599E2;1,011092896E3
1,128055599E2;1,011305298E3
1,129055599E2;1,011185547E3
1,130055599E2;1,010989502E3
1,131055599E2;1,010841431E3
1,132055599E2;1,011249634E3
1,133055599E2;1,010894287E3
1,134055599E2;1,010885803E3
1,135055599E2;1,011099731E3
1,136055599E2;1,011239136E3
1,137055599E2;1,011180420E3
1,138055599E2;1,010842041E3
1,139055599E2;1,010878174E3
1,140055599E2;1,011191528E3
1,141055599E2;1,010888855E3
1,142055599E2;1,010985779E3
1,143055599E2;1,011223633E3
1,144055599E2;1,011473511E3
1,145055599E2;1,011175415E3
1,146055599E2;1,010925415E3
1,147055599E2;1,011123352E3
1,148055599E2;1,011286865E3
1,149055599E2;1,010973206E3
1,150055599E2;1,011123047E3
1,151055599E2;1,011402832E3
1,152055599E2;1,011522217E3
1,153055599E2;1,011354858E3
1,154055599E2;1,011035400E3
1,155055599E2;1,011382690E3
1,156055599E2;1,011314941E3
1,157055599E2;1,011161865E3
1,158055599E2;1,011242920E3
1,159055599E2;1,011459045E3
1,160055599E2;1,011591553E3
1,161055599E2;1,011378784E3
1,162055599E2;1,011103943E3
1,163055599E2;1,011390381E3
1,164055599E2;1,011173462E3
1,165055599E2;1,010973389E3
1,166055599E2;1,011239380E3
1,167055599E2;1,011493591E3
1,168055599E2;1,011457886E3
1,169055599E2;1,011305420E3
1,170055599E2;1,011175232E3
1,171055599E2;1,011265503E3
1,172055599E2;1,011027893E3
1,173055599E2;1,010865234E3
1,174055599E2;1,011249146E3
1,175055599E2;1,011535278E3
1,176055599E2;1,011348511E3
1,177055599E2;1,011179382E3
1,178055599E2;1,011177246E3
1,179055599E2;1,011181030E3
1,180055599E2;1,010952759E3
1,181055599E2;1,010955627E3
1,182055599E2;1,011404907E3
1,183055599E2;1,011558228E3
1,184055599E2;1,011314453E3
1,185055599E2;1,011143433E3
1,186055599E2;1,011314697E3
1,187055599E2;1,011063477E3
1,188055599E2;1,010917358E3
1,189055599E2;1,010980469E3
1,190055599E2;1,011543640E3
1,191055599E2;1,011517578E3
1,192055599E2;1,011192810E3
1,193055599E2;1,011003296E3
1,194055599E2;1,011264160E3
1,195055599E2;1,010977600E3
1,196055599E2;1,010951416E3
1,197055599E2;1,011132385E3
1,198055599E2;1,011597351E3
1,199055599E2;1,011368286E3
1,200055599E2;1,011132446E3
1,201055599E2;1,010944702E3
1,202055599E2;1,010944702E3
1,203055599E2;1,010985352E3
1,204055599E2;1,010979492E3
1,205055599E2;1,011215576E3
1,206055599E2;1,011215576E3
1,207055599E2;1,011305542E3
1,208055599E2;1,011033813E3
1,209055599E2;1,011229004E3
1,210055599E2;1,011229004E3
1,211055599E2;1,010962158E3
1,212055599E2;1,011183960E3
1,213055599E2;1,011387512E3
1,214055599E2;1,011387512E3
1,215055599E2;1,011387512E3
1,216055599E2;1,011067139E3
1,217055599E2;1,011385864E3
1,218055599E2;1,011385864E3
1,219055599E2;1,011175537E3
1,220055599E2;1,011349670E3
1,221055599E2;1,011572754E3
1,222055599E2;1,011572754E3
1,223055599E2;1,011195190E3
1,224055599E2;1,011213379E3
1,225055599E2;1,011474487E3
1,226055599E2;1,011233582E3
1,227055599E2;1,011233582E3
1,228055599E2;1,011376343E3
1,229055599E2;1,011636292E3
1,230055599E2;1,011472168E3
1,231055599E2;1,011472168E3
1,232055599E2;1,011385986E3
1,233055599E2;1,011419434E3
1,234055599E2;1,011173950E3
1,235055599E2;1,011173950E3
1,236055599E2;1,011467041E3
1,237055599E2;1,011574829E3
1,238055599E2;1,011390747E3
1,239055599E2;1,011390747E3
1,240055599E2;1,011440552E3
1,241055599E2;1,011250000E3
1,242055599E2;1,011030640E3
1,243055599E2;1,011265625E3
1,244055599E2;1,011528931E3
1,245055599E2;1,011401733E3
1,246055599E2;1,011282593E3
1,247055599E2;1,011282593E3
1,248055599E2;1,011305237E3
1,249055599E2;1,011076050E3
1,250055599E2;1,011059753E3
1,251055599E2;1,011059753E3
1,252055599E2;1,011519287E3
1,253055599E2;1,011462341E3
1,254055599E2;1,011321594E3
1,255055599E2;1,011321594E3
1,256055599E2;1,011338562E3
1,257055599E2;1,011216064E3
1,258055599E2;1,011103088E3
1,259055599E2;1,011103088E3
1,260055599E2;1,011309937E3
1,261055599E2;1,011556152E3
1,262055599E2;1,011496399E3
1,263055599E2;1,011496399E3
1,264055599E2;1,011053955E3
1,265055599E2;1,011358398E3
1,266055599E2;1,011302856E3
1,267055599E2;1,011302856E3
1,268055599E2;1,011182800E3
1,269055599E2;1,011264771E3
1,270055599E2;1,011473389E3
1,271055599E2;1,011473389E3
1,272055599E2;1,011102783E3
1,273055599E2;1,010944824E3
1,274055599E2;1,011328613E3
1,275055599E2;1,011328613E3
1,276055599E2;1,011042053E3
1,277055599E2;1,011133057E3
1,278055599E2;1,011304199E3
1,279055599E2;1,011304199E3
1,280055599E2;1,011275818E3
1,281055599E2;1,011065918E3
1,282055599E2;1,010991516E3
1,283055599E2;1,010991516E3
1,284055599E2;1,011062988E3
1,285055599E2;1,011004639E3
1,286055599E2;1,011123718E3
1,287055599E2;1,011123718E3
1,288055599E2;1,011432556E3
1,289055599E2;1,011226807E3
1,290055599E2;1,011061157E3
1,291055599E2;1,011061157E3
1,292055599E2;1,011262695E3
1,293055599E2;1,010989319E3
1,294055599E2;1,011001709E3
1,295055599E2;1,011001709E3
1,296055599E2;1,011530762E3
1,297055599E2;1,011448425E3
1,298055599E2;1,011228271E3
1,299055599E2;1,011055786E3
1,300055599E2;1,011055786E3
1,301055599E2;1,011178589E3
1,302055599E2;1,010990234E3
1,303055599E2;1,010948120E3
1,304055599E2;1,010948120E3
1,305055599E2;1,011578491E3
1,306055599E2;1,011383179E3
1,307055599E2;1,011241211E3
1,308055599E2;1,011161865E3
1,309055599E2;1,011395752E3
1,310055599E2;1,011185547E3
1,311055599E2;1,011024780E3
1,312055599E2;1,011150757E3
1,313055599E2;1,011408936E3
1,314055599E2;1,011558716E3
1,315055599E2;1,011309204E3
1,316055599E2;1,011309204E3
1,317055599E2;1,011319214E3
1,318055599E2;1,011379150E3
1,319055599E2;1,011260986E3
1,320055599E2;1,011260986E3
1,321055599E2;1,011152161E3
1,322055599E2;1,011444702E3
1,323055599E2;1,011502319E3
1,324055599E2;1,011502319E3
1,325055599E2;1,010927490E3
1,326055599E2;1,011314270E3
1,327055599E2;1,011381470E3
1,328055599E2;1,011381470E3
1,329055599E2;1,011047485E3
1,330055599E2;1,011222900E3
1,331055599E2;1,011491455E3
1,332055599E2;1,011491455E3
1,333055599E2;1,011112549E3
1,334055599E2;1,011021606E3
1,335055599E2;1,011341553E3
1,336055599E2;1,011341553E3
1,337055599E2;1,010998779E3
1,338055599E2;1,011141846E3
1,339055599E2;1,011274536E3
1,340055599E2;1,011274536E3
1,341055599E2;1,011292053E3
1,342055599E2;1,011087769E3
1,343055599E2;1,011088135E3
1,344055599E2;1,011088135E3
1,345055599E2;1,011092163E3
1,346055599E2;1,010982178E3
1,347055599E2;1,011181274E3
1,348055599E2;1,011181274E3
1,349055599E2;1,011388550E3
1,350055599E2;1,011264832E3
1,351055599E2;1,011020264E3
1,352055599E2;1,011020264E3
1,353055599E2;1,011237671E3
1,354055599E2;1,010949280E3
1,355055599E2;1,011156067E3
1,356055599E2;1,011156067E3
1,357055599E2;1,011541626E3
1,358055599E2;1,011378052E3
1,359055599E2;1,011192993E3
1,360055599E2;1,011192993E3
1,361055599E2;1,011346680E3
1,362055599E2;1,011199463E3
1,363055599E2;1,011056030E3
1,364055599E2;1,011056030E3
1,365055599E2;1,011056030E3
1,366055599E2;1,011485291E3
1,367055599E2;1,011341919E3
1,368055599E2;1,011341919E3
1,369055599E2;1,011511230E3
1,370055599E2;1,011276978E3
1,371055599E2;1,011126465E3
1,372055599E2;1,011126465E3
1,373055599E2;1,011430481E3
1,374055599E2;1,011621704E3
1,375055599E2;1,011380737E3
1,376055599E2;1,011254639E3
1,377055599E2;1,011288452E3
1,378055599E2;1,011378235E3
1,379055599E2;1,011152466E3
1,380055599E2;1,010965576E3
1,381055599E2;1,010965576E3
1,382055599E2;1,011464355E3
1,383055599E2;1,011602234E3
1,384055599E2;1,011240967E3
1,385055599E2;1,011240967E3
1,386055599E2;1,011488647E3
1,387055599E2;1,011129639E3
1,388055599E2;1,011069946E3
1,389055599E2;1,011231812E3
1,390055599E2;1,011281677E3
1,391055599E2;1,011615967E3
1,392055599E2;1,011232666E3
1,393055599E2;1,011232666E3
1,394055599E2;1,011364502E3
1,395055599E2;1,011235474E3
1,396055599E2;1,011008179E3
1,397055599E2;1,011008179E3
1,398055599E2;1,011230347E3
1,399055599E2;1,011489136E3
1,400055599E2;1,011398560E3
1,401055599E2;1,010937256E3
1,402055599E2;1,011107300E3
1,403055599E2;1,011361755E3
1,404055599E2;1,011084961E3
1,405055599E2;1,011017700E3
1,406055599E2;1,011176575E3
1,407055599E2;1,011389404E3
1,408055599E2;1,011506104E3
1,409055599E2;1,011157104E3
1,410055599E2;1,010959167E3
1,411055599E2;1,011289062E3
1,412055599E2;1,011203430E3
1,413055599E2;1,011006592E3
1,414055599E2;1,011158936E3
1,415055599E2;1,011345215E3
1,416055599E2;1,011513794E3
1,417055599E2;1,011263000E3
1,418055599E2;1,010980957E3
1,419055599E2;1,011179199E3
1,420055599E2;1,011330627E3
1,421055599E2;1,010974976E3
1,422055599E2;1,011027466E3
1,423055599E2;1,011209229E3
1,424055599E2;1,011494690E3
1,425055599E2;1,011230042E3
1,426055599E2;1,011048706E3
1,427055599E2;1,011085999E3
1,428055599E2;1,011282532E3
1,429055599E2;1,011143372E3
1,430055599E2;1,010998535E3
1,431055599E2;1,011216858E3
1,432055599E2;1,011394043E3
1,433055599E2;1,011396851E3
1,434055599E2;1,011296631E3
1,435055599E2;1,010950317E3
1,436055599E2;1,011273193E3
1,437055599E2;1,011165039E3
1,438055599E2;1,011010132E3
1,439055599E2;1,010972412E3
1,440055599E2;1,011144409E3
1,441055599E2;1,011425537E3
1,442055599E2;1,011298340E3
1,443055599E2;1,011043701E3
1,444055599E2;1,010962280E3
1,445055599E2;1,011211609E3
1,446055599E2;1,011039795E3
1,447055599E2;1,010970459E3
1,448055599E2;1,011108276E3
1,449055599E2;1,011340820E3
1,450055599E2;1,011319214E3
1,451055599E2;1,011187683E3
1,452055599E2;1,010950256E3
1,453055599E2;1,011182800E3
1,454055599E2;1,011093994E3
1,455055599E2;1,010922852E3
1,456055599E2;1,011061218E3
1,457055599E2;1,011175903E3
1,458055599E2;1,011484863E3
1,459055599E2;1,011230896E3
1,460055599E2;1,011066406E3
1,461055599E2;1,010873352E3
1,462055599E2;1,011215942E3
1,463055599E2;1,011004150E3
1,464055599E2;1,010921326E3
1,465055599E2;1,011094421E3
1,466055599E2;1,011512695E3
1,467055599E2;1,011344055E3
1,468055599E2;1,011223877E3
1,469055599E2;1,010899048E3
1,470055599E2;1,011301147E3
1,471055599E2;1,011104736E3
1,472055599E2;1,010927551E3
1,473055599E2;1,010989868E3
1,474055599E2;1,011399902E3
1,475055599E2;1,011487305E3
1,476055599E2;1,011303345E3
1,477055599E2;1,011179199E3
1,478055599E2;1,011252319E3
1,479055599E2;1,011208618E3
1,480055599E2;1,011081909E3
1,481055599E2;1,010840088E3
1,482055599E2;1,011326538E3
1,483055599E2;1,011530762E3
1,484055599E2;1,011418457E3
1,485055599E2;1,011317749E3
1,486055599E2;1,011060486E3
1,487055599E2;1,011327759E3
1,488055599E2;1,011135742E3
1,489055599E2;1,011026733E3
1,490055599E2;1,011094421E3
1,491055599E2;1,011295166E3
1,492055599E2;1,011578430E3
1,493055599E2;1,011388062E3
1,494055599E2;1,010995972E3
1,495055599E2;1,011187256E3
1,496055599E2;1,011302124E3
1,497055599E2;1,011061523E3
1,498055599E2;1,011212769E3
1,499055599E2;1,011293213E3
1,500055599E2;1,011558960E3
1,501055599E2;1,011428162E3
1,502055599E2;1,011009399E3
1,503055599E2;1,011020386E3
1,504055599E2;1,011373779E3
1,505055599E2;1,011217102E3
1,506055599E2;1,011039490E3
1,507055599E2;1,011176270E3
1,508055599E2;1,011348389E3
1,509055599E2;1,011599121E3
1,510055599E2;1,011315796E3
1,511055599E2;1,011023499E3
1,512055599E2;1,011204590E3
1,513055599E2;1,011303101E3
1,514055599E2;1,010973267E3
1,515055599E2;1,011092041E3
1,516055599E2;1,011209106E3
1,517055599E2;1,011490234E3
1,518055599E2;1,011279541E3
1,519055599E2;1,011136597E3
1,520055599E2;1,010931152E3
1,521055599E2;1,011330444E3
1,522055599E2;1,011133606E3
1,523055599E2;1,011036011E3
1,524055599E2;1,011136353E3
1,525055599E2;1,011350403E3
1,526055599E2;1,011575378E3
1,527055599E2;1,011260498E3
1,528055599E2;1,011128296E3
1,529055599E2;1,011136353E3
1,530055599E2;1,011380066E3
1,531055599E2;1,011089600E3
1,532055599E2;1,011039551E3
1,533055599E2;1,011192871E3
1,534055599E2;1,011402222E3
1,535055599E2;1,011479797E3
1,536055599E2;1,011245483E3
1,537055599E2;1,010945801E3
1,538055599E2;1,011077637E3
1,539055599E2;1,011127930E3
1,540055599E2;1,011027222E3
1,541055599E2;1,011119507E3
1,542055599E2;1,011183167E3
1,543055599E2;1,011491455E3
1,544055599E2;1,011333984E3
1,545055599E2;1,011215820E3
1,546055599E2;1,010905884E3
1,547055599E2;1,011310303E3
1,548055599E2;1,011080383E3
1,549055599E2;1,010961670E3
1,550055599E2;1,011034668E3
1,551055599E2;1,011472717E3
1,552055599E2;1,011452148E3
1,553055599E2;1,011330811E3
1,554055599E2;1,011220520E3
1,555055599E2;1,011346802E3
1,556055599E2;1,011223267E3
1,557055599E2;1,011038147E3
1,558055599E2;1,010969238E3
1,559055599E2;1,011428040E3
1,560055599E2;1,011478271E3
1,561055599E2;1,011327026E3
1,562055599E2;1,010969360E3
1,563055599E2;1,011292358E3
1,564055599E2;1,011047974E3
1,565055599E2;1,010924683E3
1,566055599E2;1,011036865E3
1,567055599E2;1,011526550E3
1,568055599E2;1,011334473E3
1,569055599E2;1,010959290E3
1,570055599E2;1,011000732E3
1,571055599E2;1,010943481E3
1,572055599E2;1,010835144E3
1,573055599E2;1,011071533E3
1,574055599E2;1,011231567E3
1,575055599E2;1,011354492E3
1,576055599E2;1,011257690E3
1,577055599E2;1,010957947E3
1,578055599E2;1,011342041E3
1,579055599E2;1,011058838E3
1,580055599E2;1,011063843E3
1,581055599E2;1,011183105E3
1,582055599E2;1,011412476E3
1,583055599E2;1,011167358E3
1,584055599E2;1,010964355E3
1,585055599E2;1,011079163E3
1,586055599E2;1,011260254E3
1,587055599E2;1,010828369E3
1,588055599E2;1,010930664E3
1,589055599E2;1,011231934E3
1,590055599E2;1,011476685E3
1,591055599E2;1,011109436E3
1,592055599E2;1,010935669E3
1,593055599E2;1,011282715E3
1,594055599E2;1,011122437E3
1,595055599E2;1,010976990E3
1,596055599E2;1,011204224E3
1,597055599E2;1,011512695E3
1,598055599E2;1,011496704E3
1,599055599E2;1,011020996E3
1,600055599E2;1,011103027E3
1,601055599E2;1,011353638E3
1,602055599E2;1,011137207E3
1,603055599E2;1,010952881E3
1,604055599E2;1,011298584E3
1,605055599E2;1,011620544E3
1,606055599E2;1,011340393E3
1,607055599E2;1,011265259E3
1,608055599E2;1,011234741E3
1,609055599E2;1,011176086E3
1,610055599E2;1,010967896E3
1,611055599E2;1,011004028E3
1,612055599E2;1,011437317E3
1,613055599E2;1,011484375E3
1,614055599E2;1,011271118E3
1,615055599E2;1,011111328E3
1,616055599E2;1,011332642E3
1,617055599E2;1,011054199E3
1,618055599E2;1,010919556E3
1,619055599E2;1,011033813E3
1,620055599E2;1,011504761E3
1,621055599E2;1,011346741E3
1,622055599E2;1,011230408E3
1,623055599E2;1,010986816E3
1,624055599E2;1,011145081E3
1,625055599E2;1,010917175E3
1,626055599E2;1,010929688E3
1,627055599E2;1,011112610E3
1,628055599E2;1,011418884E3
1,629055599E2;1,011151184E3
1,630055599E2;1,010994629E3
1,631055599E2;1,010859497E3
1,632055599E2;1,011013916E3
1,633055599E2;1,010834106E3
1,634055599E2;1,010941040E3
1,635055599E2;1,011096069E3
1,636055599E2;1,011326294E3
1,637055599E2;1,011133301E3
1,638055599E2;1,011018799E3
1,639055599E2;1,010961548E3
1,640055599E2;1,010871643E3
1,641055599E2;1,010827637E3
1,642055599E2;1,010823669E3
1,643055599E2;1,011060425E3
1,644055599E2;1,011290222E3
1,645055599E2;1,011093384E3
1,646055599E2;1,010881470E3
1,647055599E2;1,011105591E3
1,648055599E2;1,010916321E3
1,649055599E2;1,010804626E3
1,650055599E2;1,010902283E3
1,651055599E2;1,011087097E3
1,652055599E2;1,011236450E3
1,653055599E2;1,010989014E3
1,654055599E2;1,010786011E3
1,655055599E2;1,011024658E3
1,656055599E2;1,010932129E3
1,657055599E2;1,010830200E3
1,658055599E2;1,010866455E3
1,659055599E2;1,010988159E3
1,660055599E2;1,011324951E3
1,661055599E2;1,011099182E3
1,662055599E2;1,010800415E3
1,663055599E2;1,010923218E3
1,664055599E2;1,011035156E3
1,665055599E2;1,010873779E3
1,666055599E2;1,010908325E3
1,667055599E2;1,011000732E3
1,668055599E2;1,011309326E3
1,669055599E2;1,011053894E3
1,670055599E2;1,010887695E3
1,671055599E2;1,010778870E3
1,672055599E2;1,011070374E3
1,673055599E2;1,010887451E3
1,674055599E2;1,010916260E3
1,675055599E2;1,011017334E3
1,676055599E2;1,011294189E3
1,677055599E2;1,011199585E3
1,678055599E2;1,010982849E3
1,679055599E2;1,010858032E3
1,680055599E2;1,011332397E3
1,681055599E2;1,010920349E3
1,682055599E2;1,010941650E3
1,683055599E2;1,011068726E3
1,684055599E2;1,011251465E3
1,685055599E2;1,011228027E3
1,686055599E2;1,011111755E3
1,687055599E2;1,010879761E3
1,688055599E2;1,011198608E3
1,689055599E2;1,010990845E3
1,690055599E2;1,010937866E3
1,691055599E2;1,011026489E3
1,692055599E2;1,011149353E3
1,693055599E2;1,011325317E3
1,694055599E2;1,011129517E3
1,695055599E2;1,011004150E3
1,696055599E2;1,011009766E3
1,697055599E2;1,011003540E3
1,698055599E2;1,010865601E3
1,699055599E2;1,010867615E3
1,700055599E2;1,011023926E3
1,701055599E2;1,011495667E3
1,702055599E2;1,011227051E3
1,703055599E2;1,011122559E3
1,704055599E2;1,010914917E3
1,705055599E2;1,011050537E3
1,706055599E2;1,011023926E3
1,707055599E2;1,010905334E3
1,708055599E2;1,010939941E3
1,709055599E2;1,011280884E3
1,710055599E2;1,011390259E3
1,711055599E2;1,011290405E3
1,712055599E2;1,011058350E3
1,713055599E2;1,010941162E3
1,714055599E2;1,011038452E3
1,715055599E2;1,010786499E3
1,716055599E2;1,010857178E3
1,717055599E2;1,010921570E3
1,718055599E2;1,011121033E3
1,719055599E2;1,011388916E3
1,720055599E2;1,011280640E3
1,721055599E2;1,010971985E3
1,722055599E2;1,011092529E3
1,723055599E2;1,011420898E3
1,724055599E2;1,011115112E3
1,725055599E2;1,011048523E3
1,726055599E2;1,011093018E3
1,727055599E2;1,011244263E3
1,728055599E2;1,011462524E3
1,729055599E2;1,011168457E3
1,730055599E2;1,011021484E3
1,731055599E2;1,010902466E3
1,732055599E2;1,011349243E3
1,733055599E2;1,010890381E3
1,734055599E2;1,011059937E3
1,735055599E2;1,011158386E3
1,736055599E2;1,011234375E3
1,737055599E2;1,011379089E3
1,738055599E2;1,011128662E3
1,739055599E2;1,011015076E3
1,740055599E2;1,011114380E3
1,741055599E2;1,011144043E3
1,742055599E2;1,011035889E3
1,743055599E2;1,011055786E3
1,744055599E2;1,011052002E3
1,745055599E2;1,011440857E3
1,746055599E2;1,011330750E3
1,747055599E2;1,011212952E3
1,748055599E2;1,010923462E3
1,749055599E2;1,011349243E3
1,750055599E2;1,011136292E3
1,751055599E2;1,011020874E3
1,752055599E2;1,010978638E3
1,753055599E2;1,011110229E3
1,754055599E2;1,011308716E3
1,755055599E2;1,011331421E3
1,756055599E2;1,011144775E3
1,757055599E2;1,010970093E3
1,758055599E2;1,011257446E3
1,759055599E2;1,011202332E3
1,760055599E2;1,010916138E3
1,761055599E2;1,010961975E3
1,762055599E2;1,011141968E3
1,763055599E2;1,011138733E3
1,764055599E2;1,011151794E3
1,765055599E2;1,011163635E3
1,766055599E2;1,011101807E3
1,767055599E2;1,011121155E3
1,768055599E2;1,011119873E3
1,769055599E2;1,011094421E3
1,770055599E2;1,011260132E3
1,771055599E2;1,011402710E3
1,772055599E2;1,011135376E3
1,773055599E2;1,010989868E3
1,774055599E2;1,011153625E3
1,775055599E2;1,011055908E3
1,776055599E2;1,011061523E3
1,777055599E2;1,010989868E3
1,778055599E2;1,011092834E3
1,779055599E2;1,011401001E3
1,780055599E2;1,011173950E3
1,781055599E2;1,010968018E3
1,782055599E2;1,011242981E3
1,783055599E2;1,011015381E3
1,784055599E2;1,010887329E3
1,785055599E2;1,010942810E3
1,786055599E2;1,011313782E3
1,787055599E2;1,011295959E3
1,788055599E2;1,011082642E3
1,789055599E2;1,010875488E3
1,790055599E2;1,011233154E3
1,791055599E2;1,010924316E3
1,792055599E2;1,010885193E3
1,793055599E2;1,010906311E3
1,794055599E2;1,011306885E3
1,795055599E2;1,011251831E3
1,796055599E2;1,010948608E3
1,797055599E2;1,010795654E3
1,798055599E2;1,011059937E3
1,799055599E2;1,010775391E3
1,800055599E2;1,010973877E3
1,801055599E2;1,011131836E3
1,802055599E2;1,011131836E3
1,803055599E2;1,010939514E3
1,804055599E2;1,010880249E3
1,805055599E2;1,011008545E3
1,806055599E2;1,011008545E3
1,807055599E2;1,010970825E3
1,808055599E2;1,010842651E3
1,809055599E2;1,011143433E3
1,810055599E2;1,011143433E3
1,811055599E2;1,011064209E3
1,812055599E2;1,011103394E3
1,813055599E2;1,010923950E3
1,814055599E2;1,010923950E3
1,815055599E2;1,011088745E3
1,816055599E2;1,010831299E3
1,817055599E2;1,010849487E3
1,818055599E2;1,010849487E3
1,819055599E2;1,011390381E3
1,820055599E2;1,011235352E3
1,821055599E2;1,011113525E3
1,822055599E2;1,011113525E3
1,823055599E2;1,011132080E3
1,824055599E2;1,011104614E3
1,825055599E2;1,010833618E3
1,826055599E2;1,010833618E3
1,827055599E2;1,011117493E3
1,828055599E2;1,011328979E3
1,829055599E2;1,011318115E3
1,830055599E2;1,011167847E3
1,831055599E2;1,010811035E3
1,832055599E2;1,011030579E3
1,833055599E2;1,011128906E3
1,834055599E2;1,011007141E3
1,835055599E2;1,010885498E3
1,836055599E2;1,011025879E3
1,837055599E2;1,011104614E3
1,838055599E2;1,011262817E3
1,839055599E2;1,011262817E3
1,840055599E2;1,011125610E3
1,841055599E2;1,010885681E3
1,842055599E2;1,010921021E3
1,843055599E2;1,010921021E3
1,844055599E2;1,010982300E3
1,845055599E2;1,010918457E3
1,846055599E2;1,011057983E3
1,847055599E2;1,011057983E3
1,848055599E2;1,011286011E3
1,849055599E2;1,011210022E3
1,850055599E2;1,011041504E3
1,851055599E2;1,011041504E3
1,852055599E2;1,011316284E3
1,853055599E2;1,010920044E3
1,854055599E2;1,010840820E3
1,855055599E2;1,010840820E3
1,856055599E2;1,011061890E3
1,857055599E2;1,011296570E3
1,858055599E2;1,011241211E3
1,859055599E2;1,011241211E3
1,860055599E2;1,010841309E3
1,861055599E2;1,011099487E3
1,862055599E2;1,011102173E3
1,863055599E2;1,011102173E3
1,864055599E2;1,011040222E3
1,865055599E2;1,011138367E3
1,866055599E2;1,011214355E3
1,867055599E2;1,011214355E3
1,868055599E2;1,011021667E3
1,869055599E2;1,010847290E3
1,870055599E2;1,010982239E3
1,871055599E2;1,010982239E3
1,872055599E2;1,010754395E3
1,873055599E2;1,011027710E3
1,874055599E2;1,011170898E3
1,875055599E2;1,011170898E3
1,876055599E2;1,011226807E3
1,877055599E2;1,010955200E3
1,878055599E2;1,010885742E3
1,879055599E2;1,010885742E3
1,880055599E2;1,011011353E3
1,881055599E2;1,010819824E3
1,882055599E2;1,010946594E3
1,883055599E2;1,010946594E3
1,884055599E2;1,011262329E3
1,885055599E2;1,011172241E3
1,886055599E2;1,011063416E3
1,887055599E2;1,011063416E3
1,888055599E2;1,011149353E3
1,889055599E2;1,011069214E3
1,890055599E2;1,011036987E3
1,891055599E2;1,011036987E3
1,892055599E2;1,011261963E3
1,893055599E2;1,011330505E3
1,894055599E2;1,011270752E3
1,895055599E2;1,011270752E3
1,896055599E2;1,010862671E3
1,897055599E2;1,011099731E3
1,898055599E2;1,011161926E3
1,899055599E2;1,011161926E3
1,900055599E2;1,010975586E3
1,901055599E2;1,011128967E3
1,902055599E2;1,011112000E3
1,903055599E2;1,011489685E3
1,904055599E2;1,011072021E3
1,905055599E2;1,011023315E3
1,906055599E2;1,011027283E3
1,907055599E2;1,010940063E3
1,908055599E2;1,010940063E3
1,909055599E2;1,010906250E3
1,910055599E2;1,011059021E3
1,911055599E2;1,011140015E3
1,912055599E2;1,011417297E3
1,913055599E2;1,011149780E3
1,914055599E2;1,011289368E3
1,915055599E2;1,010954468E3
1,916055599E2;1,010954468E3
1,917055599E2;1,011115112E3
1,918055599E2;1,010949219E3
1,919055599E2;1,010972290E3
1,920055599E2;1,010972290E3
1,921055599E2;1,011399170E3
1,922055599E2;1,011224976E3
1,923055599E2;1,011522827E3
1,924055599E2;1,011522827E3
1,925055599E2;1,011024353E3
1,926055599E2;1,011024414E3
1,927055599E2;1,011093384E3
1,928055599E2;1,011093384E3
1,929055599E2;1,010969238E3
1,930055599E2;1,011053223E3
1,931055599E2;1,011207031E3
1,932055599E2;1,011207031E3
1,933055599E2;1,011310364E3
1,934055599E2;1,011244995E3
1,935055599E2;1,010788452E3
1,936055599E2;1,010788452E3
1,937055599E2;1,011133057E3
1,938055599E2;1,010854980E3
1,939055599E2;1,010992493E3
1,940055599E2;1,010992493E3
1,941055599E2;1,011419922E3
1,942055599E2;1,011203125E3
1,943055599E2;1,011124634E3
1,944055599E2;1,011124634E3
1,945055599E2;1,011241394E3
1,946055599E2;1,011052612E3
1,947055599E2;1,011098145E3
1,948055599E2;1,011098145E3
1,949055599E2;1,011232788E3
1,950055599E2;1,011442383E3
1,951055599E2;1,011389160E3
1,952055599E2;1,011389160E3
1,953055599E2;1,010905762E3
1,954055599E2;1,011148071E3
1,955055599E2;1,011176270E3
1,956055599E2;1,011176270E3
1,957055599E2;1,011036011E3
1,958055599E2;1,011186401E3
1,959055599E2;1,011319214E3
1,960055599E2;1,011319214E3
1,961055599E2;1,011205750E3
1,962055599E2;1,011026733E3
1,963055599E2;1,010882324E3
1,964055599E2;1,010882324E3
1,965055599E2;1,011161377E3
1,966055599E2;1,011130310E3
1,967055599E2;1,011024536E3
1,968055599E2;1,011024536E3
1,969055599E2;1,011024536E3
1,970055599E2;1,011470398E3
1,971055599E2;1,011390625E3
1,972055599E2;1,011390625E3
1,973055599E2;1,011016724E3
1,974055599E2;1,011043823E3
1,975055599E2;1,011125610E3
1,976055599E2;1,011103699E3
1,977055599E2;1,011202881E3
1,978055599E2;1,011127197E3
1,979055599E2;1,011298279E3
1,980055599E2;1,011508545E3
1,981055599E2;1,011344666E3
1,982055599E2;1,011096069E3
1,983055599E2;1,011033020E3
1,984055599E2;1,011131958E3
1,985055599E2;1,011191406E3
1,986055599E2;1,011125244E3
1,987055599E2;1,011244263E3
1,988055599E2;1,011206177E3
1,989055599E2;1,011206177E3
1,990055599E2;1,011409302E3
1,991055599E2;1,011250122E3
1,992055599E2;1,011191162E3
1,993055599E2;1,011191162E3
1,993055599E2;1,010788391E3
1,995055599E2;1,011367798E3
1,996055599E2;1,011036133E3
1,997055599E2;1,011036133E3
1,998055599E2;1,011205322E3
1,999055599E2;1,011341736E3
2,000055599E2;1,011359375E3
2,001055599E2;1,011359375E3
2,002055599E2;1,010804932E3
2,003055599E2;1,011246216E3
2,004055599E2;1,011581909E3
2,005055599E2;1,011581909E3
2,006055599E2;1,010979370E3
2,007055599E2;1,011186523E3
2,008055599E2;1,011225830E3
2,009055599E2;1,011225830E3
2,010055599E2;1,011158325E3
2,011055599E2;1,010862305E3
2,012055599E2;1,011366821E3
2,013055599E2;1,011366821E3
2,014055599E2;1,010887329E3
2,015055599E2;1,010976074E3
2,016055599E2;1,011286865E3
2,017055599E2;1,011286865E3
2,018055599E2;1,011150024E3
2,019055599E2;1,010859558E3
2,020055599E2;1,010871948E3
2,021055599E2;1,010871948E3
2,022055599E2;1,011022461E3
2,023055599E2;1,011083984E3
2,024055599E2;1,011161865E3
2,025055599E2;1,011161865E3
2,026055599E2;1,011161865E3
2,027055599E2;1,010750366E3
2,028055599E2;1,010971069E3
2,029055599E2;1,010971069E3
2,030055599E2;1,010895874E3
2,031055599E2;1,010972900E3
2,032055599E2;1,011172363E3
2,033055599E2;1,011172363E3
2,034055599E2;1,011274719E3
2,035055599E2;1,010902100E3
2,036055599E2;1,010836304E3
2,037055599E2;1,010836304E3
2,038055599E2;1,010836304E3
2,039055599E2;1,011014221E3
2,040055599E2;1,011217163E3
2,041055599E2;1,011217163E3
2,042055599E2;1,011365112E3
2,043055599E2;1,011215637E3
2,044055599E2;1,010985718E3
2,045055599E2;1,010985718E3
2,046055599E2;1,010985718E3
2,047055599E2;1,010973877E3
2,048055599E2;1,011330505E3
2,049055599E2;1,011330505E3
2,050055599E2;1,011209412E3
2,051055599E2;1,011346985E3
2,052055599E2;1,011031128E3
2,053055599E2;1,011177185E3
2,054055599E2;1,010934753E3
2,055055599E2;1,011049683E3
2,056055599E2;1,011160095E3
2,057055599E2;1,011260864E3
2,058055599E2;1,011260864E3
2,059055599E2;1,011179810E3
2,060055599E2;1,010815430E3
2,061055599E2;1,011302185E3
2,062055599E2;1,011213684E3
2,063055599E2;1,011085754E3
2,064055599E2;1,011065491E3
2,065055599E2;1,011262817E3
2,066055599E2;1,011262817E3
2,067055599E2;1,011282349E3
2,068055599E2;1,011112549E3
2,069055599E2;1,010998901E3
2,070055599E2;1,011278625E3
2,071055599E2;1,011039795E3
2,072055599E2;1,011031982E3
2,073055599E2;1,011170044E3
2,074055599E2;1,011170044E3
2,075055599E2;1,011366211E3
2,076055599E2;1,011254272E3
2,077055599E2;1,010942200E3
2,078055599E2;1,010942200E3
2,079055599E2;1,011036743E3
2,080055599E2;1,011004150E3
2,081055599E2;1,011191650E3
2,082055599E2;1,011191650E3
2,083055599E2;1,011631104E3
2,084055599E2;1,011200989E3
2,085055599E2;1,010928711E3
2,086055599E2;1,010928711E3
2,087055599E2;1,011229370E3
2,088055599E2;1,011061218E3
2,089055599E2;1,011232117E3
2,090055599E2;1,011232117E3
2,091055599E2;1,011559814E3
2,092055599E2;1,011430176E3
2,093055599E2;1,011106812E3
2,094055599E2;1,011106812E3
2,095055599E2;1,011263916E3
2,096055599E2;1,011181519E3
2,097055599E2;1,010892700E3
2,098055599E2;1,010892700E3
2,099055599E2;1,011541321E3
2,100055599E2;1,011605469E3
2,101055599E2;1,011272583E3
2,102055599E2;1,011272583E3
2,103055599E2;1,011340454E3
2,104055599E2;1,011200195E3
2,105055599E2;1,011079956E3
2,106055599E2;1,011079956E3
2,107055599E2;1,011320190E3
2,108055599E2;1,011446838E3
2,109055599E2;1,011708496E3
2,110055599E2;1,011708496E3
2,111055599E2;1,011292114E3
2,112055599E2;1,011363525E3
2,113055599E2;1,011309814E3
2,114055599E2;1,011309814E3
2,115055599E2;1,011137268E3
2,116055599E2;1,011289062E3
2,117055599E2;1,011638184E3
2,118055599E2;1,011638184E3
2,119055599E2;1,011316406E3
2,120055599E2;1,011194031E3
2,121055599E2;1,011398621E3
2,122055599E2;1,011398621E3
2,123055599E2;1,011398621E3
2,124055599E2;1,011265015E3
2,125055599E2;1,011559082E3
2,126055599E2;1,011559082E3
2,127055599E2;1,011213745E3
2,128055599E2;1,011187927E3
2,129055599E2;1,011155029E3
2,130055599E2;1,011207703E3
2,131055599E2;1,011207703E3
2,132055599E2;1,010883057E3
2,133055599E2;1,011105957E3
2,134055599E2;1,011227356E3
2,135055599E2;1,011364868E3
2,136055599E2;1,011153503E3
2,137055599E2;1,011099854E3
2,138055599E2;1,011085327E3
2,139055599E2;1,011085327E3
2,140055599E2;1,011092041E3
2,141055599E2;1,010996948E3
2,142055599E2;1,011177979E3
2,143055599E2;1,011177979E3
2,144055599E2;1,011444946E3
2,145055599E2;1,011369263E3
2,146055599E2;1,011150635E3
2,147055599E2;1,011150635E3
2,148055599E2;1,011161133E3
2,149055599E2;1,011196228E3
2,150055599E2;1,010931274E3
2,151055599E2;1,010931274E3
2,152055599E2;1,011492920E3
2,153055599E2;1,011541443E3
2,154055599E2;1,011333252E3
2,155055599E2;1,011333252E3
2,156055599E2;1,011435913E3
2,157055599E2;1,011342529E3
2,158055599E2;1,011157715E3
2,159055599E2;1,011157715E3
2,160055599E2;1,011236450E3
2,161055599E2;1,011329834E3
2,162055599E2;1,011433960E3
2,163055599E2;1,011433960E3
2,164055599E2;1,011148682E3
2,165055599E2;1,011033447E3
2,166055599E2;1,011360474E3
2,167055599E2;1,011360474E3
2,168055599E2;1,011077881E3
2,169055599E2;1,011175598E3
2,170055599E2;1,011268677E3
2,171055599E2;1,011268677E3
2,172055599E2;1,011367676E3
2,173055599E2;1,011220459E3
2,174055599E2;1,011017212E3
2,175055599E2;1,011017212E3
2,176055599E2;1,011141418E3
2,177055599E2;1,011013184E3
2,178055599E2;1,011047119E3
2,179055599E2;1,011047119E3
2,180055599E2;1,011400024E3
2,181055599E2;1,011428345E3
2,182055599E2;1,011168213E3
2,183055599E2;1,011168213E3
2,184055599E2;1,011497925E3
2,185055599E2;1,010939880E3
2,186055599E2;1,011274414E3
2,187055599E2;1,011274414E3
2,188055599E2;1,011226685E3
2,189055599E2;1,011658386E3
2,190055599E2;1,011284302E3
2,191055599E2;1,011284302E3
2,192055599E2;1,011009277E3
2,193055599E2;1,011249023E3
2,194055599E2;1,011144043E3
2,195055599E2;1,011144043E3
2,196055599E2;1,011002808E3
2,197055599E2;1,011146851E3
2,198055599E2;1,011304688E3
2,199055599E2;1,011304688E3
2,200055599E2;1,011230713E3
2,201055599E2;1,011056885E3
2,202055599E2;1,011243042E3
2,203055599E2;1,011099609E3
2,204055599E2;1,010991089E3
2,205055599E2;1,011092529E3
2,206055599E2;1,011249756E3
2,207055599E2;1,011454102E3
2,208055599E2;1,011248535E3
2,209055599E2;1,010948975E3
2,210055599E2;1,011264526E3
2,211055599E2;1,011247009E3
2,212055599E2;1,011194336E3
2,213055599E2;1,010937744E3
2,214055599E2;1,011155884E3
2,215055599E2;1,011415894E3
2,216055599E2;1,011272095E3
2,217055599E2;1,010787231E3
2,218055599E2;1,011165405E3
2,219055599E2;1,011302612E3
2,220055599E2;1,011006592E3
2,221055599E2;1,011051147E3
2,222055599E2;1,011116089E3
2,223055599E2;1,011405518E3
2,224055599E2;1,011189697E3
2,225055599E2;1,010922607E3
2,226055599E2;1,011067383E3
2,227055599E2;1,011393005E3
2,228055599E2;1,010889648E3
2,229055599E2;1,010998779E3
2,230055599E2;1,011137390E3
2,231055599E2;1,011415527E3
2,232055599E2;1,011372192E3
2,233055599E2;1,011075989E3
2,234055599E2;1,010887939E3
2,235055599E2;1,011314941E3
2,236055599E2;1,010970581E3
2,237055599E2;1,010955261E3
2,238055599E2;1,011089661E3
2,239055599E2;1,011270935E3
2,240055599E2;1,011378662E3
2,241055599E2;1,011129944E3
2,242055599E2;1,010876038E3
2,243055599E2;1,011280640E3
2,244055599E2;1,011080444E3
2,245055599E2;1,010884338E3
2,246055599E2;1,011029785E3
2,247055599E2;1,011160767E3
2,248055599E2;1,011376831E3
2,249055599E2;1,011243652E3
2,250055599E2;1,010941284E3
2,251055599E2;1,011114746E3
2,252055599E2;1,011080811E3
2,253055599E2;1,010953552E3
2,254055599E2;1,010981018E3
2,255055599E2;1,011186401E3
2,256055599E2;1,011522339E3
2,257055599E2;1,011299011E3
2,258055599E2;1,010977051E3
2,259055599E2;1,010987122E3
2,260055599E2;1,011093445E3
2,261055599E2;1,010936218E3
2,262055599E2;1,010980835E3
2,263055599E2;1,010994873E3
2,264055599E2;1,011569580E3
2,265055599E2;1,011307617E3
2,266055599E2;1,011057617E3
2,267055599E2;1,010917847E3
2,268055599E2;1,011108215E3
2,269055599E2;1,010970581E3
2,270055599E2;1,010838867E3
2,271055599E2;1,011031982E3
2,272055599E2;1,011307556E3
2,273055599E2;1,011468750E3
2,274055599E2;1,010992065E3
2,275055599E2;1,010948181E3
2,276055599E2;1,011207458E3
2,277055599E2;1,011008057E3
2,278055599E2;1,010824219E3
2,279055599E2;1,010877258E3
2,280055599E2;1,011025696E3
2,281055599E2;1,011296814E3
2,282055599E2;1,011251587E3
2,283055599E2;1,011025513E3
2,284055599E2;1,010877502E3
2,285055599E2;1,011086426E3
2,286055599E2;1,010906189E3
2,287055599E2;1,010891479E3
2,288055599E2;1,010880310E3
2,289055599E2;1,011312134E3
2,290055599E2;1,011480286E3
2,291055599E2;1,011100647E3
2,292055599E2;1,010927551E3
2,293055599E2;1,011256470E3
2,294055599E2;1,010990356E3
2,295055599E2;1,010903198E3
2,296055599E2;1,010964355E3
2,297055599E2;1,011385742E3
2,298055599E2;1,011515259E3
2,299055599E2;1,011235107E3
2,300055599E2;1,011203308E3
2,301055599E2;1,011215759E3
2,302055599E2;1,011153931E3
2,303055599E2;1,010984863E3
2,304055599E2;1,011018677E3
2,305055599E2;1,011025513E3
2,306055599E2;1,011420166E3
2,307055599E2;1,011515137E3
2,308055599E2;1,011186707E3
2,309055599E2;1,010807373E3
2,310055599E2;1,011305664E3
2,311055599E2;1,011113770E3
2,312055599E2;1,011056519E3
2,313055599E2;1,011057495E3
2,314055599E2;1,011013062E3
2,315055599E2;1,011574585E3
2,316055599E2;1,011205322E3
2,317055599E2;1,010818726E3
2,318055599E2;1,011029053E3
2,319055599E2;1,011239624E3
2,320055599E2;1,011043213E3
2,321055599E2;1,011085144E3
2,322055599E2;1,011096375E3
2,323055599E2;1,011445068E3
2,324055599E2;1,011423828E3
2,325055599E2;1,011277405E3
2,326055599E2;1,010905884E3
2,327055599E2;1,011243286E3
2,328055599E2;1,011281860E3
2,329055599E2;1,010874023E3
2,330055599E2;1,011088989E3
2,331055599E2;1,011225830E3
2,332055599E2;1,011473694E3
2,333055599E2;1,011331543E3
2,334055599E2;1,011081848E3
2,335055599E2;1,010857788E3
2,336055599E2;1,011355042E3
2,337055599E2;1,011016968E3
2,338055599E2;1,010941528E3
2,339055599E2;1,011091431E3
2,340055599E2;1,011201294E3
2,341055599E2;1,011277100E3
2,342055599E2;1,011229797E3
2,343055599E2;1,010973755E3
2,344055599E2;1,011078674E3
2,345055599E2;1,011196533E3
2,346055599E2;1,011050903E3
2,347055599E2;1,011036499E3
2,348055599E2;1,011251221E3
2,349055599E2;1,011431519E3
2,350055599E2;1,011443176E3
2,351055599E2;1,011244751E3
2,352055599E2;1,010860107E3
2,353055599E2;1,011172791E3
2,354055599E2;1,011188599E3
2,355055599E2;1,010968506E3
2,356055599E2;1,010986145E3
2,357055599E2;1,011221130E3
2,358055599E2;1,011392578E3
2,359055599E2;1,011435120E3
2,360055599E2;1,011062012E3
2,361055599E2;1,010918213E3
2,362055599E2;1,011172852E3
2,363055599E2;1,011057434E3
2,364055599E2;1,011043945E3
2,365055599E2;1,011202759E3
2,366055599E2;1,011302856E3
2,367055599E2;1,011685669E3
2,368055599E2;1,011432373E3
2,369055599E2;1,011104614E3
2,370055599E2;1,011458618E3
2,371055599E2;1,011349182E3
2,372055599E2;1,011031067E3
2,373055599E2;1,010997192E3
2,374055599E2;1,011294067E3
2,375055599E2;1,011428955E3
2,376055599E2;1,011562012E3
2,377055599E2;1,011442444E3
2,378055599E2;1,010960815E3
2,379055599E2;1,011465149E3
2,380055599E2;1,011406921E3
2,381055599E2;1,011068848E3
2,382055599E2;1,011213806E3
2,383055599E2;1,011256592E3
2,384055599E2;1,011630615E3
2,385055599E2;1,011273682E3
2,386055599E2;1,011173218E3
2,387055599E2;1,011132629E3
2,388055599E2;1,011205750E3
2,389055599E2;1,011177917E3
2,390055599E2;1,010986328E3
2,391055599E2;1,011066406E3
2,392055599E2;1,011356812E3
2,393055599E2;1,011463013E3
2,394055599E2;1,011172363E3
2,395055599E2;1,010940186E3
2,396055599E2;1,011157227E3
2,397055599E2;1,011351501E3
2,398055599E2;1,010886841E3
2,399055599E2;1,011049927E3
2,400055599E2;1,011264587E3
2,401055599E2;1,011304077E3
2,402055599E2;1,011304077E3
2,403055599E2;1,011034180E3
2,404055599E2;1,011015015E3
2,405055599E2;1,011380005E3
2,406055599E2;1,011380005E3
2,407055599E2;1,010908508E3
2,408055599E2;1,011122314E3
2,409055599E2;1,011267578E3
2,410055599E2;1,011267578E3
2,411055599E2;1,011177368E3
2,412055599E2;1,010891846E3
2,413055599E2;1,011197205E3
2,414055599E2;1,011197205E3
2,415055599E2;1,011011108E3
2,416055599E2;1,010984863E3
2,417055599E2;1,011179688E3
2,418055599E2;1,011179688E3
2,419055599E2;1,011179688E3
2,420055599E2;1,011060181E3
2,421055599E2;1,011055908E3
2,422055599E2;1,011055908E3
2,423055599E2;1,011102051E3
2,424055599E2;1,010929321E3
2,425055599E2;1,011106689E3
2,426055599E2;1,011225220E3
2,427055599E2;1,011462891E3
2,428055599E2;1,011164062E3
2,429055599E2;1,010921082E3
2,430055599E2;1,011330322E3
2,431055599E2;1,011143555E3
2,432055599E2;1,010755981E3
2,433055599E2;1,011114868E3
2,434055599E2;1,011203918E3
2,435055599E2;1,011442688E3
2,436055599E2;1,011386108E3
2,437055599E2;1,011065918E3
2,438055599E2;1,010980591E3
2,439055599E2;1,010980591E3
2,440055599E2;1,011213501E3
2,441055599E2;1,010759460E3
2,442055599E2;1,011111328E3
2,443055599E2;1,011111328E3
2,444055599E2;1,011318237E3
2,445055599E2;1,011234863E3
2,446055599E2;1,010968384E3
2,447055599E2;1,010968384E3
2,448055599E2;1,011190918E3
2,449055599E2;1,011090820E3
2,450055599E2;1,011080750E3
2,451055599E2;1,011080750E3
2,452055599E2;1,011552490E3
2,453055599E2;1,011443604E3
2,454055599E2;1,011285828E3
2,455055599E2;1,011285828E3
2,456055599E2;1,011252563E3
2,457055599E2;1,011202087E3
2,458055599E2;1,011100098E3
2,459055599E2;1,011100098E3
2,460055599E2;1,011646118E3
2,461055599E2;1,011496704E3
2,462055599E2;1,011220947E3
2,463055599E2;1,011220947E3
2,464055599E2;1,011374390E3
2,465055599E2;1,011063965E3
2,466055599E2;1,010854492E3
2,467055599E2;1,010854492E3
2,468055599E2;1,011490723E3
2,469055599E2;1,011314697E3
2,470055599E2;1,011442444E3
2,471055599E2;1,011442444E3
2,472055599E2;1,011523926E3
2,473055599E2;1,011230103E3
2,474055599E2;1,011029785E3
2,475055599E2;1,011029785E3
2,476055599E2;1,011235840E3
2,477055599E2;1,011422729E3
2,478055599E2;1,011460938E3
2,479055599E2;1,011460938E3
2,480055599E2;1,011281372E3
2,481055599E2;1,011325256E3
2,482055599E2;1,010854126E3
2,483055599E2;1,010854126E3
2,484055599E2;1,010854126E3
2,485055599E2;1,011240723E3
2,486055599E2;1,011629272E3
2,487055599E2;1,011629272E3
2,488055599E2;1,010898804E3
2,489055599E2;1,011284790E3
2,490055599E2;1,011377563E3
2,491055599E2;1,011377563E3
2,492055599E2;1,011101990E3
2,493055599E2;1,011218262E3
2,494055599E2;1,011434875E3
2,495055599E2;1,011434875E3
2,496055599E2;1,010997253E3
2,497055599E2;1,011166626E3
2,498055599E2;1,011444092E3
2,499055599E2;1,011444092E3
2,500055599E2;1,011124756E3
2,501055599E2;1,011356812E3
2,502055599E2;1,011265137E3
2,503055599E2;1,011522461E3
2,504055599E2;1,011522461E3
2,505055599E2;1,011026611E3
2,506055599E2;1,011328613E3
2,507055599E2;1,011255737E3
2,508055599E2;1,011255737E3
2,509055599E2;1,010997681E3
2,510055599E2;1,011217285E3
2,511055599E2;1,011425232E3
2,512055599E2;1,011425232E3
2,513055599E2;1,010824585E3
2,514055599E2;1,010952820E3
2,515055599E2;1,011431152E3
2,516055599E2;1,011431152E3
2,517055599E2;1,010788940E3
2,518055599E2;1,011150574E3
2,519055599E2;1,011122925E3
2,520055599E2;1,011122925E3
2,521055599E2;1,011431885E3
2,522055599E2;1,010730591E3
2,523055599E2;1,011348633E3
2,524055599E2;1,011348633E3
2,525055599E2;1,010800110E3
2,526055599E2;1,011014832E3
2,527055599E2;1,011090332E3
2,528055599E2;1,011090332E3
2,529055599E2;1,011456543E3
2,530055599E2;1,010916748E3
2,531055599E2;1,011029663E3
2,532055599E2;1,011029663E3
2,533055599E2;1,011226807E3
2,534055599E2;1,010940308E3
2,535055599E2;1,011098816E3
2,536055599E2;1,011098816E3
2,537055599E2;1,011457275E3
2,538055599E2;1,011271851E3
2,539055599E2;1,010801636E3
2,540055599E2;1,010801636E3
2,541055599E2;1,011055176E3
2,542055599E2;1,011027161E3
2,543055599E2;1,010940125E3
2,544055599E2;1,010940125E3
2,545055599E2;1,011577148E3
2,546055599E2;1,011232666E3
2,547055599E2;1,011002319E3
2,548055599E2;1,011002319E3
2,549055599E2;1,011467163E3
2,550055599E2;1,011132019E3
2,551055599E2;1,010725708E3
2,552055599E2;1,010725708E3
2,553055599E2;1,011455444E3
2,554055599E2;1,011181702E3
2,555055599E2;1,011603027E3
2,556055599E2;1,011603027E3
2,557055599E2;1,011359802E3
2,558055599E2;1,011255188E3
2,559055599E2;1,011115234E3
2,560055599E2;1,011115234E3
2,561055599E2;1,011243713E3
2,562055599E2;1,011410522E3
2,563055599E2;1,011368408E3
2,564055599E2;1,011368408E3
2,565055599E2;1,010970520E3
2,566055599E2;1,011393921E3
2,567055599E2;1,011332153E3
2,568055599E2;1,011332153E3
2,569055599E2;1,011332153E3
2,570055599E2;1,011286926E3
2,571055599E2;1,011226074E3
2,572055599E2;1,011226074E3
2,573055599E2;1,011226074E3
2,574055599E2;1,011287598E3
2,575055599E2;1,011264160E3
2,576055599E2;1,011114624E3
2,577055599E2;1,011001587E3
2,578055599E2;1,011158020E3
2,579055599E2;1,011482910E3
2,580055599E2;1,011462585E3
2,581055599E2;1,011158203E3
2,582055599E2;1,010883911E3
2,583055599E2;1,011434448E3
2,584055599E2;1,011322876E3
2,585055599E2;1,011322876E3
2,586055599E2;1,011138916E3
2,587055599E2;1,011479858E3
2,588055599E2;1,011241211E3
2,589055599E2;1,011432617E3
2,590055599E2;1,011062622E3
2,591055599E2;1,010991577E3
2,592055599E2;1,011351624E3
2,593055599E2;1,011351624E3
2,594055599E2;1,010951660E3
2,595055599E2;1,011062073E3
2,596055599E2;1,011510742E3
2,597055599E2;1,011510742E3
2,598055599E2;1,011046875E3
2,599055599E2;1,010790344E3
2,600055599E2;1,011336182E3
2,601055599E2;1,011336182E3
2,602055599E2;1,011042847E3
2,603055599E2;1,010910522E3
2,604055599E2;1,011181030E3
2,605055599E2;1,011573853E3
2,606055599E2;1,011347778E3
2,607055599E2;1,011119263E3
2,608055599E2;1,011042664E3
2,609055599E2;1,011273560E3
2,610055599E2;1,011250488E3
2,611055599E2;1,011059692E3
2,612055599E2;1,010949524E3
2,613055599E2;1,011282227E3
2,614055599E2;1,011529297E3
2,615055599E2;1,011313477E3
2,616055599E2;1,011338562E3
2,617055599E2;1,011003174E3
2,618055599E2;1,011280273E3
2,619055599E2;1,011362183E3
2,620055599E2;1,011059082E3
2,621055599E2;1,011099792E3
2,622055599E2;1,011293213E3
2,623055599E2;1,011498413E3
2,624055599E2;1,011474609E3
2,625055599E2;1,011082336E3
2,626055599E2;1,010981201E3
2,627055599E2;1,011264404E3
2,628055599E2;1,011341675E3
2,629055599E2;1,011005981E3
2,630055599E2;1,011150269E3
2,631055599E2;1,011254272E3
2,632055599E2;1,011438171E3
2,633055599E2;1,011389038E3
2,634055599E2;1,011283813E3
2,635055599E2;1,010984985E3
2,636055599E2;1,011178101E3
2,637055599E2;1,011363770E3
2,638055599E2;1,010967407E3
2,639055599E2;1,011083130E3
2,640055599E2;1,011293274E3
2,641055599E2;1,011620300E3
2,642055599E2;1,011544556E3
2,643055599E2;1,011460327E3
2,644055599E2;1,011421753E3
2,645055599E2;1,011255127E3
2,646055599E2;1,011410156E3
2,647055599E2;1,011275391E3
2,648055599E2;1,011145142E3
2,649055599E2;1,011092041E3
2,650055599E2;1,011322510E3
2,651055599E2;1,011591553E3
2,652055599E2;1,011565308E3
2,653055599E2;1,011186890E3
2,654055599E2;1,011223450E3
2,655055599E2;1,011127197E3
2,656055599E2;1,011246338E3
2,657055599E2;1,011253296E3
2,658055599E2;1,011100952E3
2,659055599E2;1,010981873E3
2,660055599E2;1,011098938E3
2,661055599E2;1,011141602E3
2,662055599E2;1,011242065E3
2,663055599E2;1,011271973E3
2,664055599E2;1,011277222E3
2,665055599E2;1,011076965E3
2,666055599E2;1,011268555E3
2,667055599E2;1,011066528E3
2,668055599E2;1,011421021E3
2,669055599E2;1,011305908E3
2,670055599E2;1,011070190E3
2,671055599E2;1,011225830E3
2,672055599E2;1,011152832E3
2,673055599E2;1,011246277E3
2,674055599E2;1,011200012E3
2,675055599E2;1,011228149E3
2,676055599E2;1,011363098E3
2,677055599E2;1,011216492E3
2,678055599E2;1,011418579E3
2,679055599E2;1,011390015E3
2,680055599E2;1,011319458E3
2,681055599E2;1,011174866E3
2,682055599E2;1,011179138E3
2,683055599E2;1,011150818E3
2,684055599E2;1,011080872E3
2,685055599E2;1,011207458E3
2,686055599E2;1,011525513E3
2,687055599E2;1,011328430E3
2,688055599E2;1,011089661E3
2,689055599E2;1,011026550E3
2,690055599E2;1,011168579E3
2,691055599E2;1,011111694E3
2,692055599E2;1,011163452E3
2,693055599E2;1,011184082E3
2,694055599E2;1,011145874E3
2,695055599E2;1,011173584E3
2,696055599E2;1,011129150E3
2,697055599E2;1,011058228E3
2,698055599E2;1,011069214E3
2,699055599E2;1,011160767E3
2,700055599E2;1,011223328E3
2,701055599E2;1,011271362E3
2,702055599E2;1,011288208E3
2,703055599E2;1,011293091E3
2,704055599E2;1,011296326E3
2,705055599E2;1,011280884E3
2,706055599E2;1,011257324E3
2,707055599E2;1,011257996E3
2,708055599E2;1,011248474E3
2,709055599E2;1,011233337E3
2,710055599E2;1,011230347E3
2,711055599E2;1,011238403E3
2,712055599E2;1,011227661E3
2,713055599E2;1,011231934E3
2,714055599E2;1,011231262E3
2,715055599E2;1,011243286E3
2,716055599E2;1,011243469E3
2,717055599E2;1,011245361E3
2,718055599E2;1,011252686E3
