"Time (s)";"Distance (cm)"
7,014872900E-2;5,000000000E0
1,134747672E0;0,000000000E0
1,223469924E0;5,000000000E0
1,312183997E0;0,000000000E0
1,412183997E0;0,000000000E0
1,512183997E0;0,000000000E0
1,612183997E0;0,000000000E0
1,712183997E0;0,000000000E0
1,812183997E0;0,000000000E0
1,912183997E0;0,000000000E0
2,012183997E0;0,000000000E0
2,112183997E0;0,000000000E0
2,212183997E0;0,000000000E0
2,312183997E0;0,000000000E0
2,412183997E0;0,000000000E0
2,512183997E0;0,000000000E0
2,612183997E0;0,000000000E0
2,712183997E0;0,000000000E0
2,812183997E0;0,000000000E0
2,912183997E0;0,000000000E0
3,012183997E0;0,000000000E0
3,112183997E0;0,000000000E0
3,212183997E0;0,000000000E0
3,312183997E0;0,000000000E0
3,412183997E0;0,000000000E0
3,512183997E0;0,000000000E0
3,612183997E0;0,000000000E0
3,712183997E0;0,000000000E0
3,812183997E0;0,000000000E0
3,912183997E0;0,000000000E0
4,012183997E0;0,000000000E0
4,112183997E0;0,000000000E0
4,212183997E0;0,000000000E0
4,312183997E0;0,000000000E0
4,412183997E0;0,000000000E0
4,512183997E0;0,000000000E0
4,612183997E0;0,000000000E0
4,712183997E0;0,000000000E0
4,812183997E0;0,000000000E0
4,912183997E0;0,000000000E0
5,012183997E0;0,000000000E0
5,112183997E0;0,000000000E0
5,212183997E0;0,000000000E0
5,312183997E0;0,000000000E0
5,412183997E0;0,000000000E0
5,512183997E0;0,000000000E0
5,612183997E0;0,000000000E0
5,712183997E0;0,000000000E0
5,812183997E0;0,000000000E0
5,912183997E0;0,000000000E0
6,012183997E0;0,000000000E0
6,112183997E0;0,000000000E0
6,212183997E0;0,000000000E0
6,312183997E0;0,000000000E0
6,412183997E0;0,000000000E0
6,512183997E0;0,000000000E0
6,612183997E0;0,000000000E0
6,712183997E0;0,000000000E0
6,812183997E0;0,000000000E0
6,912183997E0;0,000000000E0
7,012183997E0;0,000000000E0
7,112183997E0;0,000000000E0
7,212183997E0;0,000000000E0
7,312183997E0;0,000000000E0
7,412183997E0;0,000000000E0
7,512183997E0;0,000000000E0
7,612183997E0;0,000000000E0
7,712183997E0;0,000000000E0
7,812183997E0;0,000000000E0
7,912183997E0;0,000000000E0
8,012183997E0;0,000000000E0
8,112183997E0;0,000000000E0
8,212183997E0;0,000000000E0
8,312183997E0;0,000000000E0
8,412183997E0;0,000000000E0
8,512183997E0;0,000000000E0
8,612183997E0;0,000000000E0
8,712183997E0;0,000000000E0
8,812183997E0;0,000000000E0
8,912183997E0;0,000000000E0
9,012183997E0;0,000000000E0
9,112183997E0;0,000000000E0
9,212183997E0;0,000000000E0
9,312183997E0;0,000000000E0
9,412183997E0;0,000000000E0
9,512183997E0;0,000000000E0
9,612183997E0;0,000000000E0
9,712183997E0;0,000000000E0
9,812183997E0;0,000000000E0
9,912183997E0;0,000000000E0
1,001218400E1;0,000000000E0
1,011218400E1;0,000000000E0
1,021218400E1;0,000000000E0
1,031218400E1;0,000000000E0
1,041218400E1;0,000000000E0
1,051218400E1;0,000000000E0
1,061218400E1;0,000000000E0
1,071218400E1;0,000000000E0
1,081218400E1;0,000000000E0
1,091218400E1;0,000000000E0
1,101218400E1;0,000000000E0
1,111218400E1;0,000000000E0
1,121218400E1;0,000000000E0
1,131218400E1;0,000000000E0
1,141218400E1;0,000000000E0
1,151218400E1;0,000000000E0
1,161218400E1;0,000000000E0
1,171218400E1;0,000000000E0
1,181218400E1;0,000000000E0
1,191218400E1;0,000000000E0
1,201218400E1;0,000000000E0
1,211218400E1;0,000000000E0
1,221218400E1;0,000000000E0
1,231218400E1;0,000000000E0
1,241218400E1;0,000000000E0
1,251218400E1;0,000000000E0
1,261218400E1;0,000000000E0
1,271218400E1;0,000000000E0
1,281218400E1;0,000000000E0
1,291218400E1;0,000000000E0
1,301218400E1;0,000000000E0
1,311218400E1;0,000000000E0
1,321218400E1;0,000000000E0
1,331218400E1;0,000000000E0
1,341218400E1;0,000000000E0
1,351218400E1;0,000000000E0
1,361218400E1;0,000000000E0
1,371218400E1;0,000000000E0
1,381218400E1;0,000000000E0
1,391218400E1;0,000000000E0
1,401218400E1;0,000000000E0
1,411218400E1;0,000000000E0
1,421218400E1;0,000000000E0
1,431218400E1;0,000000000E0
1,441218400E1;0,000000000E0
1,451218400E1;0,000000000E0
1,461218400E1;0,000000000E0
1,471218400E1;0,000000000E0
1,481218400E1;0,000000000E0
1,491218400E1;0,000000000E0
1,501218400E1;0,000000000E0
1,511218400E1;0,000000000E0
1,521218400E1;0,000000000E0
1,531218400E1;0,000000000E0
1,541218400E1;0,000000000E0
1,551218400E1;0,000000000E0
1,561218400E1;0,000000000E0
1,571218400E1;0,000000000E0
1,581218400E1;0,000000000E0
1,591218400E1;0,000000000E0
1,601218400E1;0,000000000E0
1,611218400E1;0,000000000E0
1,621218400E1;0,000000000E0
1,631218400E1;0,000000000E0
1,641218400E1;0,000000000E0
1,651218400E1;0,000000000E0
1,661218400E1;0,000000000E0
1,671218400E1;0,000000000E0
1,681218400E1;0,000000000E0
1,691218400E1;0,000000000E0
1,701218400E1;0,000000000E0
1,711218400E1;0,000000000E0
1,721218400E1;0,000000000E0
1,731218400E1;0,000000000E0
1,741218400E1;0,000000000E0
1,751218400E1;0,000000000E0
1,761218400E1;0,000000000E0
1,771218400E1;0,000000000E0
1,781218400E1;0,000000000E0
1,791218400E1;0,000000000E0
1,801218400E1;0,000000000E0
1,811218400E1;0,000000000E0
1,821218400E1;0,000000000E0
1,831218400E1;0,000000000E0
1,841218400E1;0,000000000E0
1,851218400E1;0,000000000E0
1,861218400E1;0,000000000E0
1,871218400E1;0,000000000E0
1,881218400E1;0,000000000E0
1,891218400E1;0,000000000E0
1,901218400E1;0,000000000E0
1,911218400E1;0,000000000E0
1,921218400E1;0,000000000E0
1,931218400E1;0,000000000E0
1,941218400E1;0,000000000E0
1,951218400E1;0,000000000E0
1,961218400E1;0,000000000E0
1,971218400E1;0,000000000E0
1,981218400E1;0,000000000E0
1,991218400E1;0,000000000E0
2,001218400E1;0,000000000E0
2,011218400E1;0,000000000E0
2,021218400E1;0,000000000E0
2,031218400E1;0,000000000E0
2,041218400E1;0,000000000E0
2,051218400E1;0,000000000E0
2,061218400E1;0,000000000E0
2,071218400E1;0,000000000E0
2,081218400E1;0,000000000E0
2,091218400E1;0,000000000E0
2,101218400E1;0,000000000E0
2,111218400E1;0,000000000E0
2,121218400E1;0,000000000E0
2,131218400E1;0,000000000E0
2,141218400E1;0,000000000E0
2,151218400E1;0,000000000E0
2,161218400E1;0,000000000E0
2,171218400E1;0,000000000E0
2,181218400E1;0,000000000E0
2,191218400E1;0,000000000E0
2,201218400E1;0,000000000E0
2,211218400E1;0,000000000E0
2,221218400E1;0,000000000E0
2,231218400E1;0,000000000E0
2,241218400E1;0,000000000E0
2,251218400E1;0,000000000E0
2,261218400E1;0,000000000E0
2,271218400E1;0,000000000E0
2,281218400E1;0,000000000E0
2,291218400E1;0,000000000E0
2,301218400E1;0,000000000E0
2,311218400E1;0,000000000E0
2,321218400E1;0,000000000E0
2,331218400E1;0,000000000E0
2,341218400E1;0,000000000E0
2,351218400E1;0,000000000E0
2,361218400E1;0,000000000E0
2,371218400E1;0,000000000E0
2,381218400E1;0,000000000E0
2,391218400E1;0,000000000E0
2,401218400E1;0,000000000E0
2,411218400E1;0,000000000E0
2,421218400E1;0,000000000E0
2,431218400E1;0,000000000E0
2,441218400E1;0,000000000E0
2,451218400E1;0,000000000E0
2,461218400E1;0,000000000E0
2,471218400E1;0,000000000E0
2,481218400E1;0,000000000E0
2,491218400E1;0,000000000E0
2,501218400E1;0,000000000E0
2,511218400E1;0,000000000E0
2,521218400E1;0,000000000E0
2,531218400E1;0,000000000E0
2,541218400E1;0,000000000E0
2,551218400E1;0,000000000E0
2,561218400E1;0,000000000E0
2,571218400E1;0,000000000E0
2,581218400E1;0,000000000E0
2,591218400E1;0,000000000E0
2,601218400E1;0,000000000E0
2,611218400E1;0,000000000E0
2,621218400E1;0,000000000E0
2,631218400E1;0,000000000E0
2,641218400E1;0,000000000E0
2,651218400E1;0,000000000E0
2,661218400E1;0,000000000E0
2,671218400E1;0,000000000E0
2,681218400E1;0,000000000E0
2,691218400E1;0,000000000E0
2,701218400E1;0,000000000E0
2,711218400E1;0,000000000E0
2,721218400E1;0,000000000E0
2,731218400E1;0,000000000E0
2,741218400E1;0,000000000E0
2,751218400E1;0,000000000E0
2,761218400E1;0,000000000E0
2,771218400E1;0,000000000E0
2,781218400E1;0,000000000E0
2,791218400E1;0,000000000E0
2,801218400E1;0,000000000E0
2,811218400E1;0,000000000E0
2,821218400E1;0,000000000E0
2,831218400E1;0,000000000E0
2,841218400E1;0,000000000E0
2,851218400E1;0,000000000E0
2,861218400E1;0,000000000E0
2,871218400E1;0,000000000E0
2,881218400E1;0,000000000E0
2,891218400E1;0,000000000E0
2,901218400E1;0,000000000E0
2,911218400E1;0,000000000E0
2,921218400E1;0,000000000E0
2,931218400E1;0,000000000E0
2,941218400E1;0,000000000E0
2,951218400E1;0,000000000E0
2,961218400E1;0,000000000E0
2,971218400E1;0,000000000E0
2,981218400E1;0,000000000E0
2,991218400E1;0,000000000E0
3,001218400E1;0,000000000E0
3,011218400E1;0,000000000E0
3,021218400E1;0,000000000E0
3,031218400E1;0,000000000E0
3,041218400E1;0,000000000E0
3,051218400E1;0,000000000E0
3,061218400E1;0,000000000E0
3,071218400E1;0,000000000E0
3,081218400E1;0,000000000E0
3,091218400E1;0,000000000E0
3,101218400E1;0,000000000E0
3,111218400E1;0,000000000E0
3,121218400E1;0,000000000E0
3,131218400E1;0,000000000E0
3,141218400E1;0,000000000E0
3,151218400E1;0,000000000E0
3,161218400E1;0,000000000E0
3,171218400E1;0,000000000E0
3,181218400E1;0,000000000E0
3,191218400E1;0,000000000E0
3,201218400E1;0,000000000E0
3,211218400E1;0,000000000E0
3,221218400E1;0,000000000E0
3,231218400E1;0,000000000E0
3,241218400E1;0,000000000E0
3,251218400E1;0,000000000E0
3,261218400E1;0,000000000E0
3,271218400E1;0,000000000E0
3,281218400E1;0,000000000E0
3,291218400E1;0,000000000E0
3,301218400E1;0,000000000E0
3,311218400E1;0,000000000E0
3,321218400E1;0,000000000E0
3,331218400E1;0,000000000E0
3,341218400E1;0,000000000E0
3,351218400E1;0,000000000E0
3,361218400E1;0,000000000E0
3,371218400E1;0,000000000E0
3,381218400E1;0,000000000E0
3,391218400E1;0,000000000E0
3,401218400E1;0,000000000E0
3,411218400E1;0,000000000E0
3,421218400E1;0,000000000E0
3,431218400E1;0,000000000E0
3,441218400E1;0,000000000E0
3,451218400E1;0,000000000E0
3,461218400E1;0,000000000E0
3,471218400E1;0,000000000E0
3,481218400E1;0,000000000E0
3,491218400E1;0,000000000E0
3,501218400E1;0,000000000E0
3,511218400E1;0,000000000E0
3,521218400E1;0,000000000E0
3,531218400E1;0,000000000E0
3,541218400E1;0,000000000E0
3,551218400E1;0,000000000E0
3,561218400E1;0,000000000E0
3,571218400E1;0,000000000E0
3,581218400E1;0,000000000E0
3,591218400E1;0,000000000E0
3,601218400E1;0,000000000E0
3,611218400E1;0,000000000E0
3,621218400E1;0,000000000E0
3,631218400E1;0,000000000E0
3,641218400E1;0,000000000E0
3,651218400E1;0,000000000E0
3,661218400E1;0,000000000E0
3,671218400E1;0,000000000E0
3,681218400E1;0,000000000E0
3,691218400E1;0,000000000E0
3,701218400E1;0,000000000E0
3,711218400E1;0,000000000E0
3,721218400E1;0,000000000E0
3,731218400E1;0,000000000E0
3,741218400E1;0,000000000E0
3,751218400E1;0,000000000E0
3,761218400E1;0,000000000E0
3,771218400E1;0,000000000E0
3,781218400E1;0,000000000E0
3,791218400E1;0,000000000E0
3,801218400E1;0,000000000E0
3,811218400E1;0,000000000E0
3,821218400E1;0,000000000E0
3,831218400E1;0,000000000E0
3,841218400E1;0,000000000E0
3,851218400E1;0,000000000E0
3,861218400E1;0,000000000E0
3,871218400E1;0,000000000E0
3,881218400E1;0,000000000E0
3,891218400E1;0,000000000E0
3,901218400E1;0,000000000E0
3,911218400E1;0,000000000E0
3,921218400E1;0,000000000E0
3,931218400E1;0,000000000E0
3,941218400E1;0,000000000E0
3,951218400E1;0,000000000E0
3,961218400E1;0,000000000E0
3,971218400E1;0,000000000E0
3,981218400E1;0,000000000E0
3,991218400E1;0,000000000E0
4,001218400E1;0,000000000E0
4,011218400E1;0,000000000E0
4,021218400E1;0,000000000E0
4,031218400E1;0,000000000E0
4,041218400E1;0,000000000E0
4,051218400E1;0,000000000E0
4,061218400E1;0,000000000E0
4,071218400E1;0,000000000E0
4,081218400E1;0,000000000E0
4,091218400E1;0,000000000E0
4,101218400E1;0,000000000E0
4,111218400E1;0,000000000E0
4,121218400E1;0,000000000E0
4,131218400E1;0,000000000E0
4,141218400E1;0,000000000E0
4,151218400E1;0,000000000E0
4,161218400E1;0,000000000E0
4,171218400E1;0,000000000E0
4,181218400E1;0,000000000E0
4,191218400E1;0,000000000E0
4,201218400E1;0,000000000E0
4,211218400E1;0,000000000E0
4,221218400E1;0,000000000E0
4,231218400E1;0,000000000E0
4,241218400E1;0,000000000E0
4,251218400E1;0,000000000E0
4,261218400E1;0,000000000E0
4,271218400E1;0,000000000E0
4,281218400E1;0,000000000E0
4,291218400E1;0,000000000E0
4,301218400E1;0,000000000E0
4,311218400E1;0,000000000E0
4,321218400E1;0,000000000E0
4,331218400E1;0,000000000E0
4,341218400E1;0,000000000E0
4,351218400E1;0,000000000E0
4,361218400E1;0,000000000E0
4,371218400E1;0,000000000E0
4,381218400E1;0,000000000E0
4,391218400E1;0,000000000E0
4,401218400E1;0,000000000E0
4,411218400E1;0,000000000E0
4,421218400E1;0,000000000E0
4,431218400E1;0,000000000E0
4,441218400E1;0,000000000E0
4,451218400E1;0,000000000E0
4,461218400E1;0,000000000E0
4,471218400E1;0,000000000E0
4,481218400E1;0,000000000E0
4,491218400E1;0,000000000E0
4,501218400E1;0,000000000E0
4,511218400E1;0,000000000E0
4,521218400E1;0,000000000E0
4,531218400E1;0,000000000E0
4,541218400E1;0,000000000E0
4,551218400E1;0,000000000E0
4,561218400E1;0,000000000E0
4,571218400E1;0,000000000E0
4,581218400E1;0,000000000E0
4,591218400E1;0,000000000E0
4,601218400E1;0,000000000E0
4,611218400E1;0,000000000E0
4,621218400E1;0,000000000E0
4,631218400E1;0,000000000E0
4,641218400E1;0,000000000E0
4,651218400E1;0,000000000E0
4,661218400E1;0,000000000E0
4,671218400E1;0,000000000E0
4,681218400E1;0,000000000E0
4,691218400E1;0,000000000E0
4,701218400E1;0,000000000E0
4,711218400E1;0,000000000E0
4,721218400E1;0,000000000E0
4,731218400E1;0,000000000E0
4,741218400E1;0,000000000E0
4,751218400E1;0,000000000E0
4,761218400E1;0,000000000E0
4,771218400E1;0,000000000E0
4,781218400E1;0,000000000E0
4,791218400E1;0,000000000E0
4,801218400E1;0,000000000E0
4,811218400E1;0,000000000E0
4,821218400E1;0,000000000E0
4,831218400E1;0,000000000E0
4,841218400E1;0,000000000E0
4,851218400E1;0,000000000E0
4,861218400E1;0,000000000E0
4,871218400E1;0,000000000E0
4,881218400E1;0,000000000E0
4,891218400E1;0,000000000E0
4,901218400E1;0,000000000E0
4,911218400E1;0,000000000E0
4,921218400E1;0,000000000E0
4,931218400E1;0,000000000E0
4,941218400E1;0,000000000E0
4,951218400E1;0,000000000E0
4,961218400E1;0,000000000E0
4,971218400E1;0,000000000E0
4,981218400E1;0,000000000E0
4,991218400E1;0,000000000E0
5,001218400E1;0,000000000E0
5,011218400E1;0,000000000E0
5,021218400E1;0,000000000E0
5,031218400E1;0,000000000E0
5,041218400E1;0,000000000E0
5,051218400E1;0,000000000E0
5,061218400E1;0,000000000E0
5,071218400E1;0,000000000E0
5,081218400E1;0,000000000E0
5,091218400E1;0,000000000E0
5,101218400E1;0,000000000E0
5,111218400E1;0,000000000E0
5,121218400E1;0,000000000E0
5,131218400E1;0,000000000E0
5,141218400E1;0,000000000E0
5,151218400E1;0,000000000E0
5,161218400E1;0,000000000E0
5,171218400E1;0,000000000E0
5,181218400E1;0,000000000E0
5,191218400E1;0,000000000E0
5,201218400E1;0,000000000E0
5,211218400E1;0,000000000E0
5,221218400E1;0,000000000E0
5,231218400E1;0,000000000E0
5,241218400E1;0,000000000E0
5,251218400E1;0,000000000E0
5,261218400E1;0,000000000E0
5,271218400E1;0,000000000E0
5,281218400E1;0,000000000E0
5,291218400E1;0,000000000E0
5,301218400E1;0,000000000E0
5,311218400E1;0,000000000E0
5,321218400E1;0,000000000E0
5,331218400E1;0,000000000E0
5,341218400E1;0,000000000E0
5,351218400E1;0,000000000E0
5,361218400E1;0,000000000E0
5,371218400E1;0,000000000E0
5,381218400E1;0,000000000E0
5,391218400E1;0,000000000E0
5,401218400E1;0,000000000E0
5,411218400E1;0,000000000E0
5,421218400E1;0,000000000E0
5,431218400E1;0,000000000E0
5,441218400E1;0,000000000E0
5,451218400E1;0,000000000E0
5,461218400E1;0,000000000E0
5,471218400E1;0,000000000E0
5,481218400E1;0,000000000E0
5,491218400E1;0,000000000E0
5,501218400E1;0,000000000E0
5,511218400E1;0,000000000E0
5,521218400E1;0,000000000E0
5,531218400E1;0,000000000E0
5,541218400E1;0,000000000E0
5,551218400E1;0,000000000E0
5,561218400E1;0,000000000E0
5,571218400E1;0,000000000E0
5,581218400E1;0,000000000E0
5,591218400E1;0,000000000E0
5,601218400E1;0,000000000E0
5,611218400E1;0,000000000E0
5,621218400E1;0,000000000E0
5,631218400E1;0,000000000E0
5,641218400E1;0,000000000E0
5,651218400E1;0,000000000E0
5,661218400E1;0,000000000E0
5,671218400E1;0,000000000E0
5,681218400E1;0,000000000E0
5,691218400E1;0,000000000E0
5,701218400E1;0,000000000E0
5,711218400E1;0,000000000E0
5,721218400E1;0,000000000E0
5,731218400E1;0,000000000E0
5,741218400E1;0,000000000E0
5,751218400E1;0,000000000E0
5,761218400E1;0,000000000E0
5,771218400E1;0,000000000E0
5,781218400E1;0,000000000E0
5,791218400E1;0,000000000E0
5,801218400E1;0,000000000E0
5,811218400E1;0,000000000E0
5,821218400E1;0,000000000E0
5,831218400E1;0,000000000E0
5,841218400E1;0,000000000E0
5,851218400E1;0,000000000E0
5,861218400E1;0,000000000E0
5,871218400E1;0,000000000E0
5,881218400E1;0,000000000E0
5,891218400E1;0,000000000E0
5,901218400E1;0,000000000E0
5,911218400E1;0,000000000E0
5,921218400E1;0,000000000E0
5,931218400E1;0,000000000E0
5,941218400E1;0,000000000E0
5,951218400E1;0,000000000E0
5,961218400E1;0,000000000E0
5,971218400E1;0,000000000E0
5,981218400E1;0,000000000E0
5,991218400E1;0,000000000E0
6,001218400E1;0,000000000E0
6,011218400E1;0,000000000E0
6,021218400E1;0,000000000E0
6,031218400E1;0,000000000E0
6,041218400E1;0,000000000E0
6,051218400E1;0,000000000E0
6,061218400E1;0,000000000E0
6,071218400E1;0,000000000E0
6,081218400E1;0,000000000E0
6,091218400E1;0,000000000E0
6,101218400E1;0,000000000E0
6,111218400E1;0,000000000E0
6,121218400E1;0,000000000E0
6,131218400E1;0,000000000E0
6,141218400E1;0,000000000E0
6,151218400E1;0,000000000E0
6,161218400E1;0,000000000E0
6,171218400E1;0,000000000E0
6,181218400E1;0,000000000E0
6,191218400E1;0,000000000E0
6,201218400E1;0,000000000E0
6,211218400E1;0,000000000E0
6,221218400E1;0,000000000E0
6,231218400E1;0,000000000E0
6,241218400E1;0,000000000E0
6,251218400E1;0,000000000E0
6,261218400E1;0,000000000E0
6,271218400E1;0,000000000E0
6,281218400E1;0,000000000E0
6,291218400E1;0,000000000E0
6,301218400E1;0,000000000E0
6,311218400E1;0,000000000E0
6,321218400E1;0,000000000E0
6,331218400E1;0,000000000E0
6,341218400E1;0,000000000E0
6,351218400E1;0,000000000E0
6,361218400E1;0,000000000E0
6,371218400E1;0,000000000E0
6,381218400E1;0,000000000E0
6,391218400E1;0,000000000E0
6,401218400E1;0,000000000E0
6,411218400E1;0,000000000E0
6,421218400E1;0,000000000E0
6,431218400E1;0,000000000E0
6,441218400E1;0,000000000E0
6,451218400E1;0,000000000E0
6,461218400E1;0,000000000E0
6,471218400E1;0,000000000E0
6,481218400E1;0,000000000E0
6,491218400E1;0,000000000E0
6,501218400E1;0,000000000E0
6,511218400E1;0,000000000E0
6,521218400E1;0,000000000E0
6,531218400E1;0,000000000E0
6,541218400E1;0,000000000E0
6,551218400E1;0,000000000E0
6,561218400E1;0,000000000E0
6,571218400E1;0,000000000E0
6,581218400E1;0,000000000E0
6,591218400E1;0,000000000E0
6,601218400E1;0,000000000E0
6,611218400E1;0,000000000E0
6,621218400E1;0,000000000E0
6,631218400E1;0,000000000E0
6,641218400E1;0,000000000E0
6,651218400E1;0,000000000E0
6,661218400E1;0,000000000E0
6,671218400E1;0,000000000E0
6,681218400E1;0,000000000E0
6,691218400E1;0,000000000E0
6,701218400E1;0,000000000E0
6,711218400E1;0,000000000E0
6,721218400E1;0,000000000E0
6,731218400E1;0,000000000E0
6,741218400E1;0,000000000E0
6,751218400E1;0,000000000E0
6,761218400E1;0,000000000E0
6,771218400E1;0,000000000E0
6,781218400E1;0,000000000E0
6,791218400E1;0,000000000E0
6,801218400E1;0,000000000E0
6,811218400E1;0,000000000E0
6,821218400E1;0,000000000E0
6,831218400E1;0,000000000E0
6,841218400E1;0,000000000E0
6,851218400E1;0,000000000E0
6,861218400E1;0,000000000E0
6,871218400E1;0,000000000E0
6,881218400E1;0,000000000E0
6,891218400E1;0,000000000E0
6,901218400E1;0,000000000E0
6,911218400E1;0,000000000E0
6,921218400E1;0,000000000E0
6,931218400E1;0,000000000E0
6,941218400E1;0,000000000E0
6,951218400E1;0,000000000E0
6,961218400E1;0,000000000E0
6,971218400E1;0,000000000E0
6,981218400E1;0,000000000E0
6,991218400E1;0,000000000E0
7,001218400E1;0,000000000E0
7,011218400E1;0,000000000E0
7,021218400E1;0,000000000E0
7,031218400E1;0,000000000E0
7,041218400E1;0,000000000E0
7,051218400E1;0,000000000E0
7,061218400E1;0,000000000E0
7,071218400E1;0,000000000E0
7,081218400E1;0,000000000E0
7,091218400E1;0,000000000E0
7,101218400E1;0,000000000E0
7,111218400E1;0,000000000E0
7,121218400E1;0,000000000E0
7,131218400E1;0,000000000E0
7,141218400E1;0,000000000E0
7,151218400E1;0,000000000E0
7,161218400E1;0,000000000E0
7,171218400E1;0,000000000E0
7,181218400E1;0,000000000E0
7,191218400E1;0,000000000E0
7,201218400E1;0,000000000E0
7,211218400E1;0,000000000E0
7,221218400E1;0,000000000E0
7,231218400E1;0,000000000E0
7,241218400E1;0,000000000E0
7,251218400E1;0,000000000E0
7,261218400E1;0,000000000E0
7,271218400E1;0,000000000E0
7,281218400E1;0,000000000E0
7,291218400E1;0,000000000E0
7,301218400E1;0,000000000E0
7,311218400E1;0,000000000E0
7,321218400E1;0,000000000E0
7,331218400E1;0,000000000E0
7,341218400E1;0,000000000E0
7,351218400E1;0,000000000E0
7,361218400E1;0,000000000E0
7,371218400E1;0,000000000E0
7,381218400E1;0,000000000E0
7,391218400E1;0,000000000E0
7,401218400E1;0,000000000E0
7,411218400E1;0,000000000E0
7,421218400E1;0,000000000E0
7,431218400E1;0,000000000E0
7,441218400E1;0,000000000E0
7,451218400E1;0,000000000E0
7,461218400E1;0,000000000E0
7,471218400E1;0,000000000E0
7,481218400E1;0,000000000E0
7,491218400E1;0,000000000E0
7,501218400E1;0,000000000E0
7,511218400E1;0,000000000E0
7,521218400E1;0,000000000E0
7,531218400E1;0,000000000E0
7,541218400E1;0,000000000E0
7,551218400E1;0,000000000E0
7,561218400E1;0,000000000E0
7,571218400E1;0,000000000E0
7,581218400E1;0,000000000E0
7,591218400E1;0,000000000E0
7,601218400E1;0,000000000E0
7,611218400E1;0,000000000E0
7,621218400E1;0,000000000E0
7,631218400E1;0,000000000E0
7,641218400E1;0,000000000E0
7,651218400E1;0,000000000E0
7,661218400E1;0,000000000E0
7,671218400E1;0,000000000E0
7,681218400E1;0,000000000E0
7,691218400E1;0,000000000E0
7,701218400E1;0,000000000E0
7,711218400E1;0,000000000E0
7,721218400E1;0,000000000E0
7,731218400E1;0,000000000E0
7,741218400E1;0,000000000E0
7,751218400E1;0,000000000E0
7,761218400E1;0,000000000E0
7,771218400E1;0,000000000E0
7,781218400E1;0,000000000E0
7,791218400E1;0,000000000E0
7,801218400E1;0,000000000E0
7,811218400E1;0,000000000E0
7,821218400E1;0,000000000E0
7,831218400E1;0,000000000E0
7,841218400E1;0,000000000E0
7,851218400E1;0,000000000E0
7,861218400E1;0,000000000E0
7,871218400E1;0,000000000E0
7,881218400E1;0,000000000E0
7,891218400E1;0,000000000E0
7,901218400E1;0,000000000E0
7,911218400E1;0,000000000E0
7,921218400E1;0,000000000E0
7,931218400E1;0,000000000E0
7,941218400E1;0,000000000E0
7,951218400E1;0,000000000E0
7,961218400E1;0,000000000E0
7,971218400E1;0,000000000E0
7,981218400E1;0,000000000E0
7,991218400E1;0,000000000E0
8,001218400E1;0,000000000E0
8,011218400E1;0,000000000E0
8,021218400E1;0,000000000E0
8,031218400E1;0,000000000E0
8,041218400E1;0,000000000E0
8,051218400E1;0,000000000E0
8,061218400E1;0,000000000E0
8,071218400E1;0,000000000E0
8,081218400E1;0,000000000E0
8,091218400E1;0,000000000E0
8,101218400E1;0,000000000E0
8,111218400E1;0,000000000E0
8,121218400E1;0,000000000E0
8,131218400E1;0,000000000E0
8,141218400E1;0,000000000E0
8,151218400E1;0,000000000E0
8,161218400E1;0,000000000E0
8,171218400E1;0,000000000E0
8,181218400E1;0,000000000E0
8,191218400E1;0,000000000E0
8,201218400E1;0,000000000E0
8,211218400E1;0,000000000E0
8,221218400E1;0,000000000E0
8,231218400E1;0,000000000E0
8,241218400E1;0,000000000E0
8,251218400E1;0,000000000E0
8,261218400E1;0,000000000E0
8,271218400E1;0,000000000E0
8,281218400E1;0,000000000E0
8,291218400E1;0,000000000E0
8,301218400E1;0,000000000E0
8,311218400E1;0,000000000E0
8,321218400E1;0,000000000E0
8,331218400E1;0,000000000E0
8,341218400E1;0,000000000E0
8,351218400E1;0,000000000E0
8,361218400E1;0,000000000E0
8,371218400E1;0,000000000E0
8,381218400E1;0,000000000E0
8,391218400E1;0,000000000E0
8,401218400E1;0,000000000E0
8,411218400E1;0,000000000E0
8,421218400E1;0,000000000E0
8,431218400E1;0,000000000E0
8,441218400E1;0,000000000E0
8,451218400E1;0,000000000E0
8,461218400E1;0,000000000E0
8,471218400E1;0,000000000E0
8,481218400E1;0,000000000E0
8,491218400E1;0,000000000E0
8,501218400E1;0,000000000E0
8,511218400E1;0,000000000E0
8,521218400E1;0,000000000E0
8,531218400E1;0,000000000E0
8,541218400E1;0,000000000E0
8,551218400E1;0,000000000E0
8,561218400E1;0,000000000E0
8,571218400E1;0,000000000E0
8,581218400E1;0,000000000E0
8,591218400E1;0,000000000E0
8,601218400E1;0,000000000E0
8,611218400E1;0,000000000E0
8,621218400E1;0,000000000E0
8,631218400E1;0,000000000E0
8,641218400E1;0,000000000E0
8,651218400E1;0,000000000E0
8,661218400E1;0,000000000E0
8,671218400E1;0,000000000E0
8,681218400E1;0,000000000E0
8,691218400E1;0,000000000E0
8,701218400E1;0,000000000E0
8,711218400E1;0,000000000E0
8,721218400E1;0,000000000E0
8,731218400E1;0,000000000E0
8,741218400E1;0,000000000E0
8,751218400E1;0,000000000E0
8,761218400E1;0,000000000E0
8,771218400E1;0,000000000E0
8,781218400E1;0,000000000E0
8,791218400E1;0,000000000E0
8,801218400E1;0,000000000E0
8,811218400E1;0,000000000E0
8,821218400E1;0,000000000E0
8,831218400E1;0,000000000E0
8,841218400E1;0,000000000E0
8,851218400E1;0,000000000E0
8,861218400E1;0,000000000E0
8,871218400E1;0,000000000E0
8,881218400E1;0,000000000E0
8,891218400E1;0,000000000E0
8,901218400E1;0,000000000E0
8,911218400E1;0,000000000E0
8,921218400E1;0,000000000E0
8,931218400E1;0,000000000E0
8,941218400E1;0,000000000E0
8,951218400E1;0,000000000E0
8,961218400E1;0,000000000E0
8,971218400E1;0,000000000E0
8,981218400E1;0,000000000E0
8,991218400E1;0,000000000E0
9,001218400E1;0,000000000E0
9,011218400E1;0,000000000E0
9,021218400E1;0,000000000E0
9,031218400E1;0,000000000E0
9,041218400E1;0,000000000E0
9,051218400E1;0,000000000E0
9,061218400E1;0,000000000E0
9,071218400E1;0,000000000E0
9,081218400E1;0,000000000E0
9,091218400E1;0,000000000E0
9,101218400E1;0,000000000E0
9,111218400E1;0,000000000E0
9,121218400E1;0,000000000E0
9,131218400E1;0,000000000E0
9,141218400E1;0,000000000E0
9,151218400E1;0,000000000E0
9,161218400E1;0,000000000E0
9,171218400E1;0,000000000E0
9,181218400E1;0,000000000E0
9,191218400E1;0,000000000E0
9,201218400E1;0,000000000E0
9,211218400E1;0,000000000E0
9,221218400E1;0,000000000E0
9,231218400E1;0,000000000E0
9,241218400E1;0,000000000E0
9,251218400E1;0,000000000E0
9,261218400E1;0,000000000E0
9,271218400E1;0,000000000E0
9,281218400E1;0,000000000E0
9,291218400E1;0,000000000E0
9,301218400E1;0,000000000E0
9,311218400E1;0,000000000E0
9,321218400E1;0,000000000E0
9,331218400E1;0,000000000E0
9,341218400E1;0,000000000E0
9,351218400E1;0,000000000E0
9,361218400E1;0,000000000E0
9,371218400E1;0,000000000E0
9,381218400E1;0,000000000E0
9,391218400E1;0,000000000E0
9,401218400E1;0,000000000E0
9,411218400E1;0,000000000E0
9,421218400E1;0,000000000E0
9,431218400E1;0,000000000E0
9,441218400E1;0,000000000E0
9,451218400E1;0,000000000E0
9,461218400E1;0,000000000E0
9,471218400E1;0,000000000E0
9,481218400E1;0,000000000E0
9,491218400E1;0,000000000E0
9,501218400E1;0,000000000E0
9,511218400E1;0,000000000E0
9,521218400E1;0,000000000E0
9,531218400E1;0,000000000E0
9,541218400E1;0,000000000E0
9,551218400E1;0,000000000E0
9,561218400E1;0,000000000E0
9,571218400E1;0,000000000E0
9,581218400E1;0,000000000E0
9,591218400E1;0,000000000E0
9,601218400E1;0,000000000E0
9,611218400E1;0,000000000E0
9,621218400E1;0,000000000E0
9,631218400E1;0,000000000E0
9,641218400E1;0,000000000E0
9,651218400E1;0,000000000E0
9,661218400E1;0,000000000E0
9,671218400E1;0,000000000E0
9,681218400E1;0,000000000E0
9,691218400E1;0,000000000E0
9,701218400E1;0,000000000E0
9,711218400E1;0,000000000E0
9,721218400E1;0,000000000E0
9,731218400E1;0,000000000E0
9,741218400E1;0,000000000E0
9,751218400E1;0,000000000E0
9,761218400E1;0,000000000E0
9,771218400E1;0,000000000E0
9,781218400E1;0,000000000E0
9,791218400E1;0,000000000E0
9,801218400E1;0,000000000E0
9,811218400E1;0,000000000E0
9,821218400E1;0,000000000E0
9,831218400E1;0,000000000E0
9,841218400E1;0,000000000E0
9,851218400E1;0,000000000E0
9,861218400E1;0,000000000E0
9,871218400E1;0,000000000E0
9,881218400E1;0,000000000E0
9,891218400E1;0,000000000E0
9,901218400E1;0,000000000E0
9,911218400E1;0,000000000E0
9,921218400E1;0,000000000E0
9,931218400E1;0,000000000E0
9,941218400E1;0,000000000E0
9,951218400E1;0,000000000E0
9,961218400E1;0,000000000E0
9,971218400E1;0,000000000E0
9,981218400E1;0,000000000E0
9,991218400E1;0,000000000E0
1,000121840E2;0,000000000E0
1,001121840E2;0,000000000E0
1,002121840E2;0,000000000E0
1,003121840E2;0,000000000E0
1,004121840E2;0,000000000E0
1,005121840E2;0,000000000E0
1,006121840E2;0,000000000E0
1,007121840E2;0,000000000E0
1,008121840E2;0,000000000E0
1,009121840E2;0,000000000E0
1,010121840E2;0,000000000E0
1,011121840E2;0,000000000E0
1,012121840E2;0,000000000E0
1,013121840E2;0,000000000E0
1,014121840E2;0,000000000E0
1,015121840E2;0,000000000E0
1,016121840E2;0,000000000E0
1,017121840E2;0,000000000E0
1,018121840E2;0,000000000E0
1,019121840E2;0,000000000E0
1,020121840E2;0,000000000E0
1,021121840E2;0,000000000E0
1,022121840E2;0,000000000E0
1,023121840E2;0,000000000E0
1,024121840E2;0,000000000E0
1,025121840E2;0,000000000E0
1,026121840E2;0,000000000E0
1,027121840E2;0,000000000E0
1,028121840E2;0,000000000E0
1,029121840E2;0,000000000E0
1,030121840E2;0,000000000E0
1,031121840E2;0,000000000E0
1,032121840E2;0,000000000E0
1,033121840E2;0,000000000E0
1,034121840E2;0,000000000E0
1,035121840E2;0,000000000E0
1,036121840E2;0,000000000E0
1,037121840E2;0,000000000E0
1,038121840E2;0,000000000E0
1,039121840E2;0,000000000E0
1,040121840E2;0,000000000E0
1,041121840E2;0,000000000E0
1,042121840E2;0,000000000E0
1,043121840E2;0,000000000E0
1,044121840E2;0,000000000E0
1,045121840E2;0,000000000E0
1,046121840E2;0,000000000E0
1,047121840E2;0,000000000E0
1,048121840E2;0,000000000E0
1,049121840E2;0,000000000E0
1,050121840E2;0,000000000E0
1,051121840E2;0,000000000E0
1,052121840E2;0,000000000E0
1,053121840E2;0,000000000E0
1,054121840E2;0,000000000E0
1,055121840E2;0,000000000E0
1,056121840E2;0,000000000E0
1,057121840E2;0,000000000E0
1,058121840E2;0,000000000E0
1,059121840E2;0,000000000E0
1,060121840E2;0,000000000E0
1,061121840E2;0,000000000E0
1,062121840E2;0,000000000E0
1,063121840E2;0,000000000E0
1,064121840E2;0,000000000E0
1,065121840E2;0,000000000E0
1,066121840E2;0,000000000E0
1,067121840E2;0,000000000E0
1,068121840E2;0,000000000E0
1,069121840E2;0,000000000E0
1,070121840E2;0,000000000E0
1,071121840E2;0,000000000E0
1,072121840E2;0,000000000E0
1,073121840E2;0,000000000E0
1,074121840E2;0,000000000E0
1,075121840E2;0,000000000E0
1,076121840E2;0,000000000E0
1,077121840E2;0,000000000E0
1,078121840E2;0,000000000E0
1,079121840E2;0,000000000E0
1,080121840E2;0,000000000E0
1,081121840E2;0,000000000E0
1,082121840E2;0,000000000E0
1,083121840E2;0,000000000E0
1,084121840E2;0,000000000E0
1,085121840E2;0,000000000E0
1,086121840E2;0,000000000E0
1,087121840E2;0,000000000E0
1,088121840E2;0,000000000E0
1,089121840E2;0,000000000E0
1,090121840E2;0,000000000E0
1,091121840E2;0,000000000E0
1,092121840E2;0,000000000E0
1,093121840E2;0,000000000E0
1,094121840E2;0,000000000E0
1,095121840E2;0,000000000E0
1,096121840E2;0,000000000E0
1,097121840E2;0,000000000E0
1,098121840E2;0,000000000E0
1,099121840E2;0,000000000E0
1,100121840E2;0,000000000E0
1,101121840E2;0,000000000E0
1,102121840E2;0,000000000E0
1,103121840E2;0,000000000E0
1,104121840E2;0,000000000E0
1,105121840E2;0,000000000E0
1,106121840E2;0,000000000E0
1,107121840E2;0,000000000E0
1,108121840E2;0,000000000E0
1,109121840E2;0,000000000E0
1,110121840E2;0,000000000E0
1,111121840E2;0,000000000E0
1,112121840E2;0,000000000E0
1,113121840E2;0,000000000E0
1,114121840E2;0,000000000E0
1,115121840E2;0,000000000E0
1,116121840E2;0,000000000E0
1,117121840E2;0,000000000E0
1,118121840E2;0,000000000E0
1,119121840E2;0,000000000E0
1,120121840E2;0,000000000E0
1,121121840E2;0,000000000E0
1,122121840E2;0,000000000E0
1,123121840E2;0,000000000E0
1,124121840E2;0,000000000E0
1,125121840E2;0,000000000E0
1,126121840E2;0,000000000E0
1,127121840E2;0,000000000E0
1,128121840E2;0,000000000E0
1,129121840E2;0,000000000E0
1,130121840E2;0,000000000E0
1,131121840E2;0,000000000E0
1,132121840E2;0,000000000E0
1,133121840E2;0,000000000E0
1,134121840E2;0,000000000E0
1,135121840E2;0,000000000E0
1,136121840E2;0,000000000E0
1,137121840E2;0,000000000E0
1,138121840E2;0,000000000E0
1,139121840E2;0,000000000E0
1,140121840E2;0,000000000E0
1,141121840E2;0,000000000E0
1,142121840E2;0,000000000E0
1,143121840E2;0,000000000E0
1,144121840E2;0,000000000E0
1,145121840E2;0,000000000E0
1,146121840E2;0,000000000E0
1,147121840E2;0,000000000E0
1,148121840E2;0,000000000E0
1,149121840E2;0,000000000E0
1,150121840E2;0,000000000E0
1,151121840E2;0,000000000E0
1,152121840E2;0,000000000E0
1,153121840E2;0,000000000E0
1,154121840E2;0,000000000E0
1,155121840E2;0,000000000E0
1,156121840E2;0,000000000E0
1,157121840E2;0,000000000E0
1,158121840E2;0,000000000E0
1,159121840E2;0,000000000E0
1,160121840E2;0,000000000E0
1,161121840E2;0,000000000E0
1,162121840E2;0,000000000E0
1,163121840E2;0,000000000E0
1,164121840E2;0,000000000E0
1,165121840E2;0,000000000E0
1,166121840E2;0,000000000E0
1,167121840E2;0,000000000E0
1,168121840E2;0,000000000E0
1,169121840E2;0,000000000E0
1,170121840E2;0,000000000E0
1,171121840E2;0,000000000E0
1,172121840E2;0,000000000E0
1,173121840E2;0,000000000E0
1,174121840E2;0,000000000E0
1,175121840E2;0,000000000E0
1,176121840E2;0,000000000E0
1,177121840E2;0,000000000E0
1,178121840E2;0,000000000E0
1,179121840E2;0,000000000E0
1,180121840E2;0,000000000E0
1,181121840E2;0,000000000E0
1,182121840E2;0,000000000E0
1,183121840E2;0,000000000E0
1,184121840E2;0,000000000E0
1,185121840E2;0,000000000E0
1,186121840E2;0,000000000E0
1,187121840E2;0,000000000E0
1,188121840E2;0,000000000E0
1,189121840E2;0,000000000E0
1,190121840E2;0,000000000E0
1,191121840E2;0,000000000E0
1,192121840E2;0,000000000E0
1,193121840E2;0,000000000E0
1,194121840E2;0,000000000E0
1,195121840E2;0,000000000E0
1,196121840E2;0,000000000E0
1,197121840E2;0,000000000E0
1,198121840E2;0,000000000E0
1,199121840E2;0,000000000E0
1,200121840E2;0,000000000E0
1,201121840E2;0,000000000E0
1,202121840E2;0,000000000E0
1,203121840E2;0,000000000E0
1,204121840E2;0,000000000E0
1,205121840E2;0,000000000E0
1,206121840E2;0,000000000E0
1,207121840E2;0,000000000E0
1,208121840E2;0,000000000E0
1,209121840E2;0,000000000E0
1,210121840E2;0,000000000E0
1,211121840E2;0,000000000E0
1,212121840E2;0,000000000E0
1,213121840E2;0,000000000E0
1,214121840E2;0,000000000E0
1,215121840E2;0,000000000E0
1,216121840E2;0,000000000E0
1,217121840E2;0,000000000E0
1,218121840E2;0,000000000E0
1,219121840E2;0,000000000E0
1,220121840E2;0,000000000E0
1,221121840E2;0,000000000E0
1,222121840E2;0,000000000E0
1,223121840E2;0,000000000E0
1,224121840E2;0,000000000E0
1,225121840E2;0,000000000E0
1,226121840E2;0,000000000E0
1,227121840E2;0,000000000E0
1,228121840E2;0,000000000E0
1,229121840E2;0,000000000E0
1,230121840E2;0,000000000E0
1,231121840E2;0,000000000E0
1,232121840E2;0,000000000E0
1,233121840E2;0,000000000E0
1,234121840E2;0,000000000E0
1,235121840E2;0,000000000E0
1,236121840E2;0,000000000E0
1,237121840E2;0,000000000E0
1,238121840E2;0,000000000E0
1,239121840E2;0,000000000E0
1,240121840E2;0,000000000E0
1,241121840E2;0,000000000E0
1,242121840E2;0,000000000E0
1,243121840E2;0,000000000E0
1,244121840E2;0,000000000E0
1,245121840E2;0,000000000E0
1,246121840E2;0,000000000E0
1,247121840E2;0,000000000E0
1,248121840E2;0,000000000E0
1,249121840E2;0,000000000E0
1,250121840E2;0,000000000E0
1,251121840E2;0,000000000E0
1,252121840E2;0,000000000E0
1,253121840E2;0,000000000E0
1,254121840E2;0,000000000E0
1,255121840E2;0,000000000E0
1,256121840E2;0,000000000E0
1,257121840E2;0,000000000E0
1,258121840E2;0,000000000E0
1,259121840E2;0,000000000E0
1,260121840E2;0,000000000E0
1,261121840E2;0,000000000E0
1,262121840E2;0,000000000E0
1,263121840E2;0,000000000E0
1,264121840E2;0,000000000E0
1,265121840E2;0,000000000E0
1,266121840E2;0,000000000E0
1,267121840E2;0,000000000E0
1,268121840E2;0,000000000E0
1,269121840E2;0,000000000E0
1,270121840E2;0,000000000E0
1,271121840E2;0,000000000E0
1,272121840E2;0,000000000E0
1,273121840E2;0,000000000E0
1,274121840E2;0,000000000E0
1,275121840E2;0,000000000E0
1,276121840E2;0,000000000E0
1,277121840E2;0,000000000E0
1,278121840E2;0,000000000E0
1,279121840E2;0,000000000E0
1,280121840E2;0,000000000E0
1,281121840E2;0,000000000E0
1,282121840E2;0,000000000E0
1,283121840E2;0,000000000E0
1,284121840E2;0,000000000E0
1,285121840E2;0,000000000E0
1,286121840E2;0,000000000E0
1,287121840E2;0,000000000E0
1,288121840E2;0,000000000E0
1,289121840E2;0,000000000E0
1,290121840E2;0,000000000E0
1,291121840E2;0,000000000E0
1,292121840E2;0,000000000E0
1,293121840E2;0,000000000E0
1,294121840E2;0,000000000E0
1,295121840E2;0,000000000E0
1,296121840E2;0,000000000E0
1,297121840E2;0,000000000E0
1,298121840E2;0,000000000E0
1,299121840E2;0,000000000E0
1,300121840E2;0,000000000E0
1,301121840E2;0,000000000E0
1,302121840E2;0,000000000E0
1,303121840E2;0,000000000E0
1,304121840E2;0,000000000E0
1,305121840E2;0,000000000E0
1,306121840E2;0,000000000E0
1,307121840E2;0,000000000E0
1,308121840E2;0,000000000E0
1,309121840E2;0,000000000E0
1,310121840E2;0,000000000E0
1,311121840E2;0,000000000E0
1,312121840E2;0,000000000E0
1,313121840E2;0,000000000E0
1,314121840E2;0,000000000E0
1,315121840E2;0,000000000E0
1,316121840E2;0,000000000E0
1,317121840E2;0,000000000E0
1,318121840E2;0,000000000E0
1,319121840E2;0,000000000E0
1,320121840E2;0,000000000E0
1,321121840E2;0,000000000E0
1,322121840E2;0,000000000E0
1,323121840E2;0,000000000E0
1,324121840E2;0,000000000E0
1,325121840E2;0,000000000E0
1,326121840E2;0,000000000E0
1,327121840E2;0,000000000E0
1,328121840E2;0,000000000E0
1,329121840E2;0,000000000E0
1,330121840E2;0,000000000E0
1,331121840E2;0,000000000E0
1,332121840E2;0,000000000E0
1,333121840E2;0,000000000E0
1,334121840E2;0,000000000E0
1,335121840E2;0,000000000E0
1,336121840E2;0,000000000E0
1,337121840E2;0,000000000E0
1,338121840E2;0,000000000E0
1,339121840E2;0,000000000E0
1,340121840E2;0,000000000E0
1,341121840E2;0,000000000E0
1,342121840E2;0,000000000E0
1,343121840E2;0,000000000E0
1,344121840E2;0,000000000E0
1,345121840E2;0,000000000E0
1,346121840E2;0,000000000E0
1,347121840E2;0,000000000E0
1,348121840E2;0,000000000E0
1,349121840E2;0,000000000E0
1,350121840E2;0,000000000E0
1,351121840E2;0,000000000E0
1,352121840E2;0,000000000E0
1,353121840E2;0,000000000E0
1,354121840E2;0,000000000E0
1,355121840E2;0,000000000E0
1,356121840E2;0,000000000E0
1,357121840E2;0,000000000E0
1,358121840E2;0,000000000E0
1,359121840E2;0,000000000E0
1,360121840E2;0,000000000E0
1,361121840E2;0,000000000E0
1,362121840E2;0,000000000E0
1,363121840E2;0,000000000E0
1,364121840E2;0,000000000E0
1,365121840E2;0,000000000E0
1,366121840E2;0,000000000E0
1,367121840E2;0,000000000E0
1,368121840E2;0,000000000E0
1,369121840E2;0,000000000E0
1,370121840E2;0,000000000E0
1,371121840E2;0,000000000E0
1,372121840E2;0,000000000E0
1,373121840E2;0,000000000E0
1,374121840E2;0,000000000E0
1,375121840E2;0,000000000E0
1,376121840E2;0,000000000E0
1,377121840E2;0,000000000E0
1,378121840E2;0,000000000E0
1,379121840E2;0,000000000E0
1,380121840E2;0,000000000E0
1,381121840E2;0,000000000E0
1,382121840E2;0,000000000E0
1,383121840E2;0,000000000E0
1,384121840E2;0,000000000E0
1,385121840E2;0,000000000E0
1,386121840E2;0,000000000E0
1,387121840E2;0,000000000E0
1,388121840E2;0,000000000E0
1,389121840E2;0,000000000E0
1,390121840E2;0,000000000E0
1,391121840E2;0,000000000E0
1,392121840E2;0,000000000E0
1,393121840E2;0,000000000E0
1,394121840E2;0,000000000E0
1,395121840E2;0,000000000E0
1,396121840E2;0,000000000E0
1,397121840E2;0,000000000E0
1,398121840E2;0,000000000E0
1,399121840E2;0,000000000E0
1,400121840E2;0,000000000E0
1,401121840E2;0,000000000E0
1,402121840E2;0,000000000E0
1,403121840E2;0,000000000E0
1,404121840E2;0,000000000E0
1,405121840E2;0,000000000E0
1,406121840E2;0,000000000E0
1,407121840E2;0,000000000E0
1,408121840E2;0,000000000E0
1,409121840E2;0,000000000E0
1,410121840E2;0,000000000E0
1,411121840E2;0,000000000E0
1,412121840E2;0,000000000E0
1,413121840E2;0,000000000E0
1,414121840E2;0,000000000E0
1,415121840E2;0,000000000E0
1,416121840E2;0,000000000E0
1,417121840E2;0,000000000E0
1,418121840E2;0,000000000E0
1,419121840E2;0,000000000E0
1,420121840E2;0,000000000E0
1,421121840E2;0,000000000E0
1,422121840E2;0,000000000E0
1,423121840E2;0,000000000E0
1,424121840E2;0,000000000E0
1,425121840E2;0,000000000E0
1,426121840E2;0,000000000E0
1,427121840E2;0,000000000E0
1,428121840E2;0,000000000E0
1,429121840E2;0,000000000E0
1,430121840E2;0,000000000E0
1,431121840E2;0,000000000E0
1,432121840E2;0,000000000E0
1,433121840E2;0,000000000E0
1,434121840E2;0,000000000E0
1,435121840E2;0,000000000E0
1,436121840E2;0,000000000E0
1,437121840E2;0,000000000E0
1,438121840E2;0,000000000E0
1,439121840E2;0,000000000E0
1,440121840E2;0,000000000E0
1,441121840E2;0,000000000E0
1,442121840E2;0,000000000E0
1,443121840E2;0,000000000E0
1,444121840E2;0,000000000E0
1,445121840E2;0,000000000E0
1,446121840E2;0,000000000E0
1,447121840E2;0,000000000E0
1,448121840E2;0,000000000E0
1,449121840E2;0,000000000E0
1,450121840E2;0,000000000E0
1,451121840E2;0,000000000E0
1,452121840E2;0,000000000E0
1,453121840E2;0,000000000E0
1,454121840E2;0,000000000E0
1,455121840E2;0,000000000E0
1,456121840E2;0,000000000E0
1,457121840E2;0,000000000E0
1,458121840E2;0,000000000E0
1,459121840E2;0,000000000E0
1,460121840E2;0,000000000E0
1,461121840E2;0,000000000E0
1,462121840E2;0,000000000E0
1,463121840E2;0,000000000E0
1,464121840E2;0,000000000E0
1,465121840E2;0,000000000E0
1,466121840E2;0,000000000E0
1,467121840E2;0,000000000E0
1,468121840E2;0,000000000E0
1,469121840E2;0,000000000E0
1,470121840E2;0,000000000E0
1,471121840E2;0,000000000E0
1,472121840E2;0,000000000E0
1,473121840E2;0,000000000E0
1,474121840E2;0,000000000E0
1,475121840E2;0,000000000E0
1,476121840E2;0,000000000E0
1,477121840E2;0,000000000E0
1,478121840E2;0,000000000E0
1,479121840E2;0,000000000E0
1,480121840E2;0,000000000E0
1,481121840E2;0,000000000E0
1,482121840E2;0,000000000E0
1,483121840E2;0,000000000E0
1,484121840E2;0,000000000E0
1,485121840E2;0,000000000E0
1,486121840E2;0,000000000E0
1,487121840E2;0,000000000E0
1,488121840E2;0,000000000E0
1,489121840E2;0,000000000E0
1,490121840E2;0,000000000E0
1,491121840E2;0,000000000E0
1,492121840E2;0,000000000E0
1,493121840E2;0,000000000E0
1,494121840E2;0,000000000E0
1,495121840E2;0,000000000E0
1,496121840E2;0,000000000E0
1,497121840E2;0,000000000E0
1,498121840E2;0,000000000E0
1,499121840E2;0,000000000E0
1,500121840E2;0,000000000E0
1,501121840E2;0,000000000E0
1,502121840E2;0,000000000E0
1,503121840E2;0,000000000E0
1,504121840E2;0,000000000E0
1,505121840E2;0,000000000E0
1,506121840E2;0,000000000E0
1,507121840E2;0,000000000E0
1,508121840E2;0,000000000E0
1,509121840E2;0,000000000E0
1,510121840E2;0,000000000E0
1,511121840E2;0,000000000E0
1,512121840E2;0,000000000E0
1,513121840E2;0,000000000E0
1,514121840E2;0,000000000E0
1,515121840E2;0,000000000E0
1,516121840E2;0,000000000E0
1,517121840E2;0,000000000E0
1,518121840E2;0,000000000E0
1,519121840E2;0,000000000E0
1,520121840E2;0,000000000E0
1,521121840E2;0,000000000E0
1,522121840E2;0,000000000E0
1,523121840E2;0,000000000E0
1,524121840E2;0,000000000E0
1,525121840E2;0,000000000E0
1,526121840E2;0,000000000E0
1,527121840E2;0,000000000E0
1,528121840E2;0,000000000E0
1,529121840E2;0,000000000E0
1,530121840E2;0,000000000E0
1,531121840E2;0,000000000E0
1,532121840E2;0,000000000E0
1,533121840E2;0,000000000E0
1,534121840E2;0,000000000E0
1,535121840E2;0,000000000E0
1,536121840E2;0,000000000E0
1,537121840E2;0,000000000E0
1,538121840E2;0,000000000E0
1,539121840E2;0,000000000E0
1,540121840E2;0,000000000E0
1,541121840E2;0,000000000E0
1,542121840E2;0,000000000E0
1,543121840E2;0,000000000E0
1,544121840E2;0,000000000E0
1,545121840E2;0,000000000E0
1,546121840E2;0,000000000E0
1,547121840E2;0,000000000E0
1,548121840E2;0,000000000E0
1,549121840E2;0,000000000E0
1,550121840E2;0,000000000E0
1,551121840E2;0,000000000E0
1,552121840E2;0,000000000E0
1,553121840E2;0,000000000E0
1,554121840E2;0,000000000E0
1,555121840E2;0,000000000E0
1,556121840E2;0,000000000E0
1,557121840E2;0,000000000E0
1,558121840E2;0,000000000E0
1,559121840E2;0,000000000E0
1,560121840E2;0,000000000E0
1,561121840E2;0,000000000E0
1,562121840E2;0,000000000E0
1,563121840E2;0,000000000E0
1,564121840E2;0,000000000E0
1,565121840E2;0,000000000E0
1,566121840E2;0,000000000E0
1,567121840E2;0,000000000E0
1,568121840E2;0,000000000E0
1,569121840E2;0,000000000E0
1,570121840E2;0,000000000E0
1,571121840E2;0,000000000E0
1,572121840E2;0,000000000E0
1,573121840E2;0,000000000E0
1,574121840E2;0,000000000E0
1,575121840E2;0,000000000E0
1,576121840E2;0,000000000E0
1,577121840E2;0,000000000E0
1,578121840E2;0,000000000E0
1,579121840E2;0,000000000E0
1,580121840E2;0,000000000E0
1,581121840E2;0,000000000E0
1,582121840E2;0,000000000E0
1,583121840E2;0,000000000E0
1,584121840E2;0,000000000E0
1,585121840E2;0,000000000E0
1,586121840E2;0,000000000E0
1,587121840E2;0,000000000E0
1,588121840E2;0,000000000E0
1,589121840E2;0,000000000E0
1,590121840E2;0,000000000E0
1,591121840E2;0,000000000E0
1,592121840E2;0,000000000E0
1,593121840E2;0,000000000E0
1,594121840E2;0,000000000E0
1,595121840E2;0,000000000E0
1,596121840E2;0,000000000E0
1,597121840E2;0,000000000E0
1,598121840E2;0,000000000E0
1,599121840E2;0,000000000E0
1,600121840E2;0,000000000E0
1,601121840E2;0,000000000E0
1,602121840E2;0,000000000E0
1,603121840E2;0,000000000E0
1,604121840E2;0,000000000E0
1,605121840E2;0,000000000E0
1,606121840E2;0,000000000E0
1,607121840E2;0,000000000E0
1,608121840E2;0,000000000E0
1,609121840E2;0,000000000E0
1,610121840E2;0,000000000E0
1,611121840E2;0,000000000E0
1,612121840E2;0,000000000E0
1,613121840E2;0,000000000E0
1,614121840E2;0,000000000E0
1,615121840E2;0,000000000E0
1,616121840E2;0,000000000E0
1,617121840E2;0,000000000E0
1,618121840E2;0,000000000E0
1,619121840E2;0,000000000E0
1,620121840E2;0,000000000E0
1,621121840E2;0,000000000E0
1,622121840E2;0,000000000E0
1,623121840E2;0,000000000E0
1,624121840E2;0,000000000E0
1,625121840E2;0,000000000E0
1,626121840E2;0,000000000E0
1,627121840E2;0,000000000E0
1,628121840E2;0,000000000E0
1,629121840E2;0,000000000E0
1,630121840E2;0,000000000E0
1,631121840E2;0,000000000E0
1,632121840E2;0,000000000E0
1,633121840E2;0,000000000E0
1,634121840E2;0,000000000E0
1,635121840E2;0,000000000E0
1,636121840E2;0,000000000E0
1,637121840E2;0,000000000E0
1,638121840E2;0,000000000E0
1,639121840E2;0,000000000E0
1,640121840E2;0,000000000E0
1,641121840E2;0,000000000E0
1,642121840E2;0,000000000E0
1,643121840E2;0,000000000E0
1,644121840E2;0,000000000E0
1,645121840E2;0,000000000E0
1,646121840E2;0,000000000E0
1,647121840E2;0,000000000E0
1,648121840E2;0,000000000E0
1,649121840E2;0,000000000E0
1,650121840E2;0,000000000E0
1,651121840E2;0,000000000E0
1,652121840E2;0,000000000E0
1,653121840E2;0,000000000E0
1,654121840E2;0,000000000E0
1,655121840E2;0,000000000E0
1,656121840E2;0,000000000E0
1,657121840E2;0,000000000E0
1,658121840E2;0,000000000E0
1,659121840E2;0,000000000E0
1,660121840E2;0,000000000E0
1,661121840E2;0,000000000E0
1,662121840E2;0,000000000E0
1,663121840E2;0,000000000E0
1,664121840E2;0,000000000E0
1,665121840E2;0,000000000E0
1,666121840E2;0,000000000E0
1,667121840E2;0,000000000E0
1,668121840E2;0,000000000E0
1,669121840E2;0,000000000E0
1,670121840E2;0,000000000E0
1,671121840E2;0,000000000E0
1,672121840E2;0,000000000E0
1,673121840E2;0,000000000E0
1,674121840E2;0,000000000E0
1,675121840E2;0,000000000E0
1,676121840E2;0,000000000E0
1,677121840E2;0,000000000E0
1,678121840E2;0,000000000E0
1,679121840E2;0,000000000E0
1,680121840E2;0,000000000E0
1,681121840E2;0,000000000E0
1,682121840E2;0,000000000E0
1,683121840E2;0,000000000E0
1,684121840E2;0,000000000E0
1,685121840E2;0,000000000E0
1,686121840E2;0,000000000E0
1,687121840E2;0,000000000E0
1,688121840E2;0,000000000E0
1,689121840E2;0,000000000E0
1,690121840E2;0,000000000E0
1,691121840E2;0,000000000E0
1,692121840E2;0,000000000E0
1,693121840E2;0,000000000E0
1,694121840E2;0,000000000E0
1,695121840E2;0,000000000E0
1,696121840E2;0,000000000E0
1,697121840E2;0,000000000E0
1,698121840E2;0,000000000E0
1,699121840E2;0,000000000E0
1,700121840E2;0,000000000E0
1,701121840E2;0,000000000E0
1,702121840E2;0,000000000E0
1,703121840E2;0,000000000E0
1,704121840E2;0,000000000E0
1,705121840E2;0,000000000E0
1,706121840E2;0,000000000E0
1,707121840E2;0,000000000E0
1,708121840E2;0,000000000E0
1,709121840E2;0,000000000E0
1,710121840E2;0,000000000E0
1,711121840E2;0,000000000E0
1,712121840E2;0,000000000E0
1,713121840E2;0,000000000E0
1,714121840E2;0,000000000E0
1,715121840E2;0,000000000E0
1,716121840E2;0,000000000E0
1,717121840E2;0,000000000E0
1,718121840E2;0,000000000E0
1,719121840E2;0,000000000E0
1,720121840E2;0,000000000E0
1,721121840E2;0,000000000E0
1,722121840E2;0,000000000E0
1,723121840E2;0,000000000E0
1,724121840E2;0,000000000E0
1,725121840E2;0,000000000E0
1,726121840E2;0,000000000E0
1,727121840E2;0,000000000E0
1,728121840E2;0,000000000E0
1,729121840E2;0,000000000E0
1,730121840E2;0,000000000E0
1,731121840E2;0,000000000E0
1,732121840E2;0,000000000E0
1,733121840E2;0,000000000E0
1,734121840E2;0,000000000E0
1,735121840E2;0,000000000E0
1,736121840E2;0,000000000E0
1,737121840E2;0,000000000E0
1,738121840E2;0,000000000E0
1,739121840E2;0,000000000E0
1,740121840E2;0,000000000E0
1,741121840E2;0,000000000E0
1,742121840E2;0,000000000E0
1,743121840E2;0,000000000E0
1,744121840E2;0,000000000E0
1,745121840E2;0,000000000E0
1,746121840E2;0,000000000E0
1,747121840E2;0,000000000E0
1,748121840E2;0,000000000E0
1,749121840E2;0,000000000E0
1,750121840E2;0,000000000E0
1,751121840E2;0,000000000E0
1,752121840E2;0,000000000E0
1,753121840E2;0,000000000E0
1,754121840E2;0,000000000E0
1,755121840E2;0,000000000E0
1,756121840E2;0,000000000E0
1,757121840E2;0,000000000E0
1,758121840E2;0,000000000E0
1,759121840E2;0,000000000E0
1,760121840E2;0,000000000E0
1,761121840E2;0,000000000E0
1,762121840E2;0,000000000E0
1,763121840E2;0,000000000E0
1,764121840E2;0,000000000E0
1,765121840E2;0,000000000E0
1,766121840E2;0,000000000E0
1,767121840E2;0,000000000E0
1,768121840E2;0,000000000E0
1,769121840E2;0,000000000E0
1,770121840E2;0,000000000E0
1,771121840E2;0,000000000E0
1,772121840E2;0,000000000E0
1,773121840E2;0,000000000E0
1,774121840E2;0,000000000E0
1,775121840E2;0,000000000E0
1,776121840E2;0,000000000E0
1,777121840E2;0,000000000E0
1,778121840E2;0,000000000E0
1,779121840E2;0,000000000E0
1,780121840E2;0,000000000E0
1,781121840E2;0,000000000E0
1,782121840E2;0,000000000E0
1,783121840E2;0,000000000E0
1,784121840E2;0,000000000E0
1,785121840E2;0,000000000E0
1,786121840E2;0,000000000E0
1,787121840E2;0,000000000E0
1,788121840E2;0,000000000E0
1,789121840E2;0,000000000E0
1,790121840E2;0,000000000E0
1,791121840E2;0,000000000E0
1,792121840E2;0,000000000E0
1,793121840E2;0,000000000E0
1,794121840E2;0,000000000E0
1,795121840E2;0,000000000E0
1,796121840E2;0,000000000E0
1,797121840E2;0,000000000E0
1,798121840E2;0,000000000E0
1,799121840E2;0,000000000E0
1,800121840E2;0,000000000E0
1,801121840E2;0,000000000E0
1,802121840E2;0,000000000E0
1,803121840E2;0,000000000E0
1,804121840E2;0,000000000E0
1,805121840E2;0,000000000E0
1,806121840E2;0,000000000E0
1,807121840E2;0,000000000E0
1,808121840E2;0,000000000E0
1,809121840E2;0,000000000E0
1,810121840E2;0,000000000E0
1,811121840E2;0,000000000E0
1,812121840E2;0,000000000E0
1,813121840E2;0,000000000E0
1,814121840E2;0,000000000E0
1,815121840E2;0,000000000E0
1,816121840E2;0,000000000E0
1,817121840E2;0,000000000E0
1,818121840E2;0,000000000E0
1,819121840E2;0,000000000E0
1,820121840E2;0,000000000E0
1,821121840E2;0,000000000E0
1,822121840E2;0,000000000E0
1,823121840E2;0,000000000E0
1,824121840E2;0,000000000E0
1,825121840E2;0,000000000E0
1,826121840E2;0,000000000E0
1,827121840E2;0,000000000E0
1,828121840E2;0,000000000E0
1,829121840E2;0,000000000E0
1,830121840E2;0,000000000E0
1,831121840E2;0,000000000E0
1,832121840E2;0,000000000E0
1,833121840E2;0,000000000E0
1,834121840E2;0,000000000E0
1,835121840E2;0,000000000E0
1,836121840E2;0,000000000E0
1,837121840E2;0,000000000E0
1,838121840E2;0,000000000E0
1,839121840E2;0,000000000E0
1,840121840E2;0,000000000E0
1,841121840E2;0,000000000E0
1,842121840E2;0,000000000E0
1,843121840E2;0,000000000E0
1,844121840E2;0,000000000E0
1,845121840E2;0,000000000E0
1,846121840E2;0,000000000E0
1,847121840E2;0,000000000E0
1,848121840E2;0,000000000E0
1,849121840E2;0,000000000E0
1,850121840E2;0,000000000E0
1,851121840E2;0,000000000E0
1,852121840E2;0,000000000E0
1,853121840E2;0,000000000E0
1,854121840E2;0,000000000E0
1,855121840E2;0,000000000E0
1,856121840E2;0,000000000E0
1,857121840E2;0,000000000E0
1,858121840E2;0,000000000E0
1,859121840E2;0,000000000E0
1,860121840E2;0,000000000E0
1,861121840E2;0,000000000E0
1,862121840E2;0,000000000E0
1,863121840E2;0,000000000E0
1,864121840E2;0,000000000E0
1,865121840E2;0,000000000E0
1,866121840E2;0,000000000E0
1,867121840E2;0,000000000E0
1,868121840E2;0,000000000E0
1,869121840E2;0,000000000E0
1,870121840E2;0,000000000E0
1,871121840E2;0,000000000E0
1,872121840E2;0,000000000E0
1,873121840E2;0,000000000E0
1,874121840E2;0,000000000E0
1,875121840E2;0,000000000E0
1,876121840E2;0,000000000E0
1,877121840E2;0,000000000E0
1,878121840E2;0,000000000E0
1,879121840E2;0,000000000E0
1,880121840E2;0,000000000E0
1,881121840E2;0,000000000E0
1,882121840E2;0,000000000E0
1,883121840E2;0,000000000E0
1,884121840E2;0,000000000E0
1,885121840E2;0,000000000E0
1,886121840E2;0,000000000E0
1,887121840E2;0,000000000E0
1,888121840E2;0,000000000E0
1,889121840E2;0,000000000E0
1,890121840E2;0,000000000E0
1,891121840E2;0,000000000E0
1,892121840E2;0,000000000E0
1,893121840E2;0,000000000E0
1,894121840E2;0,000000000E0
1,895121840E2;0,000000000E0
1,896121840E2;0,000000000E0
1,897121840E2;0,000000000E0
1,898121840E2;0,000000000E0
1,899121840E2;0,000000000E0
1,900121840E2;0,000000000E0
1,901121840E2;0,000000000E0
1,902121840E2;0,000000000E0
1,903121840E2;0,000000000E0
1,904121840E2;0,000000000E0
1,905121840E2;0,000000000E0
1,906121840E2;0,000000000E0
1,907121840E2;0,000000000E0
1,908121840E2;0,000000000E0
1,909121840E2;0,000000000E0
1,910121840E2;0,000000000E0
1,911121840E2;0,000000000E0
1,912121840E2;0,000000000E0
1,913121840E2;0,000000000E0
1,914121840E2;0,000000000E0
1,915121840E2;0,000000000E0
1,916121840E2;0,000000000E0
1,917121840E2;0,000000000E0
1,918121840E2;0,000000000E0
1,919121840E2;0,000000000E0
1,920121840E2;0,000000000E0
1,921121840E2;0,000000000E0
1,922121840E2;0,000000000E0
1,923121840E2;0,000000000E0
1,924121840E2;0,000000000E0
1,925121840E2;0,000000000E0
1,926121840E2;0,000000000E0
1,927121840E2;0,000000000E0
1,928121840E2;0,000000000E0
1,929121840E2;0,000000000E0
1,930121840E2;0,000000000E0
1,931121840E2;0,000000000E0
1,932121840E2;0,000000000E0
1,933121840E2;0,000000000E0
1,934121840E2;0,000000000E0
1,935121840E2;0,000000000E0
1,936121840E2;0,000000000E0
1,937121840E2;0,000000000E0
1,938121840E2;0,000000000E0
1,939121840E2;0,000000000E0
1,940121840E2;0,000000000E0
1,941121840E2;0,000000000E0
1,942121840E2;0,000000000E0
1,943121840E2;0,000000000E0
1,944121840E2;0,000000000E0
1,945121840E2;0,000000000E0
1,946121840E2;0,000000000E0
1,947121840E2;0,000000000E0
1,948121840E2;0,000000000E0
1,949121840E2;0,000000000E0
1,950121840E2;0,000000000E0
1,951121840E2;0,000000000E0
1,952121840E2;0,000000000E0
1,953121840E2;0,000000000E0
1,954121840E2;0,000000000E0
1,955121840E2;0,000000000E0
1,956121840E2;0,000000000E0
1,957121840E2;0,000000000E0
1,958121840E2;0,000000000E0
1,959121840E2;0,000000000E0
1,960121840E2;0,000000000E0
1,961121840E2;0,000000000E0
1,962121840E2;0,000000000E0
1,963121840E2;0,000000000E0
1,964121840E2;0,000000000E0
1,965121840E2;0,000000000E0
1,966121840E2;0,000000000E0
1,967121840E2;0,000000000E0
1,968121840E2;0,000000000E0
1,969121840E2;0,000000000E0
1,970121840E2;0,000000000E0
1,971121840E2;0,000000000E0
1,972121840E2;0,000000000E0
1,973121840E2;0,000000000E0
1,974121840E2;0,000000000E0
1,975121840E2;0,000000000E0
1,976121840E2;0,000000000E0
1,977121840E2;0,000000000E0
1,978121840E2;0,000000000E0
1,979121840E2;0,000000000E0
1,980121840E2;0,000000000E0
1,981121840E2;0,000000000E0
1,982121840E2;0,000000000E0
1,983121840E2;0,000000000E0
1,984121840E2;0,000000000E0
1,985121840E2;0,000000000E0
1,986121840E2;0,000000000E0
1,987121840E2;0,000000000E0
1,988121840E2;0,000000000E0
1,989121840E2;0,000000000E0
1,990121840E2;0,000000000E0
1,991121840E2;0,000000000E0
1,992121840E2;0,000000000E0
1,993121840E2;0,000000000E0
1,994121840E2;0,000000000E0
1,995121840E2;0,000000000E0
1,996121840E2;0,000000000E0
1,997121840E2;0,000000000E0
1,998121840E2;0,000000000E0
1,999121840E2;0,000000000E0
2,000121840E2;0,000000000E0
2,001121840E2;0,000000000E0
2,002121840E2;0,000000000E0
2,003121840E2;0,000000000E0
2,004121840E2;0,000000000E0
2,005121840E2;0,000000000E0
2,006121840E2;0,000000000E0
2,007121840E2;0,000000000E0
2,008121840E2;0,000000000E0
2,009121840E2;0,000000000E0
2,010121840E2;0,000000000E0
2,011121840E2;0,000000000E0
2,012121840E2;0,000000000E0
2,013121840E2;0,000000000E0
2,014121840E2;0,000000000E0
2,015121840E2;0,000000000E0
2,016121840E2;0,000000000E0
2,017121840E2;0,000000000E0
2,018121840E2;0,000000000E0
2,019121840E2;0,000000000E0
2,020121840E2;0,000000000E0
2,021121840E2;0,000000000E0
2,022121840E2;0,000000000E0
2,023121840E2;0,000000000E0
2,024121840E2;0,000000000E0
2,025121840E2;0,000000000E0
2,026121840E2;0,000000000E0
2,027121840E2;0,000000000E0
2,028121840E2;0,000000000E0
2,029121840E2;0,000000000E0
2,030121840E2;0,000000000E0
2,031121840E2;0,000000000E0
2,032121840E2;0,000000000E0
2,033121840E2;0,000000000E0
2,034121840E2;0,000000000E0
2,035121840E2;0,000000000E0
2,036121840E2;0,000000000E0
2,037121840E2;0,000000000E0
2,038121840E2;0,000000000E0
2,039121840E2;0,000000000E0
2,040121840E2;0,000000000E0
2,041121840E2;0,000000000E0
2,042121840E2;0,000000000E0
2,043121840E2;0,000000000E0
2,044121840E2;0,000000000E0
2,045121840E2;0,000000000E0
2,046121840E2;0,000000000E0
2,047121840E2;0,000000000E0
2,048121840E2;0,000000000E0
2,049121840E2;0,000000000E0
2,050121840E2;0,000000000E0
2,051121840E2;0,000000000E0
2,052121840E2;0,000000000E0
2,053121840E2;0,000000000E0
2,054121840E2;0,000000000E0
2,055121840E2;0,000000000E0
2,056121840E2;0,000000000E0
2,057121840E2;0,000000000E0
2,058121840E2;0,000000000E0
2,059121840E2;0,000000000E0
2,060121840E2;0,000000000E0
2,061121840E2;0,000000000E0
2,062121840E2;0,000000000E0
2,063121840E2;0,000000000E0
2,064121840E2;0,000000000E0
2,065121840E2;0,000000000E0
2,066121840E2;0,000000000E0
2,067121840E2;0,000000000E0
2,068121840E2;0,000000000E0
2,069121840E2;0,000000000E0
2,070121840E2;0,000000000E0
2,071121840E2;0,000000000E0
2,072121840E2;0,000000000E0
2,073121840E2;0,000000000E0
2,074121840E2;0,000000000E0
2,075121840E2;0,000000000E0
2,076121840E2;0,000000000E0
2,077121840E2;0,000000000E0
2,078121840E2;0,000000000E0
2,079121840E2;0,000000000E0
2,080121840E2;0,000000000E0
2,081121840E2;0,000000000E0
2,082121840E2;0,000000000E0
2,083121840E2;0,000000000E0
2,084121840E2;0,000000000E0
2,085121840E2;0,000000000E0
2,086121840E2;0,000000000E0
2,087121840E2;0,000000000E0
2,088121840E2;0,000000000E0
2,089121840E2;0,000000000E0
2,090121840E2;0,000000000E0
2,091121840E2;0,000000000E0
2,092121840E2;0,000000000E0
2,093121840E2;0,000000000E0
2,094121840E2;0,000000000E0
2,095121840E2;0,000000000E0
2,096121840E2;0,000000000E0
2,097121840E2;0,000000000E0
2,098121840E2;0,000000000E0
2,099121840E2;0,000000000E0
2,100121840E2;0,000000000E0
2,101121840E2;0,000000000E0
2,102121840E2;0,000000000E0
2,103121840E2;0,000000000E0
2,104121840E2;0,000000000E0
2,105121840E2;0,000000000E0
2,106121840E2;0,000000000E0
2,107121840E2;0,000000000E0
2,108121840E2;0,000000000E0
2,109121840E2;0,000000000E0
2,110121840E2;0,000000000E0
2,111121840E2;0,000000000E0
2,112121840E2;0,000000000E0
2,113121840E2;0,000000000E0
2,114121840E2;0,000000000E0
2,115121840E2;0,000000000E0
2,116121840E2;0,000000000E0
2,117121840E2;0,000000000E0
2,118121840E2;0,000000000E0
2,119121840E2;0,000000000E0
2,120121840E2;0,000000000E0
2,121121840E2;0,000000000E0
2,122121840E2;0,000000000E0
2,123121840E2;0,000000000E0
2,124121840E2;0,000000000E0
2,125121840E2;0,000000000E0
2,126121840E2;0,000000000E0
2,127121840E2;0,000000000E0
2,128121840E2;0,000000000E0
2,129121840E2;0,000000000E0
2,130121840E2;0,000000000E0
2,131121840E2;0,000000000E0
2,132121840E2;0,000000000E0
2,133121840E2;0,000000000E0
2,134121840E2;0,000000000E0
2,135121840E2;0,000000000E0
2,136121840E2;0,000000000E0
2,137121840E2;0,000000000E0
2,138121840E2;0,000000000E0
2,139121840E2;0,000000000E0
2,140121840E2;0,000000000E0
2,141121840E2;0,000000000E0
2,142121840E2;0,000000000E0
2,143121840E2;0,000000000E0
2,144121840E2;0,000000000E0
2,145121840E2;0,000000000E0
2,146121840E2;0,000000000E0
2,147121840E2;0,000000000E0
2,148121840E2;0,000000000E0
2,149121840E2;0,000000000E0
2,150121840E2;0,000000000E0
2,151121840E2;0,000000000E0
2,152121840E2;0,000000000E0
2,153121840E2;0,000000000E0
2,154121840E2;0,000000000E0
2,155121840E2;0,000000000E0
2,156121840E2;0,000000000E0
2,157121840E2;0,000000000E0
2,158121840E2;0,000000000E0
2,159121840E2;0,000000000E0
2,160121840E2;0,000000000E0
2,161121840E2;0,000000000E0
2,162121840E2;0,000000000E0
2,163121840E2;0,000000000E0
2,164121840E2;0,000000000E0
2,165121840E2;0,000000000E0
2,166121840E2;0,000000000E0
2,167121840E2;0,000000000E0
2,168121840E2;0,000000000E0
2,169121840E2;0,000000000E0
2,170121840E2;0,000000000E0
2,171121840E2;0,000000000E0
2,172121840E2;0,000000000E0
2,173121840E2;0,000000000E0
2,174121840E2;0,000000000E0
2,175121840E2;0,000000000E0
2,176121840E2;0,000000000E0
2,177121840E2;0,000000000E0
2,178121840E2;0,000000000E0
2,179121840E2;0,000000000E0
2,180121840E2;0,000000000E0
2,181121840E2;0,000000000E0
2,182121840E2;0,000000000E0
2,183121840E2;0,000000000E0
2,184121840E2;0,000000000E0
2,185121840E2;0,000000000E0
2,186121840E2;0,000000000E0
2,187121840E2;0,000000000E0
2,188121840E2;0,000000000E0
2,189121840E2;0,000000000E0
2,190121840E2;0,000000000E0
2,191121840E2;0,000000000E0
2,192121840E2;0,000000000E0
2,193121840E2;0,000000000E0
2,194121840E2;0,000000000E0
2,195121840E2;0,000000000E0
2,196121840E2;0,000000000E0
2,197121840E2;0,000000000E0
2,198121840E2;0,000000000E0
2,199121840E2;0,000000000E0
2,200121840E2;0,000000000E0
2,201121840E2;0,000000000E0
2,202121840E2;0,000000000E0
2,203121840E2;0,000000000E0
2,204121840E2;0,000000000E0
2,205121840E2;0,000000000E0
2,206121840E2;0,000000000E0
2,207121840E2;0,000000000E0
2,208121840E2;0,000000000E0
2,209121840E2;0,000000000E0
2,210121840E2;0,000000000E0
2,211121840E2;0,000000000E0
2,212121840E2;0,000000000E0
2,213121840E2;0,000000000E0
2,214121840E2;0,000000000E0
2,215121840E2;0,000000000E0
2,216121840E2;0,000000000E0
2,217121840E2;0,000000000E0
2,218121840E2;0,000000000E0
2,219121840E2;0,000000000E0
2,220121840E2;0,000000000E0
2,221121840E2;0,000000000E0
2,222121840E2;0,000000000E0
2,223121840E2;0,000000000E0
2,224121840E2;0,000000000E0
2,225121840E2;0,000000000E0
2,226121840E2;0,000000000E0
2,227121840E2;0,000000000E0
2,228121840E2;0,000000000E0
2,229121840E2;0,000000000E0
2,230121840E2;0,000000000E0
2,231121840E2;0,000000000E0
2,232121840E2;0,000000000E0
2,233121840E2;0,000000000E0
2,234121840E2;0,000000000E0
2,235121840E2;0,000000000E0
2,236121840E2;0,000000000E0
2,237121840E2;0,000000000E0
2,238121840E2;0,000000000E0
2,239121840E2;0,000000000E0
2,240121840E2;0,000000000E0
2,241121840E2;0,000000000E0
2,242121840E2;0,000000000E0
2,243121840E2;0,000000000E0
2,244121840E2;0,000000000E0
2,245121840E2;0,000000000E0
2,246121840E2;0,000000000E0
2,247121840E2;0,000000000E0
2,248121840E2;0,000000000E0
2,249121840E2;0,000000000E0
2,250121840E2;0,000000000E0
2,251121840E2;0,000000000E0
2,252121840E2;0,000000000E0
2,253121840E2;0,000000000E0
2,254121840E2;0,000000000E0
2,255121840E2;0,000000000E0
2,256121840E2;0,000000000E0
2,257121840E2;0,000000000E0
2,258121840E2;0,000000000E0
2,259121840E2;0,000000000E0
2,260121840E2;0,000000000E0
2,261121840E2;0,000000000E0
2,262121840E2;0,000000000E0
2,263121840E2;0,000000000E0
2,264121840E2;0,000000000E0
2,265121840E2;0,000000000E0
2,266121840E2;0,000000000E0
2,267121840E2;0,000000000E0
2,268121840E2;0,000000000E0
2,269121840E2;0,000000000E0
2,270121840E2;0,000000000E0
2,271121840E2;0,000000000E0
2,272121840E2;0,000000000E0
2,273121840E2;0,000000000E0
2,274121840E2;0,000000000E0
2,275121840E2;0,000000000E0
2,276121840E2;0,000000000E0
2,277121840E2;0,000000000E0
2,278121840E2;0,000000000E0
2,279121840E2;0,000000000E0
2,280121840E2;0,000000000E0
2,281121840E2;0,000000000E0
2,282121840E2;0,000000000E0
2,283121840E2;0,000000000E0
2,284121840E2;0,000000000E0
2,285121840E2;0,000000000E0
2,286121840E2;0,000000000E0
2,287121840E2;0,000000000E0
2,288121840E2;0,000000000E0
2,289121840E2;0,000000000E0
2,290121840E2;0,000000000E0
2,291121840E2;0,000000000E0
2,292121840E2;0,000000000E0
2,293121840E2;0,000000000E0
2,294121840E2;0,000000000E0
2,295121840E2;0,000000000E0
2,296121840E2;0,000000000E0
2,297121840E2;0,000000000E0
2,298121840E2;0,000000000E0
2,299121840E2;0,000000000E0
2,300121840E2;0,000000000E0
2,301121840E2;0,000000000E0
2,302121840E2;0,000000000E0
2,303121840E2;0,000000000E0
2,304121840E2;0,000000000E0
2,305121840E2;0,000000000E0
2,306121840E2;0,000000000E0
2,307121840E2;0,000000000E0
2,308121840E2;0,000000000E0
2,309121840E2;0,000000000E0
2,310121840E2;0,000000000E0
2,311121840E2;0,000000000E0
2,312121840E2;0,000000000E0
2,313121840E2;0,000000000E0
2,314121840E2;0,000000000E0
2,315121840E2;0,000000000E0
2,316121840E2;0,000000000E0
2,317121840E2;0,000000000E0
2,318121840E2;0,000000000E0
2,319121840E2;0,000000000E0
2,320121840E2;0,000000000E0
2,321121840E2;0,000000000E0
2,322121840E2;0,000000000E0
2,323121840E2;0,000000000E0
2,324121840E2;0,000000000E0
2,325121840E2;0,000000000E0
2,326121840E2;0,000000000E0
2,327121840E2;0,000000000E0
2,328121840E2;0,000000000E0
2,329121840E2;0,000000000E0
2,330121840E2;0,000000000E0
2,331121840E2;0,000000000E0
2,332121840E2;0,000000000E0
2,333121840E2;0,000000000E0
2,334121840E2;0,000000000E0
2,335121840E2;0,000000000E0
2,336121840E2;0,000000000E0
2,337121840E2;0,000000000E0
2,338121840E2;0,000000000E0
2,339121840E2;0,000000000E0
2,340121840E2;0,000000000E0
2,341121840E2;0,000000000E0
2,342121840E2;0,000000000E0
2,343121840E2;0,000000000E0
2,344121840E2;0,000000000E0
2,345121840E2;0,000000000E0
2,346121840E2;0,000000000E0
2,347121840E2;0,000000000E0
2,348121840E2;0,000000000E0
2,349121840E2;0,000000000E0
2,350121840E2;0,000000000E0
2,351121840E2;0,000000000E0
2,352121840E2;0,000000000E0
2,353121840E2;0,000000000E0
2,354121840E2;0,000000000E0
2,355121840E2;0,000000000E0
2,356121840E2;0,000000000E0
2,357121840E2;0,000000000E0
2,358121840E2;0,000000000E0
2,359121840E2;0,000000000E0
2,360121840E2;0,000000000E0
2,361121840E2;0,000000000E0
2,362121840E2;0,000000000E0
2,363121840E2;0,000000000E0
2,364121840E2;0,000000000E0
2,365121840E2;0,000000000E0
2,366121840E2;0,000000000E0
2,367121840E2;0,000000000E0
2,368121840E2;0,000000000E0
2,369121840E2;0,000000000E0
2,370121840E2;0,000000000E0
2,371121840E2;0,000000000E0
2,372121840E2;0,000000000E0
2,373121840E2;0,000000000E0
2,374121840E2;0,000000000E0
2,375121840E2;0,000000000E0
2,376121840E2;0,000000000E0
2,377121840E2;0,000000000E0
2,378121840E2;0,000000000E0
2,379121840E2;0,000000000E0
2,380121840E2;0,000000000E0
2,381121840E2;0,000000000E0
2,382121840E2;0,000000000E0
2,383121840E2;0,000000000E0
2,384121840E2;0,000000000E0
2,385121840E2;0,000000000E0
2,386121840E2;0,000000000E0
2,387121840E2;0,000000000E0
2,388121840E2;0,000000000E0
2,389121840E2;0,000000000E0
2,390121840E2;0,000000000E0
2,391121840E2;0,000000000E0
2,392121840E2;0,000000000E0
2,393121840E2;0,000000000E0
2,394121840E2;0,000000000E0
2,395121840E2;0,000000000E0
2,396121840E2;0,000000000E0
2,397121840E2;0,000000000E0
2,398121840E2;0,000000000E0
2,399121840E2;0,000000000E0
2,400121840E2;0,000000000E0
2,401121840E2;0,000000000E0
2,402121840E2;0,000000000E0
2,403121840E2;0,000000000E0
2,404121840E2;0,000000000E0
2,405121840E2;0,000000000E0
2,406121840E2;0,000000000E0
2,407121840E2;0,000000000E0
2,408121840E2;0,000000000E0
2,409121840E2;0,000000000E0
2,410121840E2;0,000000000E0
2,411121840E2;0,000000000E0
2,412121840E2;0,000000000E0
2,413121840E2;0,000000000E0
2,414121840E2;0,000000000E0
2,415121840E2;0,000000000E0
2,416121840E2;0,000000000E0
2,417121840E2;0,000000000E0
2,418121840E2;0,000000000E0
2,419121840E2;0,000000000E0
2,420121840E2;0,000000000E0
2,421121840E2;0,000000000E0
2,422121840E2;0,000000000E0
2,423121840E2;0,000000000E0
2,424121840E2;0,000000000E0
2,425121840E2;0,000000000E0
2,426121840E2;0,000000000E0
2,427121840E2;0,000000000E0
2,428121840E2;0,000000000E0
2,429121840E2;0,000000000E0
2,430121840E2;0,000000000E0
2,431121840E2;0,000000000E0
2,432121840E2;0,000000000E0
2,433121840E2;0,000000000E0
2,434121840E2;0,000000000E0
2,435121840E2;0,000000000E0
2,436121840E2;0,000000000E0
2,437121840E2;0,000000000E0
2,438121840E2;0,000000000E0
2,439121840E2;0,000000000E0
2,440121840E2;0,000000000E0
2,441121840E2;0,000000000E0
2,442121840E2;0,000000000E0
2,443121840E2;0,000000000E0
2,444121840E2;0,000000000E0
2,445121840E2;0,000000000E0
2,446121840E2;0,000000000E0
2,447121840E2;0,000000000E0
2,448121840E2;0,000000000E0
2,449121840E2;0,000000000E0
2,450121840E2;0,000000000E0
2,451121840E2;0,000000000E0
2,452121840E2;0,000000000E0
2,453121840E2;0,000000000E0
2,454121840E2;0,000000000E0
2,455121840E2;0,000000000E0
2,456121840E2;0,000000000E0
2,457121840E2;0,000000000E0
2,458121840E2;0,000000000E0
2,459121840E2;0,000000000E0
2,460121840E2;0,000000000E0
2,461121840E2;0,000000000E0
2,462121840E2;0,000000000E0
2,463121840E2;0,000000000E0
2,464121840E2;0,000000000E0
2,465121840E2;0,000000000E0
2,466121840E2;0,000000000E0
2,467121840E2;0,000000000E0
2,468121840E2;0,000000000E0
2,469121840E2;0,000000000E0
2,470121840E2;0,000000000E0
2,471121840E2;0,000000000E0
2,472121840E2;0,000000000E0
2,473121840E2;0,000000000E0
2,474121840E2;0,000000000E0
2,475121840E2;0,000000000E0
2,476121840E2;0,000000000E0
2,477121840E2;0,000000000E0
2,478121840E2;0,000000000E0
2,479121840E2;0,000000000E0
2,480121840E2;0,000000000E0
2,481121840E2;0,000000000E0
2,482121840E2;0,000000000E0
2,483121840E2;0,000000000E0
2,484121840E2;0,000000000E0
2,485121840E2;0,000000000E0
2,486121840E2;0,000000000E0
2,487121840E2;0,000000000E0
2,488121840E2;0,000000000E0
2,489121840E2;0,000000000E0
2,490121840E2;0,000000000E0
2,491121840E2;0,000000000E0
2,492121840E2;0,000000000E0
2,493121840E2;0,000000000E0
2,494121840E2;0,000000000E0
2,495121840E2;0,000000000E0
2,496121840E2;0,000000000E0
2,497121840E2;0,000000000E0
2,498121840E2;0,000000000E0
2,499121840E2;0,000000000E0
2,500121840E2;0,000000000E0
2,501121840E2;0,000000000E0
2,502121840E2;0,000000000E0
2,503121840E2;0,000000000E0
2,504121840E2;0,000000000E0
2,505121840E2;0,000000000E0
2,506121840E2;0,000000000E0
2,507121840E2;0,000000000E0
2,508121840E2;0,000000000E0
2,509121840E2;0,000000000E0
2,510121840E2;0,000000000E0
2,511121840E2;0,000000000E0
2,512121840E2;0,000000000E0
2,513121840E2;0,000000000E0
2,514121840E2;0,000000000E0
2,515121840E2;0,000000000E0
2,516121840E2;0,000000000E0
2,517121840E2;0,000000000E0
2,518121840E2;0,000000000E0
2,519121840E2;0,000000000E0
2,520121840E2;0,000000000E0
2,521121840E2;0,000000000E0
2,522121840E2;0,000000000E0
2,523121840E2;0,000000000E0
2,524121840E2;0,000000000E0
2,525121840E2;0,000000000E0
2,526121840E2;0,000000000E0
2,527121840E2;0,000000000E0
2,528121840E2;0,000000000E0
2,529121840E2;0,000000000E0
2,530121840E2;0,000000000E0
2,531121840E2;0,000000000E0
2,532121840E2;0,000000000E0
2,533121840E2;0,000000000E0
2,534121840E2;0,000000000E0
2,535121840E2;0,000000000E0
2,536121840E2;0,000000000E0
2,537121840E2;0,000000000E0
2,538121840E2;0,000000000E0
2,539121840E2;0,000000000E0
2,540121840E2;0,000000000E0
2,541121840E2;0,000000000E0
2,542121840E2;0,000000000E0
2,543121840E2;0,000000000E0
2,544121840E2;0,000000000E0
2,545121840E2;0,000000000E0
2,546121840E2;0,000000000E0
2,547121840E2;0,000000000E0
2,548121840E2;0,000000000E0
2,549121840E2;0,000000000E0
2,550121840E2;0,000000000E0
2,551121840E2;0,000000000E0
2,552121840E2;0,000000000E0
2,553121840E2;0,000000000E0
2,554121840E2;0,000000000E0
2,555121840E2;0,000000000E0
2,556121840E2;0,000000000E0
2,557121840E2;0,000000000E0
2,558121840E2;0,000000000E0
2,559121840E2;0,000000000E0
2,560121840E2;0,000000000E0
2,561121840E2;0,000000000E0
2,562121840E2;0,000000000E0
2,563121840E2;0,000000000E0
2,564121840E2;0,000000000E0
2,565121840E2;0,000000000E0
2,566121840E2;0,000000000E0
2,567121840E2;0,000000000E0
2,568121840E2;0,000000000E0
2,569121840E2;0,000000000E0
2,570121840E2;0,000000000E0
2,571121840E2;0,000000000E0
2,572121840E2;0,000000000E0
2,573121840E2;0,000000000E0
2,574121840E2;0,000000000E0
2,575121840E2;0,000000000E0
2,576121840E2;0,000000000E0
2,577121840E2;0,000000000E0
2,578121840E2;0,000000000E0
2,579121840E2;0,000000000E0
2,580121840E2;0,000000000E0
2,581121840E2;0,000000000E0
2,582121840E2;0,000000000E0
2,583121840E2;0,000000000E0
2,584121840E2;0,000000000E0
2,585121840E2;0,000000000E0
2,586121840E2;0,000000000E0
2,587121840E2;0,000000000E0
2,588121840E2;0,000000000E0
2,589121840E2;0,000000000E0
2,590121840E2;0,000000000E0
2,591121840E2;0,000000000E0
2,592121840E2;0,000000000E0
2,593121840E2;0,000000000E0
2,594121840E2;0,000000000E0
2,595121840E2;0,000000000E0
2,596121840E2;0,000000000E0
2,597121840E2;0,000000000E0
2,598121840E2;0,000000000E0
2,599121840E2;0,000000000E0
2,600121840E2;0,000000000E0
2,601121840E2;0,000000000E0
2,602121840E2;0,000000000E0
2,603121840E2;0,000000000E0
2,604121840E2;0,000000000E0
2,605121840E2;0,000000000E0
2,606121840E2;0,000000000E0
2,607121840E2;0,000000000E0
2,608121840E2;0,000000000E0
2,609121840E2;0,000000000E0
2,610121840E2;0,000000000E0
2,611121840E2;0,000000000E0
2,612121840E2;0,000000000E0
2,613121840E2;0,000000000E0
2,614121840E2;0,000000000E0
2,615121840E2;0,000000000E0
2,616121840E2;0,000000000E0
2,617121840E2;0,000000000E0
2,618121840E2;0,000000000E0
2,619121840E2;0,000000000E0
2,620121840E2;0,000000000E0
2,621121840E2;0,000000000E0
2,622121840E2;0,000000000E0
2,623121840E2;0,000000000E0
2,624121840E2;0,000000000E0
2,625121840E2;0,000000000E0
2,626121840E2;0,000000000E0
2,627121840E2;0,000000000E0
2,628121840E2;0,000000000E0
2,629121840E2;0,000000000E0
2,630121840E2;0,000000000E0
2,631121840E2;0,000000000E0
2,632121840E2;0,000000000E0
2,633121840E2;0,000000000E0
2,634121840E2;0,000000000E0
2,635121840E2;0,000000000E0
2,636121840E2;0,000000000E0
2,637121840E2;0,000000000E0
2,638121840E2;0,000000000E0
2,639121840E2;0,000000000E0
2,640121840E2;0,000000000E0
2,641121840E2;0,000000000E0
2,642121840E2;0,000000000E0
2,643121840E2;0,000000000E0
2,644121840E2;0,000000000E0
2,645121840E2;0,000000000E0
2,646121840E2;0,000000000E0
2,647121840E2;0,000000000E0
2,648121840E2;0,000000000E0
2,649121840E2;0,000000000E0
2,650121840E2;0,000000000E0
2,651121840E2;0,000000000E0
2,652121840E2;0,000000000E0
2,653121840E2;0,000000000E0
2,654121840E2;0,000000000E0
2,655121840E2;0,000000000E0
2,656121840E2;0,000000000E0
2,657121840E2;0,000000000E0
2,658121840E2;0,000000000E0
2,659121840E2;0,000000000E0
2,660121840E2;0,000000000E0
2,661121840E2;0,000000000E0
2,662121840E2;0,000000000E0
2,663121840E2;0,000000000E0
2,664121840E2;0,000000000E0
2,665121840E2;0,000000000E0
2,666121840E2;0,000000000E0
2,667121840E2;0,000000000E0
2,668121840E2;0,000000000E0
2,669121840E2;0,000000000E0
2,670121840E2;0,000000000E0
2,671121840E2;0,000000000E0
2,672121840E2;0,000000000E0
2,673121840E2;0,000000000E0
2,674121840E2;0,000000000E0
2,675121840E2;0,000000000E0
2,676121840E2;0,000000000E0
2,677121840E2;0,000000000E0
2,678121840E2;0,000000000E0
2,679121840E2;0,000000000E0
2,680121840E2;0,000000000E0
2,681121840E2;0,000000000E0
2,682121840E2;0,000000000E0
2,683121840E2;0,000000000E0
2,684121840E2;0,000000000E0
2,685121840E2;0,000000000E0
2,686121840E2;0,000000000E0
2,687121840E2;0,000000000E0
2,688121840E2;0,000000000E0
2,689121840E2;0,000000000E0
2,690121840E2;0,000000000E0
2,691121840E2;0,000000000E0
2,692121840E2;0,000000000E0
2,693121840E2;0,000000000E0
2,694121840E2;0,000000000E0
2,695121840E2;0,000000000E0
2,696121840E2;0,000000000E0
2,697121840E2;0,000000000E0
2,698121840E2;0,000000000E0
2,699121840E2;0,000000000E0
2,700121840E2;0,000000000E0
2,701121840E2;0,000000000E0
2,702121840E2;0,000000000E0
2,703121840E2;0,000000000E0
2,704121840E2;0,000000000E0
2,705121840E2;0,000000000E0
2,706121840E2;0,000000000E0
2,707121840E2;0,000000000E0
2,708121840E2;0,000000000E0
2,709121840E2;0,000000000E0
2,710121840E2;0,000000000E0
2,711121840E2;0,000000000E0
2,712121840E2;0,000000000E0
2,713121840E2;0,000000000E0
2,714121840E2;0,000000000E0
2,715121840E2;0,000000000E0
2,716121840E2;0,000000000E0
2,717121840E2;0,000000000E0
