"Time (s)";"Temperature (Â°C)"
4,461336800E-2;3,526562500E1
1,104137540E-1;3,526562500E1
2,104137540E-1;3,527343750E1
3,104137540E-1;3,524609375E1
4,104137540E-1;3,525390625E1
5,104137540E-1;3,525390625E1
6,104137540E-1;3,526562500E1
7,104137540E-1;3,523828125E1
8,104137540E-1;3,527343750E1
9,104137540E-1;3,529687500E1
1,010413754E0;3,524609375E1
1,110413754E0;3,526562500E1
1,210413754E0;3,523828125E1
1,310413754E0;3,527343750E1
1,410413754E0;3,526562500E1
1,510413754E0;3,530859375E1
1,610413754E0;3,529687500E1
1,710413754E0;3,526171875E1
1,810413754E0;3,531640625E1
1,910413754E0;3,530859375E1
2,010413754E0;3,526562500E1
2,110413754E0;3,529296875E1
2,210413754E0;3,528515625E1
2,310413754E0;3,530468750E1
2,410413754E0;3,528906250E1
2,510413754E0;3,528906250E1
2,610413754E0;3,528906250E1
2,710413754E0;3,527343750E1
2,810413754E0;3,528906250E1
2,910413754E0;3,526562500E1
3,010413754E0;3,528906250E1
3,110413754E0;3,529296875E1
3,210413754E0;3,528125000E1
3,310413754E0;3,529296875E1
3,410413754E0;3,525390625E1
3,510413754E0;3,526953125E1
3,610413754E0;3,533593750E1
3,710413754E0;3,528125000E1
3,810413754E0;3,528125000E1
3,910413754E0;3,527343750E1
4,010413754E0;3,528906250E1
4,110413754E0;3,528906250E1
4,210413754E0;3,528125000E1
4,310413754E0;3,526562500E1
4,410413754E0;3,528125000E1
4,510413754E0;3,528125000E1
4,610413754E0;3,526562500E1
4,710413754E0;3,523046875E1
4,810413754E0;3,525390625E1
4,910413754E0;3,526562500E1
5,010413754E0;3,527343750E1
5,110413754E0;3,526562500E1
5,210413754E0;3,528125000E1
5,310413754E0;3,525390625E1
5,410413754E0;3,524609375E1
5,510413754E0;3,521484375E1
5,610413754E0;3,523828125E1
5,710413754E0;3,523828125E1
5,810413754E0;3,523046875E1
5,910413754E0;3,522265625E1
6,010413754E0;3,524609375E1
6,110413754E0;3,522265625E1
6,210413754E0;3,526562500E1
6,310413754E0;3,524609375E1
6,410413754E0;3,523046875E1
6,510413754E0;3,526562500E1
6,610413754E0;3,520703125E1
6,710413754E0;3,523828125E1
6,810413754E0;3,519921875E1
6,910413754E0;3,521484375E1
7,010413754E0;3,523046875E1
7,110413754E0;3,522265625E1
7,210413754E0;3,521484375E1
7,310413754E0;3,524609375E1
7,410413754E0;3,523046875E1
7,510413754E0;3,522265625E1
7,610413754E0;3,519921875E1
7,710413754E0;3,524609375E1
7,810413754E0;3,521484375E1
7,910413754E0;3,522265625E1
8,010413754E0;3,517187500E1
8,110413754E0;3,519921875E1
8,210413754E0;3,523828125E1
8,310413754E0;3,519921875E1
8,410413754E0;3,517968750E1
8,510413754E0;3,520703125E1
8,610413754E0;3,523046875E1
8,710413754E0;3,519921875E1
8,810413754E0;3,520703125E1
8,910413754E0;3,521484375E1
9,010413754E0;3,519531250E1
9,110413754E0;3,516796875E1
9,210413754E0;3,517187500E1
9,310413754E0;3,514843750E1
9,410413754E0;3,516406250E1
9,510413754E0;3,514062500E1
9,610413754E0;3,514843750E1
9,710413754E0;3,513281250E1
9,810413754E0;3,514062500E1
9,910413754E0;3,510546875E1
1,001041375E1;3,511328125E1
1,011041375E1;3,511328125E1
1,021041375E1;3,508984375E1
1,031041375E1;3,509765625E1
1,041041375E1;3,511328125E1
1,051041375E1;3,508203125E1
1,061041375E1;3,508984375E1
1,071041375E1;3,504296875E1
1,081041375E1;3,511328125E1
1,091041375E1;3,507812500E1
1,101041375E1;3,503125000E1
1,111041375E1;3,502734375E1
1,121041375E1;3,500781250E1
1,131041375E1;3,501562500E1
1,141041375E1;3,503906250E1
1,151041375E1;3,502343750E1
1,161041375E1;3,498828125E1
1,171041375E1;3,501562500E1
1,181041375E1;3,500000000E1
1,191041375E1;3,495703125E1
1,201041375E1;3,497265625E1
1,211041375E1;3,497265625E1
1,221041375E1;3,497265625E1
1,231041375E1;3,498046875E1
1,241041375E1;3,498046875E1
1,251041375E1;3,492187500E1
1,261041375E1;3,497265625E1
1,271041375E1;3,495703125E1
1,281041375E1;3,493359375E1
1,291041375E1;3,491406250E1
1,301041375E1;3,488281250E1
1,311041375E1;3,490234375E1
1,321041375E1;3,486718750E1
1,331041375E1;3,486718750E1
1,341041375E1;3,488281250E1
1,351041375E1;3,484765625E1
1,361041375E1;3,485546875E1
1,371041375E1;3,485546875E1
1,381041375E1;3,485546875E1
1,391041375E1;3,480078125E1
1,401041375E1;3,483203125E1
1,411041375E1;3,481250000E1
1,421041375E1;3,480078125E1
1,431041375E1;3,479687500E1
1,441041375E1;3,476562500E1
1,451041375E1;3,475000000E1
1,461041375E1;3,476171875E1
1,471041375E1;3,475781250E1
1,481041375E1;3,473437500E1
1,491041375E1;3,475000000E1
1,501041375E1;3,472265625E1
1,511041375E1;3,469921875E1
1,521041375E1;3,476562500E1
1,531041375E1;3,473437500E1
1,541041375E1;3,475000000E1
1,551041375E1;3,471484375E1
1,561041375E1;3,472265625E1
1,571041375E1;3,473437500E1
1,581041375E1;3,471484375E1
1,591041375E1;3,471484375E1
1,601041375E1;3,470703125E1
1,611041375E1;3,467578125E1
1,621041375E1;3,469140625E1
1,631041375E1;3,470703125E1
1,641041375E1;3,467578125E1
1,651041375E1;3,468359375E1
1,661041375E1;3,465625000E1
1,671041375E1;3,466406250E1
1,681041375E1;3,467187500E1
1,691041375E1;3,460937500E1
1,701041375E1;3,465625000E1
1,711041375E1;3,461718750E1
1,721041375E1;3,464843750E1
1,731041375E1;3,460156250E1
1,741041375E1;3,456640625E1
1,751041375E1;3,458203125E1
1,761041375E1;3,457421875E1
1,771041375E1;3,458984375E1
1,781041375E1;3,455859375E1
1,791041375E1;3,457421875E1
1,801041375E1;3,455859375E1
1,811041375E1;3,453125000E1
1,821041375E1;3,451171875E1
1,831041375E1;3,453515625E1
1,841041375E1;3,453125000E1
1,851041375E1;3,454296875E1
1,861041375E1;3,453125000E1
1,871041375E1;3,453906250E1
1,881041375E1;3,448437500E1
1,891041375E1;3,454687500E1
1,901041375E1;3,453515625E1
1,911041375E1;3,453125000E1
1,921041375E1;3,449218750E1
1,931041375E1;3,450000000E1
1,941041375E1;3,449218750E1
1,951041375E1;3,453125000E1
1,961041375E1;3,448437500E1
1,971041375E1;3,446875000E1
1,981041375E1;3,438671875E1
1,991041375E1;3,442578125E1
2,001041375E1;3,444140625E1
2,011041375E1;3,444531250E1
2,021041375E1;3,440234375E1
2,031041375E1;3,435546875E1
2,041041375E1;3,441015625E1
2,051041375E1;3,438671875E1
2,061041375E1;3,435546875E1
2,071041375E1;3,439062500E1
2,081041375E1;3,440234375E1
2,091041375E1;3,440625000E1
2,101041375E1;3,435546875E1
2,111041375E1;3,432421875E1
2,121041375E1;3,436718750E1
2,131041375E1;3,433593750E1
2,141041375E1;3,431640625E1
2,151041375E1;3,427734375E1
2,161041375E1;3,433593750E1
2,171041375E1;3,430859375E1
2,181041375E1;3,432421875E1
2,191041375E1;3,431640625E1
2,201041375E1;3,428515625E1
2,211041375E1;3,428515625E1
2,221041375E1;3,426562500E1
2,231041375E1;3,428906250E1
2,241041375E1;3,430078125E1
2,251041375E1;3,429296875E1
2,261041375E1;3,431250000E1
2,271041375E1;3,424218750E1
2,281041375E1;3,423437500E1
2,291041375E1;3,428906250E1
2,301041375E1;3,423437500E1
2,311041375E1;3,425781250E1
2,321041375E1;3,425000000E1
2,331041375E1;3,425781250E1
2,341041375E1;3,425781250E1
2,351041375E1;3,424218750E1
2,361041375E1;3,421093750E1
2,371041375E1;3,419140625E1
2,381041375E1;3,419140625E1
2,391041375E1;3,421875000E1
2,401041375E1;3,420312500E1
2,411041375E1;3,418359375E1
2,421041375E1;3,416015625E1
2,431041375E1;3,416015625E1
2,441041375E1;3,418359375E1
2,451041375E1;3,415234375E1
2,461041375E1;3,416796875E1
2,471041375E1;3,414453125E1
2,481041375E1;3,415234375E1
2,491041375E1;3,414453125E1
2,501041375E1;3,411328125E1
2,511041375E1;3,412500000E1
2,521041375E1;3,409375000E1
2,531041375E1;3,408593750E1
2,541041375E1;3,409375000E1
2,551041375E1;3,404296875E1
2,561041375E1;3,405859375E1
2,571041375E1;3,408593750E1
2,581041375E1;3,405859375E1
2,591041375E1;3,405859375E1
2,601041375E1;3,403515625E1
2,611041375E1;3,400781250E1
2,621041375E1;3,402734375E1
2,631041375E1;3,407812500E1
2,641041375E1;3,398437500E1
2,651041375E1;3,403125000E1
2,661041375E1;3,402343750E1
2,671041375E1;3,403906250E1
2,681041375E1;3,401171875E1
2,691041375E1;3,394531250E1
2,701041375E1;3,397656250E1
2,711041375E1;3,399218750E1
2,721041375E1;3,399218750E1
2,731041375E1;3,399218750E1
2,741041375E1;3,397656250E1
2,751041375E1;3,396093750E1
2,761041375E1;3,396093750E1
2,771041375E1;3,395312500E1
2,781041375E1;3,392578125E1
2,791041375E1;3,393750000E1
2,801041375E1;3,392578125E1
2,811041375E1;3,390234375E1
2,821041375E1;3,391015625E1
2,831041375E1;3,388671875E1
2,841041375E1;3,391015625E1
2,851041375E1;3,391796875E1
2,861041375E1;3,392578125E1
2,871041375E1;3,386718750E1
2,881041375E1;3,387500000E1
2,891041375E1;3,387890625E1
2,901041375E1;3,387890625E1
2,911041375E1;3,389062500E1
2,921041375E1;3,387109375E1
2,931041375E1;3,389062500E1
2,941041375E1;3,385937500E1
2,951041375E1;3,382031250E1
2,961041375E1;3,387109375E1
2,971041375E1;3,382031250E1
2,981041375E1;3,384375000E1
2,991041375E1;3,384375000E1
3,001041375E1;3,382031250E1
3,011041375E1;3,384375000E1
3,021041375E1;3,376562500E1
3,031041375E1;3,377734375E1
3,041041375E1;3,381250000E1
3,051041375E1;3,373437500E1
3,061041375E1;3,376171875E1
3,071041375E1;3,377734375E1
3,081041375E1;3,378515625E1
3,091041375E1;3,376562500E1
3,101041375E1;3,373828125E1
3,111041375E1;3,376562500E1
3,121041375E1;3,375390625E1
3,131041375E1;3,371093750E1
3,141041375E1;3,371875000E1
3,151041375E1;3,370312500E1
3,161041375E1;3,374609375E1
3,171041375E1;3,370703125E1
3,181041375E1;3,375390625E1
3,191041375E1;3,369531250E1
3,201041375E1;3,367968750E1
3,211041375E1;3,371875000E1
3,221041375E1;3,371093750E1
3,231041375E1;3,371875000E1
3,241041375E1;3,370312500E1
3,251041375E1;3,371875000E1
3,261041375E1;3,368750000E1
3,271041375E1;3,370312500E1
3,281041375E1;3,371093750E1
3,291041375E1;3,369531250E1
3,301041375E1;3,371875000E1
3,311041375E1;3,370312500E1
3,321041375E1;3,370312500E1
3,331041375E1;3,367968750E1
3,341041375E1;3,371093750E1
3,351041375E1;3,370312500E1
3,361041375E1;3,367968750E1
3,371041375E1;3,367968750E1
3,381041375E1;3,367187500E1
3,391041375E1;3,368750000E1
3,401041375E1;3,367187500E1
3,411041375E1;3,369531250E1
3,421041375E1;3,371875000E1
3,431041375E1;3,366015625E1
3,441041375E1;3,367968750E1
3,451041375E1;3,367187500E1
3,461041375E1;3,369531250E1
3,471041375E1;3,368750000E1
3,481041375E1;3,367187500E1
3,491041375E1;3,371093750E1
3,501041375E1;3,367187500E1
3,511041375E1;3,367968750E1
3,521041375E1;3,367968750E1
3,531041375E1;3,367968750E1
3,541041375E1;3,370312500E1
3,551041375E1;3,367187500E1
3,561041375E1;3,372656250E1
3,571041375E1;3,367187500E1
3,581041375E1;3,365234375E1
3,591041375E1;3,367968750E1
3,601041375E1;3,367187500E1
3,611041375E1;3,367968750E1
3,621041375E1;3,366015625E1
3,631041375E1;3,365234375E1
3,641041375E1;3,362890625E1
3,651041375E1;3,365234375E1
3,661041375E1;3,363671875E1
3,671041375E1;3,365234375E1
3,681041375E1;3,366015625E1
3,691041375E1;3,365234375E1
3,701041375E1;3,364453125E1
3,711041375E1;3,364453125E1
3,721041375E1;3,365234375E1
3,731041375E1;3,363281250E1
3,741041375E1;3,362500000E1
3,751041375E1;3,359375000E1
3,761041375E1;3,364062500E1
3,771041375E1;3,362109375E1
3,781041375E1;3,364453125E1
3,791041375E1;3,362890625E1
3,801041375E1;3,359375000E1
3,811041375E1;3,363671875E1
3,821041375E1;3,357812500E1
3,831041375E1;3,362890625E1
3,841041375E1;3,357812500E1
3,851041375E1;3,357812500E1
3,861041375E1;3,362109375E1
3,871041375E1;3,362890625E1
3,881041375E1;3,354687500E1
3,891041375E1;3,357812500E1
3,901041375E1;3,358593750E1
3,911041375E1;3,361328125E1
3,921041375E1;3,354687500E1
3,931041375E1;3,353906250E1
3,941041375E1;3,351171875E1
3,951041375E1;3,352734375E1
3,961041375E1;3,350390625E1
3,971041375E1;3,351953125E1
3,981041375E1;3,354687500E1
3,991041375E1;3,350000000E1
4,001041375E1;3,354687500E1
4,011041375E1;3,350781250E1
4,021041375E1;3,348828125E1
4,031041375E1;3,348046875E1
4,041041375E1;3,348046875E1
4,051041375E1;3,345312500E1
4,061041375E1;3,347265625E1
4,071041375E1;3,347265625E1
4,081041375E1;3,348828125E1
4,091041375E1;3,348046875E1
4,101041375E1;3,349609375E1
4,111041375E1;3,344531250E1
4,121041375E1;3,343750000E1
4,131041375E1;3,343750000E1
4,141041375E1;3,342968750E1
4,151041375E1;3,342187500E1
4,161041375E1;3,345312500E1
4,171041375E1;3,343750000E1
4,181041375E1;3,348046875E1
4,191041375E1;3,342968750E1
4,201041375E1;3,343750000E1
4,211041375E1;3,344531250E1
4,221041375E1;3,342187500E1
4,231041375E1;3,343750000E1
4,241041375E1;3,342187500E1
4,251041375E1;3,345312500E1
4,261041375E1;3,342968750E1
4,271041375E1;3,343750000E1
4,281041375E1;3,344531250E1
4,291041375E1;3,342968750E1
4,301041375E1;3,347265625E1
4,311041375E1;3,343750000E1
4,321041375E1;3,344531250E1
4,331041375E1;3,340625000E1
4,341041375E1;3,342968750E1
4,351041375E1;3,346093750E1
4,361041375E1;3,345312500E1
4,371041375E1;3,343750000E1
4,381041375E1;3,344531250E1
4,391041375E1;3,342968750E1
4,401041375E1;3,342968750E1
4,411041375E1;3,342187500E1
4,421041375E1;3,346093750E1
4,431041375E1;3,341406250E1
4,441041375E1;3,342187500E1
4,451041375E1;3,342968750E1
4,461041375E1;3,342968750E1
4,471041375E1;3,340625000E1
4,481041375E1;3,344531250E1
4,491041375E1;3,340625000E1
4,501041375E1;3,341406250E1
4,511041375E1;3,338671875E1
4,521041375E1;3,338671875E1
4,531041375E1;3,338281250E1
4,541041375E1;3,336718750E1
4,551041375E1;3,337109375E1
4,561041375E1;3,338671875E1
4,571041375E1;3,338281250E1
4,581041375E1;3,340625000E1
4,591041375E1;3,338671875E1
4,601041375E1;3,338281250E1
4,611041375E1;3,341406250E1
4,621041375E1;3,339062500E1
4,631041375E1;3,337500000E1
4,641041375E1;3,335937500E1
4,651041375E1;3,337890625E1
4,661041375E1;3,338281250E1
4,671041375E1;3,336718750E1
4,681041375E1;3,341406250E1
4,691041375E1;3,337500000E1
4,701041375E1;3,338671875E1
4,711041375E1;3,336328125E1
4,721041375E1;3,335156250E1
4,731041375E1;3,336328125E1
4,741041375E1;3,340625000E1
4,751041375E1;3,332421875E1
4,761041375E1;3,335156250E1
4,771041375E1;3,330468750E1
4,781041375E1;3,336328125E1
4,791041375E1;3,336718750E1
4,801041375E1;3,338671875E1
4,811041375E1;3,336328125E1
4,821041375E1;3,337109375E1
4,831041375E1;3,337890625E1
4,841041375E1;3,337890625E1
4,851041375E1;3,337890625E1
4,861041375E1;3,335546875E1
4,871041375E1;3,338671875E1
4,881041375E1;3,334765625E1
4,891041375E1;3,337109375E1
4,901041375E1;3,338281250E1
4,911041375E1;3,337109375E1
4,921041375E1;3,335546875E1
4,931041375E1;3,340625000E1
4,941041375E1;3,337500000E1
4,951041375E1;3,336718750E1
4,961041375E1;3,338281250E1
4,971041375E1;3,335156250E1
4,981041375E1;3,335546875E1
4,991041375E1;3,334765625E1
5,001041375E1;3,338281250E1
5,011041375E1;3,337500000E1
5,021041375E1;3,337109375E1
5,031041375E1;3,336328125E1
5,041041375E1;3,337890625E1
5,051041375E1;3,337109375E1
5,061041375E1;3,336328125E1
5,071041375E1;3,336328125E1
5,081041375E1;3,340234375E1
5,091041375E1;3,333984375E1
5,101041375E1;3,332031250E1
5,111041375E1;3,332031250E1
5,121041375E1;3,335546875E1
5,131041375E1;3,334765625E1
5,141041375E1;3,331250000E1
5,151041375E1;3,334765625E1
5,161041375E1;3,334765625E1
5,171041375E1;3,334765625E1
5,181041375E1;3,336328125E1
5,191041375E1;3,331250000E1
5,201041375E1;3,337109375E1
5,211041375E1;3,331250000E1
5,221041375E1;3,332812500E1
5,231041375E1;3,328906250E1
5,241041375E1;3,332812500E1
5,251041375E1;3,330468750E1
5,261041375E1;3,328906250E1
5,271041375E1;3,325390625E1
5,281041375E1;3,331250000E1
5,291041375E1;3,326171875E1
5,301041375E1;3,327343750E1
5,311041375E1;3,327343750E1
5,321041375E1;3,329687500E1
5,331041375E1;3,324609375E1
5,341041375E1;3,328125000E1
5,351041375E1;3,325390625E1
5,361041375E1;3,328906250E1
5,371041375E1;3,328125000E1
5,381041375E1;3,323437500E1
5,391041375E1;3,326171875E1
5,401041375E1;3,329687500E1
5,411041375E1;3,322656250E1
5,421041375E1;3,325000000E1
5,431041375E1;3,327734375E1
5,441041375E1;3,325781250E1
5,451041375E1;3,325390625E1
5,461041375E1;3,326171875E1
5,471041375E1;3,324609375E1
5,481041375E1;3,325000000E1
5,491041375E1;3,324218750E1
5,501041375E1;3,322265625E1
5,511041375E1;3,323437500E1
5,521041375E1;3,319140625E1
5,531041375E1;3,325000000E1
5,541041375E1;3,324218750E1
5,551041375E1;3,320703125E1
5,561041375E1;3,323046875E1
5,571041375E1;3,323046875E1
5,581041375E1;3,324218750E1
5,591041375E1;3,323046875E1
5,601041375E1;3,319531250E1
5,611041375E1;3,321484375E1
5,621041375E1;3,321484375E1
5,631041375E1;3,321484375E1
5,641041375E1;3,316406250E1
5,651041375E1;3,314062500E1
5,661041375E1;3,317968750E1
5,671041375E1;3,314843750E1
5,681041375E1;3,318750000E1
5,691041375E1;3,315625000E1
5,701041375E1;3,317968750E1
5,711041375E1;3,316406250E1
5,721041375E1;3,312109375E1
5,731041375E1;3,315625000E1
5,741041375E1;3,315625000E1
5,751041375E1;3,315625000E1
5,761041375E1;3,316406250E1
5,771041375E1;3,314062500E1
5,781041375E1;3,314062500E1
5,791041375E1;3,312890625E1
5,801041375E1;3,314062500E1
5,811041375E1;3,310937500E1
5,821041375E1;3,312890625E1
5,831041375E1;3,316015625E1
5,841041375E1;3,311328125E1
5,851041375E1;3,310937500E1
5,861041375E1;3,310937500E1
5,871041375E1;3,310156250E1
5,881041375E1;3,311718750E1
5,891041375E1;3,312109375E1
5,901041375E1;3,312890625E1
5,911041375E1;3,308984375E1
5,921041375E1;3,311328125E1
5,931041375E1;3,309765625E1
5,941041375E1;3,309765625E1
5,951041375E1;3,308203125E1
5,961041375E1;3,306250000E1
5,971041375E1;3,309765625E1
5,981041375E1;3,306250000E1
5,991041375E1;3,307421875E1
6,001041375E1;3,308984375E1
6,011041375E1;3,308984375E1
6,021041375E1;3,308203125E1
6,031041375E1;3,307421875E1
6,041041375E1;3,308203125E1
6,051041375E1;3,303906250E1
6,061041375E1;3,308203125E1
6,071041375E1;3,309765625E1
6,081041375E1;3,301562500E1
6,091041375E1;3,301562500E1
6,101041375E1;3,300781250E1
6,111041375E1;3,301562500E1
6,121041375E1;3,303906250E1
6,131041375E1;3,302343750E1
6,141041375E1;3,303125000E1
6,151041375E1;3,306250000E1
6,161041375E1;3,299609375E1
6,171041375E1;3,303906250E1
6,181041375E1;3,302343750E1
6,191041375E1;3,305468750E1
6,201041375E1;3,303906250E1
6,211041375E1;3,305468750E1
6,221041375E1;3,307421875E1
6,231041375E1;3,303906250E1
6,241041375E1;3,306250000E1
6,251041375E1;3,305468750E1
6,261041375E1;3,307421875E1
6,271041375E1;3,306250000E1
6,281041375E1;3,303125000E1
6,291041375E1;3,299609375E1
6,301041375E1;3,303125000E1
6,311041375E1;3,302343750E1
6,321041375E1;3,305468750E1
6,331041375E1;3,308203125E1
6,341041375E1;3,303906250E1
6,351041375E1;3,301562500E1
6,361041375E1;3,301562500E1
6,371041375E1;3,304687500E1
6,381041375E1;3,304687500E1
6,391041375E1;3,302343750E1
6,401041375E1;3,308984375E1
6,411041375E1;3,300781250E1
6,421041375E1;3,305468750E1
6,431041375E1;3,303906250E1
6,441041375E1;3,302343750E1
6,451041375E1;3,303125000E1
6,461041375E1;3,303906250E1
6,471041375E1;3,308203125E1
6,481041375E1;3,303125000E1
6,491041375E1;3,303125000E1
6,501041375E1;3,298828125E1
6,511041375E1;3,303906250E1
6,521041375E1;3,299609375E1
6,531041375E1;3,304687500E1
6,541041375E1;3,301562500E1
6,551041375E1;3,302343750E1
6,561041375E1;3,298828125E1
6,571041375E1;3,299609375E1
6,581041375E1;3,303125000E1
6,591041375E1;3,303906250E1
6,601041375E1;3,303125000E1
6,611041375E1;3,303125000E1
6,621041375E1;3,304687500E1
6,631041375E1;3,302343750E1
6,641041375E1;3,305468750E1
6,651041375E1;3,307421875E1
6,661041375E1;3,309765625E1
6,671041375E1;3,305468750E1
6,681041375E1;3,307421875E1
6,691041375E1;3,311328125E1
6,701041375E1;3,304687500E1
6,711041375E1;3,308203125E1
6,721041375E1;3,306250000E1
6,731041375E1;3,307421875E1
6,741041375E1;3,309765625E1
6,751041375E1;3,311328125E1
6,761041375E1;3,309765625E1
6,771041375E1;3,306250000E1
6,781041375E1;3,303125000E1
6,791041375E1;3,308203125E1
6,801041375E1;3,303906250E1
6,811041375E1;3,303906250E1
6,821041375E1;3,308984375E1
6,831041375E1;3,308203125E1
6,841041375E1;3,308984375E1
6,851041375E1;3,303125000E1
6,861041375E1;3,302343750E1
6,871041375E1;3,306250000E1
6,881041375E1;3,303125000E1
6,891041375E1;3,302343750E1
6,901041375E1;3,304687500E1
6,911041375E1;3,304687500E1
6,921041375E1;3,303515625E1
6,931041375E1;3,304687500E1
6,941041375E1;3,308984375E1
6,951041375E1;3,307421875E1
6,961041375E1;3,302343750E1
6,971041375E1;3,299609375E1
6,981041375E1;3,303125000E1
6,991041375E1;3,306250000E1
7,001041375E1;3,308984375E1
7,011041375E1;3,304687500E1
7,021041375E1;3,305468750E1
7,031041375E1;3,306250000E1
7,041041375E1;3,304687500E1
7,051041375E1;3,307421875E1
7,061041375E1;3,307421875E1
7,071041375E1;3,307421875E1
7,081041375E1;3,306250000E1
7,091041375E1;3,304687500E1
7,101041375E1;3,303906250E1
7,111041375E1;3,306250000E1
7,121041375E1;3,309765625E1
7,131041375E1;3,304687500E1
7,141041375E1;3,308203125E1
7,151041375E1;3,308984375E1
7,161041375E1;3,304687500E1
7,171041375E1;3,309765625E1
7,181041375E1;3,312500000E1
7,191041375E1;3,312890625E1
7,201041375E1;3,312109375E1
7,211041375E1;3,312109375E1
7,221041375E1;3,312890625E1
7,231041375E1;3,310156250E1
7,241041375E1;3,312890625E1
7,251041375E1;3,308984375E1
7,261041375E1;3,311328125E1
7,271041375E1;3,309375000E1
7,281041375E1;3,311718750E1
7,291041375E1;3,309765625E1
7,301041375E1;3,313671875E1
7,311041375E1;3,309375000E1
7,321041375E1;3,312890625E1
7,331041375E1;3,310546875E1
7,341041375E1;3,312500000E1
7,351041375E1;3,309375000E1
7,361041375E1;3,312109375E1
7,371041375E1;3,311328125E1
7,381041375E1;3,311718750E1
7,391041375E1;3,303125000E1
7,401041375E1;3,308203125E1
7,411041375E1;3,308203125E1
7,421041375E1;3,311328125E1
7,431041375E1;3,307421875E1
7,441041375E1;3,308203125E1
7,451041375E1;3,307421875E1
7,461041375E1;3,306250000E1
7,471041375E1;3,309765625E1
7,481041375E1;3,310546875E1
7,491041375E1;3,310546875E1
7,501041375E1;3,309765625E1
7,511041375E1;3,308984375E1
7,521041375E1;3,305468750E1
7,531041375E1;3,308203125E1
7,541041375E1;3,306250000E1
7,551041375E1;3,307421875E1
7,561041375E1;3,308593750E1
7,571041375E1;3,306250000E1
7,581041375E1;3,311718750E1
7,591041375E1;3,308984375E1
7,601041375E1;3,303125000E1
7,611041375E1;3,308984375E1
7,621041375E1;3,302343750E1
7,631041375E1;3,305468750E1
7,641041375E1;3,305468750E1
7,651041375E1;3,304687500E1
7,661041375E1;3,306250000E1
7,671041375E1;3,303125000E1
7,681041375E1;3,301562500E1
7,691041375E1;3,303906250E1
7,701041375E1;3,310546875E1
7,711041375E1;3,304687500E1
7,721041375E1;3,307421875E1
7,731041375E1;3,304687500E1
7,741041375E1;3,308984375E1
7,751041375E1;3,303906250E1
7,761041375E1;3,305468750E1
7,771041375E1;3,307421875E1
7,781041375E1;3,306250000E1
7,791041375E1;3,306250000E1
7,801041375E1;3,307421875E1
7,811041375E1;3,305468750E1
7,821041375E1;3,305468750E1
7,831041375E1;3,303906250E1
7,841041375E1;3,303125000E1
7,851041375E1;3,306250000E1
7,861041375E1;3,302343750E1
7,871041375E1;3,299609375E1
7,881041375E1;3,304687500E1
7,891041375E1;3,301562500E1
7,901041375E1;3,298828125E1
7,911041375E1;3,303125000E1
7,921041375E1;3,304687500E1
7,931041375E1;3,302343750E1
7,941041375E1;3,301562500E1
7,951041375E1;3,298437500E1
7,961041375E1;3,298828125E1
7,971041375E1;3,296875000E1
7,981041375E1;3,299218750E1
7,991041375E1;3,302343750E1
8,001041375E1;3,300781250E1
8,011041375E1;3,301953125E1
8,021041375E1;3,299609375E1
8,031041375E1;3,301562500E1
8,041041375E1;3,296875000E1
8,051041375E1;3,295312500E1
8,061041375E1;3,295703125E1
8,071041375E1;3,298437500E1
8,081041375E1;3,298046875E1
8,091041375E1;3,292968750E1
8,101041375E1;3,296093750E1
8,111041375E1;3,296484375E1
8,121041375E1;3,298046875E1
8,131041375E1;3,290625000E1
8,141041375E1;3,291406250E1
8,151041375E1;3,295703125E1
8,161041375E1;3,291796875E1
8,171041375E1;3,294921875E1
8,181041375E1;3,295703125E1
8,191041375E1;3,297265625E1
8,201041375E1;3,295703125E1
8,211041375E1;3,292968750E1
8,221041375E1;3,294921875E1
8,231041375E1;3,296484375E1
8,241041375E1;3,291406250E1
8,251041375E1;3,291406250E1
8,261041375E1;3,292187500E1
8,271041375E1;3,290625000E1
8,281041375E1;3,292187500E1
8,291041375E1;3,294921875E1
8,301041375E1;3,290625000E1
8,311041375E1;3,289843750E1
8,321041375E1;3,297265625E1
8,331041375E1;3,292187500E1
8,341041375E1;3,290625000E1
8,351041375E1;3,288281250E1
8,361041375E1;3,288281250E1
8,371041375E1;3,285546875E1
8,381041375E1;3,292187500E1
8,391041375E1;3,288281250E1
8,401041375E1;3,288281250E1
8,411041375E1;3,288671875E1
8,421041375E1;3,289062500E1
8,431041375E1;3,289843750E1
8,441041375E1;3,285937500E1
8,451041375E1;3,292968750E1
8,461041375E1;3,290625000E1
8,471041375E1;3,288281250E1
8,481041375E1;3,285546875E1
8,491041375E1;3,286328125E1
8,501041375E1;3,287500000E1
8,511041375E1;3,286328125E1
8,521041375E1;3,283593750E1
8,531041375E1;3,288281250E1
8,541041375E1;3,287500000E1
8,551041375E1;3,287500000E1
8,561041375E1;3,285937500E1
8,571041375E1;3,286328125E1
8,581041375E1;3,287890625E1
8,591041375E1;3,286328125E1
8,601041375E1;3,288281250E1
8,611041375E1;3,287500000E1
8,621041375E1;3,286328125E1
8,631041375E1;3,289843750E1
8,641041375E1;3,289062500E1
8,651041375E1;3,288281250E1
8,661041375E1;3,289062500E1
8,671041375E1;3,285546875E1
8,681041375E1;3,287109375E1
8,691041375E1;3,287109375E1
8,701041375E1;3,286328125E1
8,711041375E1;3,287500000E1
8,721041375E1;3,285546875E1
8,731041375E1;3,291406250E1
8,741041375E1;3,285546875E1
8,751041375E1;3,285546875E1
8,761041375E1;3,285546875E1
8,771041375E1;3,289843750E1
8,781041375E1;3,289453125E1
8,791041375E1;3,287500000E1
8,801041375E1;3,286328125E1
8,811041375E1;3,286328125E1
8,821041375E1;3,287500000E1
8,831041375E1;3,288281250E1
8,841041375E1;3,285156250E1
8,851041375E1;3,288281250E1
8,861041375E1;3,287500000E1
8,871041375E1;3,285156250E1
8,881041375E1;3,289843750E1
8,891041375E1;3,289843750E1
8,901041375E1;3,290625000E1
8,911041375E1;3,291406250E1
8,921041375E1;3,288281250E1
8,931041375E1;3,289062500E1
8,941041375E1;3,290625000E1
8,951041375E1;3,289062500E1
8,961041375E1;3,287500000E1
8,971041375E1;3,289062500E1
8,981041375E1;3,289062500E1
8,991041375E1;3,283593750E1
9,001041375E1;3,284375000E1
9,011041375E1;3,285546875E1
9,021041375E1;3,287109375E1
9,031041375E1;3,285546875E1
9,041041375E1;3,285156250E1
9,051041375E1;3,289843750E1
9,061041375E1;3,292187500E1
9,071041375E1;3,289843750E1
9,081041375E1;3,287500000E1
9,091041375E1;3,289062500E1
9,101041375E1;3,289062500E1
9,111041375E1;3,285546875E1
9,121041375E1;3,292968750E1
9,131041375E1;3,284375000E1
9,141041375E1;3,287500000E1
9,151041375E1;3,285156250E1
9,161041375E1;3,285156250E1
9,171041375E1;3,288281250E1
9,181041375E1;3,285937500E1
9,191041375E1;3,279687500E1
9,201041375E1;3,282421875E1
9,211041375E1;3,284375000E1
9,221041375E1;3,285546875E1
9,231041375E1;3,281250000E1
9,241041375E1;3,285156250E1
9,251041375E1;3,287109375E1
9,261041375E1;3,284765625E1
9,271041375E1;3,285546875E1
9,281041375E1;3,285156250E1
9,291041375E1;3,285156250E1
9,301041375E1;3,285546875E1
9,311041375E1;3,286328125E1
9,321041375E1;3,287109375E1
9,331041375E1;3,287500000E1
9,341041375E1;3,289843750E1
9,351041375E1;3,290625000E1
9,361041375E1;3,289843750E1
9,371041375E1;3,291406250E1
9,381041375E1;3,289843750E1
9,391041375E1;3,289062500E1
9,401041375E1;3,289062500E1
9,411041375E1;3,286328125E1
9,421041375E1;3,286328125E1
9,431041375E1;3,285546875E1
9,441041375E1;3,285546875E1
9,451041375E1;3,289843750E1
9,461041375E1;3,285156250E1
9,471041375E1;3,289062500E1
9,481041375E1;3,289062500E1
9,491041375E1;3,285546875E1
9,501041375E1;3,285546875E1
9,511041375E1;3,288281250E1
9,521041375E1;3,284375000E1
9,531041375E1;3,285156250E1
9,541041375E1;3,284765625E1
9,551041375E1;3,285937500E1
9,561041375E1;3,285156250E1
9,571041375E1;3,282421875E1
9,581041375E1;3,287890625E1
9,591041375E1;3,285937500E1
9,601041375E1;3,284375000E1
9,611041375E1;3,287109375E1
9,621041375E1;3,284375000E1
9,631041375E1;3,285156250E1
9,641041375E1;3,287890625E1
9,651041375E1;3,283203125E1
9,661041375E1;3,285156250E1
9,671041375E1;3,285546875E1
9,681041375E1;3,283203125E1
9,691041375E1;3,286328125E1
9,701041375E1;3,287109375E1
9,711041375E1;3,285156250E1
9,721041375E1;3,289453125E1
9,731041375E1;3,283593750E1
9,741041375E1;3,285937500E1
9,751041375E1;3,285937500E1
9,761041375E1;3,285937500E1
9,771041375E1;3,285937500E1
9,781041375E1;3,284765625E1
9,791041375E1;3,283203125E1
9,801041375E1;3,285546875E1
9,811041375E1;3,286328125E1
9,821041375E1;3,281250000E1
9,831041375E1;3,284375000E1
9,841041375E1;3,283203125E1
9,851041375E1;3,284765625E1
9,861041375E1;3,287890625E1
9,871041375E1;3,285156250E1
9,881041375E1;3,285546875E1
9,891041375E1;3,282421875E1
9,901041375E1;3,285546875E1
9,911041375E1;3,287109375E1
9,921041375E1;3,284765625E1
9,931041375E1;3,284765625E1
9,941041375E1;3,284765625E1
9,951041375E1;3,285937500E1
9,961041375E1;3,283984375E1
9,971041375E1;3,283984375E1
9,981041375E1;3,285546875E1
9,991041375E1;3,282812500E1
1,000104138E2;3,279687500E1
1,001104138E2;3,285156250E1
1,002104138E2;3,281640625E1
1,003104138E2;3,283203125E1
1,004104138E2;3,287109375E1
1,005104138E2;3,283593750E1
1,006104138E2;3,285546875E1
1,007104138E2;3,283984375E1
1,008104138E2;3,287500000E1
1,009104138E2;3,283203125E1
1,010104138E2;3,282421875E1
1,011104138E2;3,283984375E1
1,012104138E2;3,282812500E1
1,013104138E2;3,284765625E1
1,014104138E2;3,286328125E1
1,015104138E2;3,285546875E1
1,016104138E2;3,287109375E1
1,017104138E2;3,287890625E1
1,018104138E2;3,285937500E1
1,019104138E2;3,286328125E1
1,020104138E2;3,287109375E1
1,021104138E2;3,286328125E1
1,022104138E2;3,285546875E1
1,023104138E2;3,284765625E1
1,024104138E2;3,288281250E1
1,025104138E2;3,282421875E1
1,026104138E2;3,285546875E1
1,027104138E2;3,285937500E1
1,028104138E2;3,285546875E1
1,029104138E2;3,286328125E1
1,030104138E2;3,285156250E1
1,031104138E2;3,287109375E1
1,032104138E2;3,282812500E1
1,033104138E2;3,283593750E1
1,034104138E2;3,282421875E1
1,035104138E2;3,285546875E1
1,036104138E2;3,290234375E1
1,037104138E2;3,287890625E1
1,038104138E2;3,285156250E1
1,039104138E2;3,288281250E1
1,040104138E2;3,283984375E1
1,041104138E2;3,282812500E1
1,042104138E2;3,285937500E1
1,043104138E2;3,283984375E1
1,044104138E2;3,285546875E1
1,045104138E2;3,281640625E1
1,046104138E2;3,287109375E1
1,047104138E2;3,284765625E1
1,048104138E2;3,284765625E1
1,049104138E2;3,289843750E1
1,050104138E2;3,286328125E1
1,051104138E2;3,286328125E1
1,052104138E2;3,287500000E1
1,053104138E2;3,287109375E1
1,054104138E2;3,284375000E1
1,055104138E2;3,287109375E1
1,056104138E2;3,288671875E1
1,057104138E2;3,285546875E1
1,058104138E2;3,283203125E1
1,059104138E2;3,279687500E1
1,060104138E2;3,284765625E1
1,061104138E2;3,281640625E1
1,062104138E2;3,279687500E1
1,063104138E2;3,278906250E1
1,064104138E2;3,282421875E1
1,065104138E2;3,281640625E1
1,066104138E2;3,280859375E1
1,067104138E2;3,279687500E1
1,068104138E2;3,282421875E1
1,069104138E2;3,278125000E1
1,070104138E2;3,280859375E1
1,071104138E2;3,279687500E1
1,072104138E2;3,277343750E1
1,073104138E2;3,282421875E1
1,074104138E2;3,279687500E1
1,075104138E2;3,278906250E1
1,076104138E2;3,279687500E1
1,077104138E2;3,281640625E1
1,078104138E2;3,276562500E1
1,079104138E2;3,277343750E1
1,080104138E2;3,281640625E1
1,081104138E2;3,279687500E1
1,082104138E2;3,277343750E1
1,083104138E2;3,275000000E1
1,084104138E2;3,276562500E1
1,085104138E2;3,276562500E1
1,086104138E2;3,282421875E1
1,087104138E2;3,275000000E1
1,088104138E2;3,274218750E1
1,089104138E2;3,275000000E1
1,090104138E2;3,278906250E1
1,091104138E2;3,277343750E1
1,092104138E2;3,278906250E1
1,093104138E2;3,277343750E1
1,094104138E2;3,275781250E1
1,095104138E2;3,274218750E1
1,096104138E2;3,275781250E1
1,097104138E2;3,275000000E1
1,098104138E2;3,269140625E1
1,099104138E2;3,273046875E1
1,100104138E2;3,274609375E1
1,101104138E2;3,275000000E1
1,102104138E2;3,270703125E1
1,103104138E2;3,275781250E1
1,104104138E2;3,278125000E1
1,105104138E2;3,277343750E1
1,106104138E2;3,278906250E1
1,107104138E2;3,279687500E1
1,108104138E2;3,277343750E1
1,109104138E2;3,274218750E1
1,110104138E2;3,276953125E1
1,111104138E2;3,275000000E1
1,112104138E2;3,272265625E1
1,113104138E2;3,271875000E1
1,114104138E2;3,268359375E1
1,115104138E2;3,271484375E1
1,116104138E2;3,268359375E1
1,117104138E2;3,269531250E1
1,118104138E2;3,269921875E1
1,119104138E2;3,271484375E1
1,120104138E2;3,272265625E1
1,121104138E2;3,268359375E1
1,122104138E2;3,272656250E1
1,123104138E2;3,269140625E1
1,124104138E2;3,269140625E1
1,125104138E2;3,271875000E1
1,126104138E2;3,268359375E1
1,127104138E2;3,272656250E1
1,128104138E2;3,269921875E1
1,129104138E2;3,271484375E1
1,130104138E2;3,269140625E1
1,131104138E2;3,275390625E1
1,132104138E2;3,269921875E1
1,133104138E2;3,269140625E1
1,134104138E2;3,263281250E1
1,135104138E2;3,272656250E1
1,136104138E2;3,271484375E1
1,137104138E2;3,271484375E1
1,138104138E2;3,271484375E1
1,139104138E2;3,269140625E1
1,140104138E2;3,270703125E1
1,141104138E2;3,269140625E1
1,142104138E2;3,269921875E1
1,143104138E2;3,266406250E1
1,144104138E2;3,268359375E1
1,145104138E2;3,264062500E1
1,146104138E2;3,264062500E1
1,147104138E2;3,264843750E1
1,148104138E2;3,265625000E1
1,149104138E2;3,265625000E1
1,150104138E2;3,267578125E1
1,151104138E2;3,268359375E1
1,152104138E2;3,267578125E1
1,153104138E2;3,269140625E1
1,154104138E2;3,263281250E1
1,155104138E2;3,269140625E1
1,156104138E2;3,267578125E1
1,157104138E2;3,269140625E1
1,158104138E2;3,266406250E1
1,159104138E2;3,261718750E1
1,160104138E2;3,260937500E1
1,161104138E2;3,263281250E1
1,162104138E2;3,264062500E1
1,163104138E2;3,261718750E1
1,164104138E2;3,262500000E1
1,165104138E2;3,261328125E1
1,166104138E2;3,263281250E1
1,167104138E2;3,263281250E1
1,168104138E2;3,259375000E1
1,169104138E2;3,258593750E1
1,170104138E2;3,259765625E1
1,171104138E2;3,258984375E1
1,172104138E2;3,258593750E1
1,173104138E2;3,259765625E1
1,174104138E2;3,262500000E1
1,175104138E2;3,258203125E1
1,176104138E2;3,258203125E1
1,177104138E2;3,258984375E1
1,178104138E2;3,260546875E1
1,179104138E2;3,258203125E1
1,180104138E2;3,258984375E1
1,181104138E2;3,254296875E1
1,182104138E2;3,255859375E1
1,183104138E2;3,255859375E1
1,184104138E2;3,258203125E1
1,185104138E2;3,260546875E1
1,186104138E2;3,254296875E1
1,187104138E2;3,255078125E1
1,188104138E2;3,258984375E1
1,189104138E2;3,258984375E1
1,190104138E2;3,258203125E1
1,191104138E2;3,259765625E1
1,192104138E2;3,257421875E1
1,193104138E2;3,256640625E1
1,194104138E2;3,258984375E1
1,195104138E2;3,254296875E1
1,196104138E2;3,259765625E1
1,197104138E2;3,255859375E1
1,198104138E2;3,251562500E1
1,199104138E2;3,254296875E1
1,200104138E2;3,254296875E1
1,201104138E2;3,256640625E1
1,202104138E2;3,255078125E1
1,203104138E2;3,253125000E1
1,204104138E2;3,260546875E1
1,205104138E2;3,255078125E1
1,206104138E2;3,253125000E1
1,207104138E2;3,251562500E1
1,208104138E2;3,257421875E1
1,209104138E2;3,253125000E1
1,210104138E2;3,258203125E1
1,211104138E2;3,254296875E1
1,212104138E2;3,255859375E1
1,213104138E2;3,253125000E1
1,214104138E2;3,248437500E1
1,215104138E2;3,252343750E1
1,216104138E2;3,252343750E1
1,217104138E2;3,247265625E1
1,218104138E2;3,249218750E1
1,219104138E2;3,252343750E1
1,220104138E2;3,251953125E1
1,221104138E2;3,253125000E1
1,222104138E2;3,251562500E1
1,223104138E2;3,253125000E1
1,224104138E2;3,250781250E1
1,225104138E2;3,249609375E1
1,226104138E2;3,247656250E1
1,227104138E2;3,251562500E1
1,228104138E2;3,246093750E1
1,229104138E2;3,250000000E1
1,230104138E2;3,248828125E1
1,231104138E2;3,246484375E1
1,232104138E2;3,248828125E1
1,233104138E2;3,245703125E1
1,234104138E2;3,247265625E1
1,235104138E2;3,252343750E1
1,236104138E2;3,247656250E1
1,237104138E2;3,244140625E1
1,238104138E2;3,246093750E1
1,239104138E2;3,243359375E1
1,240104138E2;3,245312500E1
1,241104138E2;3,244140625E1
1,242104138E2;3,243750000E1
1,243104138E2;3,245312500E1
1,244104138E2;3,241796875E1
1,245104138E2;3,247265625E1
1,246104138E2;3,241015625E1
1,247104138E2;3,239843750E1
1,248104138E2;3,244140625E1
1,249104138E2;3,244921875E1
1,250104138E2;3,243359375E1
1,251104138E2;3,244140625E1
1,252104138E2;3,242578125E1
1,253104138E2;3,244140625E1
1,254104138E2;3,242578125E1
1,255104138E2;3,247656250E1
1,256104138E2;3,246484375E1
1,257104138E2;3,247265625E1
1,258104138E2;3,248046875E1
1,259104138E2;3,245312500E1
1,260104138E2;3,246484375E1
1,261104138E2;3,239062500E1
1,262104138E2;3,239843750E1
1,263104138E2;3,243359375E1
1,264104138E2;3,241015625E1
1,265104138E2;3,242578125E1
1,266104138E2;3,241015625E1
1,267104138E2;3,238281250E1
1,268104138E2;3,239062500E1
1,269104138E2;3,241796875E1
1,270104138E2;3,241015625E1
1,271104138E2;3,244140625E1
1,272104138E2;3,244140625E1
1,273104138E2;3,241015625E1
1,274104138E2;3,239062500E1
1,275104138E2;3,241406250E1
1,276104138E2;3,243359375E1
1,277104138E2;3,243359375E1
1,278104138E2;3,243359375E1
1,279104138E2;3,241796875E1
1,280104138E2;3,236718750E1
1,281104138E2;3,239843750E1
1,282104138E2;3,241796875E1
1,283104138E2;3,239062500E1
1,284104138E2;3,234375000E1
1,285104138E2;3,237500000E1
1,286104138E2;3,237500000E1
1,287104138E2;3,241796875E1
1,288104138E2;3,241015625E1
1,289104138E2;3,241015625E1
1,290104138E2;3,235937500E1
1,291104138E2;3,242578125E1
1,292104138E2;3,239843750E1
1,293104138E2;3,239843750E1
1,294104138E2;3,241796875E1
1,295104138E2;3,235937500E1
1,296104138E2;3,239062500E1
1,297104138E2;3,235156250E1
1,298104138E2;3,234375000E1
1,299104138E2;3,237109375E1
1,300104138E2;3,236718750E1
1,301104138E2;3,239062500E1
1,302104138E2;3,235937500E1
1,303104138E2;3,235937500E1
1,304104138E2;3,238281250E1
1,305104138E2;3,234375000E1
1,306104138E2;3,237500000E1
1,307104138E2;3,236328125E1
1,308104138E2;3,234375000E1
1,309104138E2;3,232812500E1
1,310104138E2;3,234375000E1
1,311104138E2;3,233984375E1
1,312104138E2;3,232421875E1
1,313104138E2;3,234375000E1
1,314104138E2;3,237109375E1
1,315104138E2;3,235156250E1
1,316104138E2;3,233203125E1
1,317104138E2;3,233203125E1
1,318104138E2;3,235156250E1
1,319104138E2;3,230859375E1
1,320104138E2;3,234375000E1
1,321104138E2;3,235546875E1
1,322104138E2;3,230078125E1
1,323104138E2;3,233203125E1
1,324104138E2;3,231640625E1
1,325104138E2;3,233203125E1
1,326104138E2;3,230859375E1
1,327104138E2;3,232421875E1
1,328104138E2;3,232421875E1
1,329104138E2;3,234375000E1
1,330104138E2;3,233984375E1
1,331104138E2;3,229296875E1
1,332104138E2;3,229296875E1
1,333104138E2;3,229296875E1
1,334104138E2;3,232421875E1
1,335104138E2;3,226562500E1
1,336104138E2;3,225781250E1
1,337104138E2;3,233203125E1
1,338104138E2;3,230078125E1
1,339104138E2;3,226562500E1
1,340104138E2;3,227734375E1
1,341104138E2;3,230078125E1
1,342104138E2;3,225781250E1
1,343104138E2;3,226562500E1
1,344104138E2;3,228515625E1
1,345104138E2;3,227734375E1
1,346104138E2;3,230859375E1
1,347104138E2;3,230078125E1
1,348104138E2;3,225781250E1
1,349104138E2;3,226562500E1
1,350104138E2;3,229296875E1
1,351104138E2;3,230078125E1
1,352104138E2;3,225781250E1
1,353104138E2;3,225781250E1
1,354104138E2;3,221484375E1
1,355104138E2;3,225000000E1
1,356104138E2;3,222656250E1
1,357104138E2;3,221484375E1
1,358104138E2;3,225781250E1
1,359104138E2;3,227734375E1
1,360104138E2;3,217968750E1
1,361104138E2;3,220703125E1
1,362104138E2;3,221484375E1
1,363104138E2;3,222265625E1
1,364104138E2;3,221875000E1
1,365104138E2;3,223046875E1
1,366104138E2;3,219531250E1
1,367104138E2;3,219921875E1
1,368104138E2;3,221875000E1
1,369104138E2;3,221484375E1
1,370104138E2;3,222265625E1
1,371104138E2;3,219140625E1
1,372104138E2;3,219531250E1
1,373104138E2;3,215625000E1
1,374104138E2;3,227734375E1
1,375104138E2;3,221484375E1
1,376104138E2;3,221484375E1
1,377104138E2;3,219921875E1
1,378104138E2;3,218359375E1
1,379104138E2;3,217578125E1
1,380104138E2;3,221093750E1
1,381104138E2;3,223437500E1
1,382104138E2;3,222265625E1
1,383104138E2;3,221093750E1
1,384104138E2;3,221484375E1
1,385104138E2;3,218750000E1
1,386104138E2;3,218359375E1
1,387104138E2;3,222265625E1
1,388104138E2;3,218750000E1
1,389104138E2;3,222265625E1
1,390104138E2;3,221093750E1
1,391104138E2;3,218359375E1
1,392104138E2;3,221093750E1
1,393104138E2;3,214453125E1
1,394104138E2;3,217578125E1
1,395104138E2;3,219140625E1
1,396104138E2;3,218359375E1
1,397104138E2;3,216796875E1
1,398104138E2;3,216796875E1
1,399104138E2;3,217578125E1
1,400104138E2;3,218359375E1
1,401104138E2;3,218750000E1
1,402104138E2;3,218359375E1
1,403104138E2;3,213281250E1
1,404104138E2;3,215234375E1
1,405104138E2;3,210937500E1
1,406104138E2;3,218359375E1
1,407104138E2;3,222265625E1
1,408104138E2;3,217578125E1
1,409104138E2;3,213281250E1
1,410104138E2;3,210156250E1
1,411104138E2;3,217578125E1
1,412104138E2;3,215234375E1
1,413104138E2;3,214453125E1
1,414104138E2;3,214453125E1
1,415104138E2;3,217578125E1
1,416104138E2;3,215234375E1
1,417104138E2;3,214453125E1
1,418104138E2;3,213281250E1
1,419104138E2;3,209375000E1
1,420104138E2;3,211718750E1
1,421104138E2;3,212500000E1
1,422104138E2;3,211718750E1
1,423104138E2;3,211718750E1
1,424104138E2;3,212500000E1
1,425104138E2;3,211718750E1
1,426104138E2;3,211718750E1
1,427104138E2;3,212500000E1
1,428104138E2;3,216015625E1
1,429104138E2;3,209375000E1
1,430104138E2;3,210156250E1
1,431104138E2;3,212500000E1
1,432104138E2;3,211718750E1
1,433104138E2;3,208203125E1
1,434104138E2;3,211718750E1
1,435104138E2;3,210937500E1
1,436104138E2;3,210156250E1
1,437104138E2;3,213281250E1
1,438104138E2;3,211718750E1
1,439104138E2;3,211718750E1
1,440104138E2;3,208203125E1
1,441104138E2;3,212500000E1
1,442104138E2;3,212500000E1
1,443104138E2;3,211718750E1
1,444104138E2;3,209375000E1
1,445104138E2;3,206250000E1
1,446104138E2;3,208593750E1
1,447104138E2;3,208984375E1
1,448104138E2;3,209765625E1
1,449104138E2;3,211718750E1
1,450104138E2;3,206640625E1
1,451104138E2;3,207421875E1
1,452104138E2;3,205859375E1
1,453104138E2;3,207812500E1
1,454104138E2;3,205859375E1
1,455104138E2;3,205078125E1
1,456104138E2;3,201171875E1
1,457104138E2;3,206640625E1
1,458104138E2;3,207812500E1
1,459104138E2;3,205859375E1
1,460104138E2;3,204296875E1
1,461104138E2;3,205078125E1
1,462104138E2;3,204296875E1
1,463104138E2;3,205078125E1
1,464104138E2;3,206640625E1
1,465104138E2;3,202734375E1
1,466104138E2;3,205859375E1
1,467104138E2;3,205859375E1
1,468104138E2;3,205859375E1
1,469104138E2;3,204296875E1
1,470104138E2;3,200000000E1
1,471104138E2;3,204296875E1
1,472104138E2;3,204296875E1
1,473104138E2;3,201953125E1
1,474104138E2;3,204296875E1
1,475104138E2;3,202734375E1
1,476104138E2;3,201953125E1
1,477104138E2;3,202734375E1
1,478104138E2;3,201171875E1
1,479104138E2;3,200000000E1
1,480104138E2;3,201171875E1
1,481104138E2;3,201953125E1
1,482104138E2;3,200000000E1
1,483104138E2;3,205859375E1
1,484104138E2;3,199218750E1
1,485104138E2;3,201171875E1
1,486104138E2;3,201171875E1
1,487104138E2;3,198437500E1
1,488104138E2;3,199218750E1
1,489104138E2;3,198437500E1
1,490104138E2;3,201953125E1
1,491104138E2;3,201953125E1
1,492104138E2;3,201953125E1
1,493104138E2;3,203515625E1
1,494104138E2;3,202734375E1
1,495104138E2;3,200000000E1
1,496104138E2;3,198828125E1
1,497104138E2;3,200781250E1
1,498104138E2;3,200000000E1
1,499104138E2;3,202734375E1
1,500104138E2;3,200000000E1
1,501104138E2;3,195703125E1
1,502104138E2;3,199218750E1
1,503104138E2;3,199609375E1
1,504104138E2;3,197265625E1
1,505104138E2;3,194921875E1
1,506104138E2;3,197656250E1
1,507104138E2;3,196875000E1
1,508104138E2;3,197656250E1
1,509104138E2;3,203515625E1
1,510104138E2;3,199218750E1
1,511104138E2;3,195703125E1
1,512104138E2;3,194921875E1
1,513104138E2;3,200000000E1
1,514104138E2;3,196875000E1
1,515104138E2;3,196093750E1
1,516104138E2;3,201562500E1
1,517104138E2;3,195703125E1
1,518104138E2;3,194531250E1
1,519104138E2;3,197656250E1
1,520104138E2;3,196093750E1
1,521104138E2;3,197656250E1
1,522104138E2;3,196875000E1
1,523104138E2;3,194921875E1
1,524104138E2;3,195312500E1
1,525104138E2;3,195312500E1
1,526104138E2;3,196875000E1
1,527104138E2;3,192968750E1
1,528104138E2;3,194921875E1
1,529104138E2;3,193359375E1
1,530104138E2;3,192578125E1
1,531104138E2;3,191015625E1
1,532104138E2;3,197265625E1
1,533104138E2;3,194531250E1
1,534104138E2;3,192578125E1
1,535104138E2;3,195312500E1
1,536104138E2;3,191015625E1
1,537104138E2;3,189453125E1
1,538104138E2;3,190234375E1
1,539104138E2;3,190234375E1
1,540104138E2;3,190234375E1
1,541104138E2;3,189843750E1
1,542104138E2;3,194921875E1
1,543104138E2;3,191015625E1
1,544104138E2;3,195703125E1
1,545104138E2;3,192578125E1
1,546104138E2;3,195312500E1
1,547104138E2;3,195312500E1
1,548104138E2;3,193359375E1
1,549104138E2;3,193359375E1
1,550104138E2;3,192578125E1
1,551104138E2;3,189453125E1
1,552104138E2;3,189453125E1
1,553104138E2;3,197265625E1
1,554104138E2;3,195703125E1
1,555104138E2;3,189453125E1
1,556104138E2;3,187890625E1
1,557104138E2;3,195703125E1
1,558104138E2;3,189453125E1
1,559104138E2;3,192968750E1
1,560104138E2;3,191796875E1
1,561104138E2;3,194531250E1
1,562104138E2;3,193359375E1
1,563104138E2;3,192968750E1
1,564104138E2;3,195312500E1
1,565104138E2;3,195312500E1
1,566104138E2;3,195703125E1
1,567104138E2;3,195703125E1
1,568104138E2;3,194531250E1
1,569104138E2;3,194531250E1
1,570104138E2;3,194531250E1
1,571104138E2;3,190234375E1
1,572104138E2;3,195703125E1
1,573104138E2;3,191015625E1
1,574104138E2;3,188671875E1
1,575104138E2;3,191796875E1
1,576104138E2;3,192578125E1
1,577104138E2;3,191015625E1
1,578104138E2;3,191015625E1
1,579104138E2;3,193359375E1
1,580104138E2;3,187890625E1
1,581104138E2;3,193359375E1
1,582104138E2;3,191015625E1
1,583104138E2;3,189453125E1
1,584104138E2;3,192578125E1
1,585104138E2;3,194140625E1
1,586104138E2;3,191015625E1
1,587104138E2;3,191015625E1
1,588104138E2;3,195703125E1
1,589104138E2;3,189453125E1
1,590104138E2;3,191796875E1
1,591104138E2;3,187890625E1
1,592104138E2;3,193359375E1
1,593104138E2;3,192578125E1
1,594104138E2;3,191796875E1
1,595104138E2;3,190234375E1
1,596104138E2;3,187890625E1
1,597104138E2;3,190234375E1
1,598104138E2;3,186718750E1
1,599104138E2;3,194531250E1
1,600104138E2;3,195312500E1
1,601104138E2;3,194531250E1
1,602104138E2;3,191796875E1
1,603104138E2;3,186718750E1
1,604104138E2;3,195312500E1
1,605104138E2;3,190234375E1
1,606104138E2;3,195312500E1
1,607104138E2;3,187890625E1
1,608104138E2;3,191796875E1
1,609104138E2;3,193359375E1
1,610104138E2;3,190234375E1
1,611104138E2;3,191796875E1
1,612104138E2;3,192578125E1
1,613104138E2;3,191796875E1
1,614104138E2;3,190234375E1
1,615104138E2;3,188671875E1
1,616104138E2;3,190234375E1
1,617104138E2;3,191015625E1
1,618104138E2;3,193359375E1
1,619104138E2;3,193359375E1
1,620104138E2;3,187890625E1
1,621104138E2;3,194531250E1
1,622104138E2;3,193359375E1
1,623104138E2;3,187890625E1
1,624104138E2;3,191015625E1
1,625104138E2;3,192578125E1
1,626104138E2;3,188671875E1
1,627104138E2;3,193359375E1
1,628104138E2;3,190234375E1
1,629104138E2;3,192578125E1
1,630104138E2;3,192578125E1
1,631104138E2;3,190234375E1
1,632104138E2;3,191015625E1
1,633104138E2;3,193359375E1
1,634104138E2;3,193359375E1
1,635104138E2;3,190234375E1
1,636104138E2;3,187890625E1
1,637104138E2;3,193359375E1
1,638104138E2;3,193359375E1
1,639104138E2;3,196484375E1
1,640104138E2;3,192968750E1
1,641104138E2;3,193359375E1
1,642104138E2;3,190234375E1
1,643104138E2;3,192578125E1
1,644104138E2;3,194531250E1
1,645104138E2;3,193359375E1
1,646104138E2;3,192578125E1
1,647104138E2;3,191796875E1
1,648104138E2;3,193359375E1
1,649104138E2;3,191796875E1
1,650104138E2;3,194531250E1
1,651104138E2;3,189843750E1
1,652104138E2;3,195312500E1
1,653104138E2;3,196875000E1
1,654104138E2;3,194140625E1
1,655104138E2;3,193359375E1
1,656104138E2;3,191796875E1
1,657104138E2;3,189453125E1
1,658104138E2;3,192187500E1
1,659104138E2;3,193359375E1
1,660104138E2;3,194140625E1
1,661104138E2;3,200781250E1
1,662104138E2;3,195703125E1
1,663104138E2;3,195312500E1
1,664104138E2;3,195312500E1
1,665104138E2;3,194140625E1
1,666104138E2;3,198437500E1
1,667104138E2;3,194921875E1
1,668104138E2;3,198828125E1
1,669104138E2;3,195703125E1
1,670104138E2;3,196093750E1
1,671104138E2;3,196484375E1
1,672104138E2;3,193359375E1
1,673104138E2;3,199218750E1
1,674104138E2;3,191796875E1
1,675104138E2;3,187890625E1
1,676104138E2;3,192578125E1
1,677104138E2;3,188671875E1
1,678104138E2;3,190234375E1
1,679104138E2;3,190234375E1
1,680104138E2;3,185937500E1
1,681104138E2;3,189453125E1
1,682104138E2;3,190234375E1
1,683104138E2;3,193359375E1
1,684104138E2;3,188671875E1
1,685104138E2;3,193359375E1
1,686104138E2;3,188671875E1
1,687104138E2;3,191796875E1
1,688104138E2;3,185156250E1
1,689104138E2;3,186718750E1
1,690104138E2;3,190234375E1
1,691104138E2;3,186718750E1
1,692104138E2;3,185156250E1
1,693104138E2;3,190234375E1
1,694104138E2;3,188671875E1
1,695104138E2;3,188671875E1
1,696104138E2;3,190234375E1
1,697104138E2;3,191015625E1
1,698104138E2;3,192578125E1
1,699104138E2;3,191015625E1
1,700104138E2;3,191015625E1
1,701104138E2;3,190234375E1
1,702104138E2;3,187890625E1
1,703104138E2;3,184375000E1
1,704104138E2;3,192578125E1
1,705104138E2;3,192578125E1
1,706104138E2;3,184375000E1
1,707104138E2;3,187890625E1
1,708104138E2;3,186718750E1
1,709104138E2;3,184375000E1
1,710104138E2;3,192578125E1
1,711104138E2;3,187890625E1
1,712104138E2;3,190234375E1
1,713104138E2;3,187890625E1
1,714104138E2;3,185156250E1
1,715104138E2;3,184375000E1
1,716104138E2;3,191796875E1
1,717104138E2;3,184375000E1
1,718104138E2;3,185937500E1
1,719104138E2;3,184375000E1
1,720104138E2;3,190234375E1
1,721104138E2;3,191796875E1
1,722104138E2;3,185937500E1
1,723104138E2;3,185937500E1
1,724104138E2;3,188671875E1
1,725104138E2;3,188671875E1
1,726104138E2;3,191015625E1
1,727104138E2;3,196484375E1
1,728104138E2;3,189453125E1
1,729104138E2;3,192578125E1
1,730104138E2;3,191796875E1
1,731104138E2;3,188671875E1
1,732104138E2;3,195312500E1
1,733104138E2;3,188671875E1
1,734104138E2;3,192578125E1
1,735104138E2;3,191796875E1
1,736104138E2;3,194531250E1
1,737104138E2;3,195703125E1
1,738104138E2;3,188671875E1
1,739104138E2;3,192578125E1
1,740104138E2;3,188671875E1
1,741104138E2;3,191796875E1
1,742104138E2;3,194140625E1
1,743104138E2;3,195312500E1
1,744104138E2;3,190234375E1
1,745104138E2;3,191796875E1
1,746104138E2;3,189453125E1
1,747104138E2;3,195312500E1
1,748104138E2;3,189453125E1
1,749104138E2;3,191015625E1
1,750104138E2;3,192578125E1
1,751104138E2;3,193359375E1
1,752104138E2;3,195312500E1
1,753104138E2;3,191015625E1
1,754104138E2;3,190234375E1
1,755104138E2;3,192968750E1
1,756104138E2;3,193359375E1
1,757104138E2;3,193359375E1
1,758104138E2;3,196875000E1
1,759104138E2;3,193359375E1
1,760104138E2;3,192578125E1
1,761104138E2;3,195312500E1
1,762104138E2;3,195703125E1
1,763104138E2;3,193359375E1
1,764104138E2;3,191796875E1
1,765104138E2;3,191796875E1
1,766104138E2;3,196484375E1
1,767104138E2;3,191406250E1
1,768104138E2;3,197265625E1
1,769104138E2;3,196875000E1
1,770104138E2;3,190625000E1
1,771104138E2;3,191796875E1
1,772104138E2;3,195312500E1
1,773104138E2;3,195312500E1
1,774104138E2;3,193359375E1
1,775104138E2;3,192578125E1
1,776104138E2;3,191015625E1
1,777104138E2;3,189453125E1
1,778104138E2;3,191796875E1
1,779104138E2;3,195703125E1
1,780104138E2;3,194140625E1
1,781104138E2;3,194531250E1
1,782104138E2;3,194531250E1
1,783104138E2;3,192578125E1
1,784104138E2;3,191015625E1
1,785104138E2;3,198046875E1
1,786104138E2;3,196484375E1
1,787104138E2;3,197265625E1
1,788104138E2;3,196875000E1
1,789104138E2;3,194531250E1
1,790104138E2;3,195703125E1
1,791104138E2;3,192187500E1
1,792104138E2;3,196875000E1
1,793104138E2;3,197265625E1
1,794104138E2;3,195312500E1
1,795104138E2;3,194531250E1
1,796104138E2;3,199218750E1
1,797104138E2;3,198437500E1
1,798104138E2;3,195703125E1
1,799104138E2;3,199609375E1
1,800104138E2;3,198046875E1
1,801104138E2;3,194140625E1
1,802104138E2;3,190625000E1
1,803104138E2;3,196484375E1
1,804104138E2;3,198437500E1
1,805104138E2;3,191796875E1
1,806104138E2;3,196484375E1
1,807104138E2;3,195703125E1
1,808104138E2;3,198828125E1
1,809104138E2;3,194140625E1
1,810104138E2;3,198828125E1
1,811104138E2;3,194921875E1
1,812104138E2;3,194921875E1
1,813104138E2;3,199609375E1
1,814104138E2;3,198046875E1
1,815104138E2;3,196484375E1
1,816104138E2;3,200000000E1
1,817104138E2;3,197265625E1
1,818104138E2;3,196875000E1
1,819104138E2;3,193359375E1
1,820104138E2;3,197656250E1
1,821104138E2;3,192968750E1
1,822104138E2;3,195703125E1
1,823104138E2;3,196093750E1
1,824104138E2;3,197656250E1
1,825104138E2;3,198437500E1
1,826104138E2;3,198437500E1
1,827104138E2;3,197656250E1
1,828104138E2;3,196093750E1
1,829104138E2;3,194921875E1
1,830104138E2;3,195703125E1
1,831104138E2;3,194921875E1
1,832104138E2;3,194531250E1
1,833104138E2;3,194140625E1
1,834104138E2;3,194921875E1
1,835104138E2;3,197265625E1
1,836104138E2;3,190234375E1
1,837104138E2;3,192968750E1
1,838104138E2;3,195703125E1
1,839104138E2;3,195312500E1
1,840104138E2;3,196875000E1
1,841104138E2;3,198437500E1
1,842104138E2;3,199218750E1
1,843104138E2;3,197656250E1
1,844104138E2;3,196093750E1
1,845104138E2;3,199218750E1
1,846104138E2;3,198828125E1
1,847104138E2;3,192187500E1
1,848104138E2;3,201171875E1
1,849104138E2;3,200000000E1
1,850104138E2;3,196093750E1
1,851104138E2;3,195703125E1
1,852104138E2;3,199218750E1
1,853104138E2;3,201953125E1
1,854104138E2;3,198828125E1
1,855104138E2;3,194921875E1
1,856104138E2;3,200000000E1
1,857104138E2;3,196875000E1
1,858104138E2;3,194921875E1
1,859104138E2;3,201171875E1
1,860104138E2;3,198437500E1
1,861104138E2;3,201171875E1
1,862104138E2;3,196875000E1
1,863104138E2;3,195703125E1
1,864104138E2;3,196484375E1
1,865104138E2;3,196093750E1
1,866104138E2;3,191796875E1
1,867104138E2;3,199218750E1
1,868104138E2;3,199218750E1
1,869104138E2;3,196093750E1
1,870104138E2;3,201953125E1
1,871104138E2;3,201171875E1
1,872104138E2;3,196484375E1
1,873104138E2;3,201171875E1
1,874104138E2;3,200000000E1
1,875104138E2;3,196093750E1
1,876104138E2;3,200000000E1
1,877104138E2;3,200781250E1
1,878104138E2;3,191406250E1
1,879104138E2;3,192187500E1
1,880104138E2;3,196484375E1
1,881104138E2;3,191406250E1
1,882104138E2;3,191406250E1
1,883104138E2;3,191796875E1
1,884104138E2;3,199609375E1
1,885104138E2;3,191015625E1
1,886104138E2;3,192187500E1
1,887104138E2;3,192578125E1
1,888104138E2;3,196875000E1
1,889104138E2;3,194531250E1
1,890104138E2;3,191796875E1
1,891104138E2;3,196484375E1
1,892104138E2;3,195703125E1
1,893104138E2;3,194531250E1
1,894104138E2;3,196484375E1
1,895104138E2;3,195312500E1
1,896104138E2;3,192578125E1
1,897104138E2;3,188671875E1
1,898104138E2;3,191015625E1
1,899104138E2;3,191796875E1
1,900104138E2;3,189453125E1
1,901104138E2;3,189453125E1
1,902104138E2;3,188671875E1
1,903104138E2;3,193359375E1
1,904104138E2;3,190234375E1
1,905104138E2;3,186718750E1
1,906104138E2;3,187890625E1
1,907104138E2;3,197265625E1
1,908104138E2;3,199218750E1
1,909104138E2;3,198437500E1
1,910104138E2;3,196484375E1
1,911104138E2;3,189453125E1
1,912104138E2;3,195703125E1
1,913104138E2;3,193359375E1
1,914104138E2;3,195312500E1
1,915104138E2;3,191796875E1
1,916104138E2;3,190234375E1
1,917104138E2;3,189453125E1
1,918104138E2;3,190234375E1
1,919104138E2;3,186718750E1
1,920104138E2;3,186718750E1
1,921104138E2;3,193359375E1
1,922104138E2;3,190234375E1
1,923104138E2;3,185156250E1
1,924104138E2;3,189453125E1
1,925104138E2;3,186718750E1
1,926104138E2;3,185937500E1
1,927104138E2;3,192578125E1
1,928104138E2;3,190234375E1
1,929104138E2;3,191015625E1
1,930104138E2;3,187890625E1
1,931104138E2;3,190234375E1
1,932104138E2;3,188671875E1
1,933104138E2;3,189453125E1
1,934104138E2;3,182421875E1
1,935104138E2;3,183593750E1
1,936104138E2;3,191796875E1
1,937104138E2;3,185156250E1
1,938104138E2;3,190234375E1
1,939104138E2;3,190234375E1
1,940104138E2;3,189453125E1
1,941104138E2;3,187890625E1
1,942104138E2;3,182812500E1
1,943104138E2;3,193359375E1
1,944104138E2;3,190234375E1
1,945104138E2;3,188671875E1
1,946104138E2;3,188671875E1
1,947104138E2;3,186718750E1
1,948104138E2;3,188671875E1
1,949104138E2;3,185937500E1
1,950104138E2;3,185937500E1
1,951104138E2;3,183593750E1
1,952104138E2;3,185937500E1
1,953104138E2;3,191406250E1
1,954104138E2;3,186718750E1
1,955104138E2;3,193359375E1
1,956104138E2;3,189453125E1
1,957104138E2;3,191015625E1
1,958104138E2;3,191015625E1
1,959104138E2;3,188671875E1
1,960104138E2;3,189453125E1
1,961104138E2;3,188671875E1
1,962104138E2;3,190234375E1
1,963104138E2;3,188671875E1
1,964104138E2;3,191015625E1
1,965104138E2;3,191015625E1
1,966104138E2;3,189453125E1
1,967104138E2;3,188671875E1
1,968104138E2;3,191015625E1
1,969104138E2;3,192578125E1
1,970104138E2;3,188671875E1
1,971104138E2;3,184375000E1
1,972104138E2;3,194531250E1
1,973104138E2;3,186718750E1
1,974104138E2;3,187890625E1
1,975104138E2;3,183593750E1
1,976104138E2;3,184765625E1
1,977104138E2;3,186328125E1
1,978104138E2;3,182421875E1
1,979104138E2;3,182031250E1
1,980104138E2;3,182812500E1
1,981104138E2;3,180859375E1
1,982104138E2;3,181640625E1
1,983104138E2;3,179687500E1
1,984104138E2;3,182421875E1
1,985104138E2;3,182812500E1
1,986104138E2;3,182421875E1
1,987104138E2;3,182421875E1
1,988104138E2;3,183984375E1
1,989104138E2;3,180859375E1
1,990104138E2;3,182812500E1
1,991104138E2;3,184375000E1
1,992104138E2;3,183593750E1
1,993104138E2;3,185156250E1
1,994104138E2;3,185156250E1
1,995104138E2;3,182421875E1
1,996104138E2;3,183984375E1
1,997104138E2;3,184375000E1
1,998104138E2;3,184375000E1
1,999104138E2;3,182421875E1
2,000104138E2;3,184375000E1
2,001104138E2;3,184375000E1
2,002104138E2;3,186718750E1
2,003104138E2;3,189453125E1
2,004104138E2;3,186718750E1
2,005104138E2;3,189453125E1
2,006104138E2;3,185156250E1
2,007104138E2;3,190234375E1
2,008104138E2;3,185937500E1
2,009104138E2;3,184375000E1
2,010104138E2;3,185937500E1
2,011104138E2;3,191015625E1
2,012104138E2;3,183593750E1
2,013104138E2;3,192578125E1
2,014104138E2;3,185156250E1
2,015104138E2;3,188671875E1
2,016104138E2;3,185937500E1
2,017104138E2;3,191015625E1
2,018104138E2;3,193359375E1
2,019104138E2;3,192578125E1
2,020104138E2;3,191796875E1
2,021104138E2;3,191796875E1
2,022104138E2;3,184375000E1
2,023104138E2;3,190234375E1
2,024104138E2;3,188281250E1
2,025104138E2;3,189453125E1
2,026104138E2;3,191015625E1
2,027104138E2;3,190625000E1
2,028104138E2;3,195703125E1
2,029104138E2;3,189843750E1
2,030104138E2;3,190234375E1
2,031104138E2;3,192968750E1
2,032104138E2;3,190234375E1
2,033104138E2;3,193359375E1
2,034104138E2;3,193359375E1
2,035104138E2;3,196484375E1
2,036104138E2;3,192578125E1
2,037104138E2;3,199609375E1
2,038104138E2;3,193359375E1
2,039104138E2;3,192968750E1
2,040104138E2;3,192968750E1
2,041104138E2;3,196093750E1
2,042104138E2;3,198828125E1
2,043104138E2;3,196093750E1
2,044104138E2;3,197656250E1
2,045104138E2;3,198437500E1
2,046104138E2;3,198437500E1
2,047104138E2;3,200000000E1
2,048104138E2;3,199218750E1
2,049104138E2;3,199218750E1
2,050104138E2;3,201171875E1
2,051104138E2;3,202734375E1
2,052104138E2;3,200000000E1
2,053104138E2;3,201171875E1
2,054104138E2;3,201953125E1
2,055104138E2;3,201953125E1
2,056104138E2;3,201171875E1
2,057104138E2;3,199218750E1
2,058104138E2;3,200000000E1
2,059104138E2;3,201171875E1
2,060104138E2;3,204296875E1
2,061104138E2;3,201953125E1
2,062104138E2;3,199218750E1
2,063104138E2;3,201953125E1
2,064104138E2;3,202734375E1
2,065104138E2;3,205859375E1
2,066104138E2;3,206640625E1
2,067104138E2;3,208593750E1
2,068104138E2;3,205078125E1
2,069104138E2;3,205859375E1
2,070104138E2;3,204296875E1
2,071104138E2;3,203515625E1
2,072104138E2;3,204296875E1
2,073104138E2;3,206640625E1
2,074104138E2;3,207812500E1
2,075104138E2;3,205859375E1
2,076104138E2;3,201953125E1
2,077104138E2;3,201953125E1
2,078104138E2;3,205859375E1
2,079104138E2;3,204296875E1
2,080104138E2;3,207812500E1
2,081104138E2;3,202734375E1
2,082104138E2;3,205859375E1
2,083104138E2;3,205859375E1
2,084104138E2;3,203515625E1
2,085104138E2;3,203515625E1
2,086104138E2;3,204296875E1
2,087104138E2;3,207812500E1
2,088104138E2;3,204296875E1
2,089104138E2;3,207812500E1
2,090104138E2;3,205078125E1
2,091104138E2;3,207812500E1
2,092104138E2;3,205078125E1
2,093104138E2;3,203515625E1
2,094104138E2;3,202734375E1
2,095104138E2;3,202734375E1
2,096104138E2;3,207812500E1
2,097104138E2;3,206640625E1
2,098104138E2;3,203515625E1
2,099104138E2;3,205859375E1
2,100104138E2;3,206640625E1
2,101104138E2;3,208984375E1
2,102104138E2;3,205859375E1
2,103104138E2;3,210546875E1
2,104104138E2;3,207421875E1
2,105104138E2;3,212109375E1
2,106104138E2;3,207421875E1
2,107104138E2;3,208593750E1
2,108104138E2;3,205078125E1
2,109104138E2;3,208593750E1
2,110104138E2;3,210156250E1
2,111104138E2;3,207812500E1
2,112104138E2;3,208593750E1
2,113104138E2;3,206640625E1
2,114104138E2;3,210156250E1
2,115104138E2;3,209765625E1
2,116104138E2;3,210156250E1
2,117104138E2;3,207812500E1
2,118104138E2;3,209375000E1
2,119104138E2;3,208593750E1
2,120104138E2;3,210937500E1
2,121104138E2;3,208203125E1
2,122104138E2;3,210156250E1
2,123104138E2;3,208593750E1
2,124104138E2;3,209375000E1
2,125104138E2;3,210546875E1
2,126104138E2;3,212500000E1
2,127104138E2;3,214453125E1
2,128104138E2;3,212109375E1
2,129104138E2;3,211718750E1
2,130104138E2;3,207812500E1
2,131104138E2;3,211328125E1
2,132104138E2;3,211718750E1
2,133104138E2;3,207421875E1
2,134104138E2;3,210156250E1
2,135104138E2;3,210937500E1
2,136104138E2;3,214453125E1
2,137104138E2;3,212500000E1
2,138104138E2;3,212500000E1
2,139104138E2;3,213281250E1
2,140104138E2;3,215234375E1
2,141104138E2;3,211718750E1
2,142104138E2;3,210156250E1
2,143104138E2;3,211718750E1
2,144104138E2;3,211718750E1
2,145104138E2;3,212500000E1
2,146104138E2;3,212500000E1
2,147104138E2;3,212500000E1
2,148104138E2;3,209375000E1
2,149104138E2;3,212500000E1
2,150104138E2;3,210937500E1
2,151104138E2;3,217578125E1
2,152104138E2;3,209765625E1
2,153104138E2;3,210937500E1
2,154104138E2;3,216796875E1
2,155104138E2;3,213281250E1
2,156104138E2;3,214453125E1
2,157104138E2;3,210937500E1
2,158104138E2;3,210937500E1
2,159104138E2;3,215234375E1
2,160104138E2;3,215234375E1
2,161104138E2;3,217578125E1
2,162104138E2;3,216015625E1
2,163104138E2;3,216015625E1
2,164104138E2;3,212500000E1
2,165104138E2;3,216015625E1
2,166104138E2;3,213281250E1
2,167104138E2;3,212500000E1
2,168104138E2;3,214453125E1
2,169104138E2;3,216796875E1
2,170104138E2;3,214453125E1
2,171104138E2;3,219140625E1
2,172104138E2;3,213281250E1
2,173104138E2;3,213281250E1
2,174104138E2;3,212500000E1
2,175104138E2;3,214843750E1
2,176104138E2;3,219921875E1
2,177104138E2;3,218359375E1
2,178104138E2;3,216015625E1
2,179104138E2;3,215234375E1
2,180104138E2;3,216796875E1
2,181104138E2;3,219140625E1
2,182104138E2;3,216015625E1
2,183104138E2;3,216796875E1
2,184104138E2;3,216796875E1
2,185104138E2;3,213281250E1
2,186104138E2;3,215234375E1
2,187104138E2;3,216015625E1
2,188104138E2;3,213281250E1
2,189104138E2;3,218359375E1
2,190104138E2;3,219921875E1
2,191104138E2;3,216796875E1
2,192104138E2;3,215234375E1
2,193104138E2;3,215234375E1
2,194104138E2;3,215234375E1
2,195104138E2;3,218359375E1
2,196104138E2;3,215234375E1
2,197104138E2;3,219921875E1
2,198104138E2;3,213281250E1
2,199104138E2;3,219140625E1
2,200104138E2;3,214453125E1
2,201104138E2;3,216015625E1
2,202104138E2;3,218359375E1
2,203104138E2;3,212500000E1
2,204104138E2;3,217578125E1
2,205104138E2;3,218359375E1
2,206104138E2;3,219921875E1
2,207104138E2;3,210937500E1
2,208104138E2;3,216015625E1
2,209104138E2;3,213281250E1
2,210104138E2;3,210937500E1
2,211104138E2;3,214453125E1
2,212104138E2;3,211718750E1
2,213104138E2;3,218359375E1
2,214104138E2;3,212500000E1
2,215104138E2;3,219140625E1
2,216104138E2;3,212500000E1
2,217104138E2;3,215234375E1
2,218104138E2;3,210937500E1
2,219104138E2;3,219140625E1
2,220104138E2;3,212500000E1
2,221104138E2;3,217578125E1
2,222104138E2;3,214453125E1
2,223104138E2;3,216015625E1
2,224104138E2;3,214453125E1
2,225104138E2;3,212500000E1
2,226104138E2;3,214453125E1
2,227104138E2;3,213281250E1
2,228104138E2;3,215234375E1
2,229104138E2;3,216015625E1
2,230104138E2;3,210937500E1
2,231104138E2;3,213281250E1
2,232104138E2;3,216015625E1
2,233104138E2;3,219140625E1
2,234104138E2;3,213281250E1
2,235104138E2;3,214453125E1
2,236104138E2;3,212500000E1
2,237104138E2;3,214453125E1
2,238104138E2;3,214453125E1
2,239104138E2;3,216015625E1
2,240104138E2;3,217578125E1
2,241104138E2;3,216015625E1
2,242104138E2;3,219140625E1
2,243104138E2;3,212500000E1
2,244104138E2;3,216015625E1
2,245104138E2;3,212500000E1
2,246104138E2;3,215234375E1
2,247104138E2;3,214453125E1
2,248104138E2;3,212500000E1
2,249104138E2;3,209375000E1
2,250104138E2;3,214453125E1
2,251104138E2;3,212500000E1
2,252104138E2;3,211718750E1
2,253104138E2;3,214453125E1
2,254104138E2;3,214453125E1
2,255104138E2;3,211718750E1
2,256104138E2;3,210937500E1
2,257104138E2;3,210937500E1
2,258104138E2;3,211718750E1
2,259104138E2;3,212500000E1
2,260104138E2;3,213281250E1
2,261104138E2;3,210937500E1
2,262104138E2;3,210937500E1
2,263104138E2;3,210937500E1
2,264104138E2;3,211718750E1
2,265104138E2;3,215234375E1
2,266104138E2;3,215234375E1
2,267104138E2;3,215234375E1
2,268104138E2;3,212500000E1
2,269104138E2;3,212500000E1
2,270104138E2;3,211718750E1
2,271104138E2;3,210156250E1
2,272104138E2;3,214453125E1
2,273104138E2;3,216015625E1
2,274104138E2;3,215234375E1
2,275104138E2;3,214453125E1
2,276104138E2;3,211718750E1
2,277104138E2;3,212500000E1
2,278104138E2;3,215234375E1
2,279104138E2;3,211718750E1
2,280104138E2;3,210937500E1
2,281104138E2;3,216015625E1
2,282104138E2;3,213281250E1
2,283104138E2;3,210937500E1
2,284104138E2;3,208593750E1
2,285104138E2;3,210937500E1
2,286104138E2;3,216796875E1
2,287104138E2;3,213281250E1
2,288104138E2;3,211718750E1
2,289104138E2;3,213281250E1
2,290104138E2;3,214843750E1
2,291104138E2;3,211718750E1
2,292104138E2;3,214453125E1
2,293104138E2;3,212500000E1
2,294104138E2;3,216796875E1
2,295104138E2;3,213281250E1
2,296104138E2;3,216796875E1
2,297104138E2;3,215234375E1
2,298104138E2;3,215234375E1
2,299104138E2;3,212500000E1
2,300104138E2;3,212500000E1
2,301104138E2;3,215234375E1
2,302104138E2;3,215234375E1
2,303104138E2;3,211718750E1
2,304104138E2;3,218359375E1
2,305104138E2;3,214453125E1
2,306104138E2;3,215234375E1
2,307104138E2;3,215234375E1
2,308104138E2;3,211718750E1
2,309104138E2;3,213281250E1
2,310104138E2;3,217578125E1
2,311104138E2;3,213281250E1
2,312104138E2;3,210156250E1
2,313104138E2;3,216015625E1
2,314104138E2;3,216015625E1
2,315104138E2;3,218359375E1
2,316104138E2;3,211718750E1
2,317104138E2;3,213281250E1
2,318104138E2;3,211718750E1
2,319104138E2;3,214453125E1
2,320104138E2;3,211718750E1
2,321104138E2;3,214453125E1
2,322104138E2;3,214453125E1
2,323104138E2;3,211718750E1
2,324104138E2;3,210937500E1
2,325104138E2;3,214453125E1
2,326104138E2;3,213281250E1
2,327104138E2;3,212500000E1
2,328104138E2;3,216796875E1
2,329104138E2;3,214453125E1
2,330104138E2;3,214453125E1
2,331104138E2;3,216015625E1
2,332104138E2;3,212500000E1
2,333104138E2;3,213281250E1
2,334104138E2;3,213281250E1
2,335104138E2;3,210937500E1
2,336104138E2;3,215234375E1
2,337104138E2;3,211718750E1
2,338104138E2;3,222265625E1
2,339104138E2;3,223437500E1
2,340104138E2;3,216406250E1
2,341104138E2;3,221093750E1
2,342104138E2;3,225390625E1
2,343104138E2;3,219921875E1
2,344104138E2;3,221093750E1
2,345104138E2;3,218359375E1
2,346104138E2;3,222265625E1
2,347104138E2;3,216015625E1
2,348104138E2;3,216796875E1
2,349104138E2;3,217968750E1
2,350104138E2;3,223828125E1
2,351104138E2;3,223437500E1
2,352104138E2;3,222265625E1
2,353104138E2;3,222656250E1
2,354104138E2;3,225390625E1
2,355104138E2;3,223828125E1
2,356104138E2;3,222656250E1
2,357104138E2;3,221093750E1
2,358104138E2;3,218359375E1
2,359104138E2;3,217578125E1
2,360104138E2;3,214453125E1
2,361104138E2;3,216015625E1
2,362104138E2;3,223046875E1
2,363104138E2;3,220703125E1
2,364104138E2;3,223046875E1
2,365104138E2;3,220703125E1
2,366104138E2;3,219921875E1
2,367104138E2;3,223437500E1
2,368104138E2;3,221093750E1
2,369104138E2;3,219921875E1
2,370104138E2;3,221875000E1
2,371104138E2;3,219921875E1
2,372104138E2;3,221484375E1
2,373104138E2;3,218359375E1
2,374104138E2;3,223437500E1
2,375104138E2;3,218359375E1
2,376104138E2;3,219140625E1
2,377104138E2;3,221875000E1
2,378104138E2;3,219921875E1
2,379104138E2;3,222656250E1
2,380104138E2;3,221484375E1
2,381104138E2;3,219531250E1
2,382104138E2;3,222656250E1
2,383104138E2;3,221875000E1
2,384104138E2;3,223046875E1
2,385104138E2;3,217187500E1
2,386104138E2;3,223437500E1
2,387104138E2;3,219140625E1
2,388104138E2;3,216796875E1
2,389104138E2;3,220703125E1
2,390104138E2;3,227734375E1
2,391104138E2;3,221875000E1
2,392104138E2;3,219921875E1
2,393104138E2;3,216015625E1
2,394104138E2;3,221484375E1
2,395104138E2;3,219531250E1
2,396104138E2;3,219921875E1
2,397104138E2;3,215234375E1
2,398104138E2;3,216406250E1
2,399104138E2;3,222265625E1
2,400104138E2;3,221484375E1
2,401104138E2;3,217187500E1
2,402104138E2;3,222265625E1
2,403104138E2;3,221484375E1
2,404104138E2;3,222656250E1
2,405104138E2;3,222265625E1
2,406104138E2;3,220703125E1
2,407104138E2;3,218359375E1
2,408104138E2;3,219140625E1
2,409104138E2;3,223046875E1
2,410104138E2;3,221093750E1
2,411104138E2;3,221484375E1
2,412104138E2;3,217187500E1
2,413104138E2;3,223828125E1
2,414104138E2;3,219531250E1
2,415104138E2;3,222265625E1
2,416104138E2;3,221093750E1
2,417104138E2;3,221484375E1
2,418104138E2;3,222265625E1
2,419104138E2;3,216796875E1
2,420104138E2;3,221484375E1
2,421104138E2;3,220703125E1
2,422104138E2;3,223437500E1
2,423104138E2;3,218359375E1
2,424104138E2;3,218750000E1
2,425104138E2;3,221875000E1
2,426104138E2;3,219140625E1
2,427104138E2;3,217578125E1
2,428104138E2;3,219921875E1
2,429104138E2;3,219921875E1
2,430104138E2;3,218359375E1
2,431104138E2;3,218359375E1
2,432104138E2;3,223046875E1
2,433104138E2;3,219921875E1
2,434104138E2;3,218359375E1
2,435104138E2;3,219531250E1
2,436104138E2;3,219921875E1
2,437104138E2;3,221093750E1
2,438104138E2;3,217968750E1
2,439104138E2;3,222656250E1
2,440104138E2;3,224609375E1
2,441104138E2;3,219921875E1
2,442104138E2;3,222656250E1
2,443104138E2;3,221484375E1
2,444104138E2;3,212500000E1
2,445104138E2;3,217578125E1
2,446104138E2;3,215234375E1
2,447104138E2;3,214453125E1
2,448104138E2;3,219140625E1
2,449104138E2;3,219140625E1
2,450104138E2;3,216796875E1
2,451104138E2;3,216015625E1
2,452104138E2;3,219140625E1
2,453104138E2;3,219531250E1
2,454104138E2;3,219921875E1
2,455104138E2;3,219921875E1
2,456104138E2;3,223046875E1
2,457104138E2;3,220703125E1
2,458104138E2;3,219921875E1
2,459104138E2;3,223828125E1
2,460104138E2;3,215234375E1
2,461104138E2;3,218359375E1
2,462104138E2;3,218750000E1
2,463104138E2;3,221093750E1
2,464104138E2;3,219921875E1
2,465104138E2;3,212500000E1
2,466104138E2;3,217578125E1
2,467104138E2;3,218359375E1
2,468104138E2;3,219140625E1
2,469104138E2;3,217578125E1
2,470104138E2;3,216015625E1
2,471104138E2;3,218359375E1
2,472104138E2;3,216015625E1
2,473104138E2;3,219140625E1
2,474104138E2;3,217578125E1
2,475104138E2;3,222265625E1
2,476104138E2;3,218359375E1
2,477104138E2;3,222265625E1
2,478104138E2;3,215234375E1
2,479104138E2;3,216796875E1
2,480104138E2;3,214453125E1
2,481104138E2;3,213281250E1
2,482104138E2;3,216796875E1
2,483104138E2;3,214453125E1
2,484104138E2;3,215234375E1
2,485104138E2;3,216796875E1
2,486104138E2;3,216796875E1
2,487104138E2;3,213281250E1
2,488104138E2;3,222265625E1
2,489104138E2;3,219140625E1
2,490104138E2;3,214453125E1
2,491104138E2;3,213281250E1
2,492104138E2;3,215234375E1
2,493104138E2;3,217578125E1
2,494104138E2;3,212500000E1
2,495104138E2;3,219140625E1
2,496104138E2;3,219921875E1
2,497104138E2;3,218359375E1
2,498104138E2;3,214453125E1
2,499104138E2;3,221093750E1
2,500104138E2;3,221875000E1
2,501104138E2;3,225000000E1
2,502104138E2;3,225781250E1
2,503104138E2;3,220703125E1
2,504104138E2;3,218750000E1
2,505104138E2;3,222656250E1
2,506104138E2;3,219140625E1
2,507104138E2;3,226562500E1
2,508104138E2;3,225000000E1
2,509104138E2;3,223046875E1
2,510104138E2;3,219531250E1
2,511104138E2;3,224609375E1
2,512104138E2;3,221875000E1
2,513104138E2;3,228515625E1
2,514104138E2;3,219140625E1
2,515104138E2;3,226171875E1
2,516104138E2;3,221484375E1
2,517104138E2;3,225390625E1
2,518104138E2;3,221875000E1
2,519104138E2;3,222656250E1
2,520104138E2;3,219140625E1
2,521104138E2;3,219921875E1
2,522104138E2;3,219921875E1
2,523104138E2;3,216015625E1
2,524104138E2;3,212500000E1
2,525104138E2;3,221093750E1
2,526104138E2;3,218750000E1
2,527104138E2;3,221093750E1
2,528104138E2;3,217578125E1
2,529104138E2;3,217578125E1
2,530104138E2;3,218359375E1
2,531104138E2;3,216796875E1
2,532104138E2;3,222265625E1
2,533104138E2;3,218359375E1
2,534104138E2;3,217578125E1
2,535104138E2;3,213281250E1
2,536104138E2;3,216015625E1
2,537104138E2;3,214453125E1
2,538104138E2;3,210937500E1
2,539104138E2;3,217578125E1
2,540104138E2;3,221093750E1
2,541104138E2;3,212500000E1
2,542104138E2;3,217578125E1
2,543104138E2;3,218359375E1
2,544104138E2;3,215234375E1
2,545104138E2;3,214453125E1
2,546104138E2;3,216015625E1
2,547104138E2;3,213281250E1
2,548104138E2;3,214453125E1
2,549104138E2;3,215234375E1
2,550104138E2;3,208593750E1
2,551104138E2;3,215234375E1
2,552104138E2;3,214453125E1
2,553104138E2;3,215234375E1
2,554104138E2;3,212500000E1
2,555104138E2;3,214453125E1
2,556104138E2;3,210156250E1
2,557104138E2;3,211328125E1
2,558104138E2;3,209375000E1
2,559104138E2;3,210937500E1
2,560104138E2;3,217578125E1
2,561104138E2;3,210937500E1
2,562104138E2;3,209375000E1
2,563104138E2;3,214453125E1
2,564104138E2;3,208593750E1
2,565104138E2;3,211718750E1
2,566104138E2;3,208203125E1
2,567104138E2;3,210937500E1
2,568104138E2;3,208593750E1
2,569104138E2;3,209375000E1
2,570104138E2;3,211718750E1
2,571104138E2;3,210156250E1
2,572104138E2;3,207812500E1
2,573104138E2;3,210156250E1
2,574104138E2;3,210156250E1
2,575104138E2;3,208203125E1
2,576104138E2;3,208203125E1
2,577104138E2;3,210156250E1
2,578104138E2;3,212109375E1
2,579104138E2;3,211328125E1
2,580104138E2;3,208203125E1
2,581104138E2;3,208203125E1
2,582104138E2;3,209375000E1
2,583104138E2;3,210546875E1
2,584104138E2;3,208984375E1
2,585104138E2;3,207421875E1
2,586104138E2;3,209375000E1
2,587104138E2;3,207812500E1
2,588104138E2;3,208593750E1
2,589104138E2;3,211718750E1
2,590104138E2;3,207812500E1
2,591104138E2;3,209765625E1
2,592104138E2;3,208593750E1
2,593104138E2;3,207812500E1
2,594104138E2;3,206250000E1
2,595104138E2;3,205859375E1
2,596104138E2;3,205859375E1
2,597104138E2;3,205859375E1
2,598104138E2;3,210546875E1
2,599104138E2;3,205859375E1
2,600104138E2;3,205078125E1
2,601104138E2;3,205859375E1
2,602104138E2;3,207812500E1
2,603104138E2;3,205078125E1
2,604104138E2;3,207812500E1
2,605104138E2;3,208593750E1
2,606104138E2;3,205078125E1
2,607104138E2;3,206640625E1
2,608104138E2;3,206640625E1
2,609104138E2;3,205859375E1
2,610104138E2;3,208984375E1
2,611104138E2;3,205859375E1
2,612104138E2;3,203515625E1
2,613104138E2;3,205078125E1
2,614104138E2;3,204296875E1
2,615104138E2;3,205859375E1
2,616104138E2;3,205078125E1
2,617104138E2;3,206640625E1
2,618104138E2;3,204296875E1
2,619104138E2;3,205859375E1
2,620104138E2;3,205078125E1
2,621104138E2;3,202734375E1
2,622104138E2;3,208593750E1
2,623104138E2;3,204296875E1
2,624104138E2;3,203125000E1
2,625104138E2;3,202734375E1
2,626104138E2;3,206640625E1
2,627104138E2;3,204296875E1
2,628104138E2;3,204296875E1
2,629104138E2;3,201953125E1
2,630104138E2;3,205859375E1
2,631104138E2;3,202734375E1
2,632104138E2;3,205859375E1
2,633104138E2;3,203515625E1
2,634104138E2;3,207812500E1
2,635104138E2;3,203515625E1
2,636104138E2;3,205859375E1
2,637104138E2;3,204296875E1
2,638104138E2;3,205859375E1
2,639104138E2;3,205078125E1
2,640104138E2;3,205078125E1
2,641104138E2;3,208593750E1
2,642104138E2;3,202734375E1
2,643104138E2;3,207421875E1
2,644104138E2;3,206640625E1
2,645104138E2;3,205078125E1
2,646104138E2;3,205078125E1
2,647104138E2;3,207812500E1
2,648104138E2;3,207812500E1
2,649104138E2;3,205859375E1
2,650104138E2;3,201953125E1
2,651104138E2;3,203515625E1
2,652104138E2;3,205078125E1
2,653104138E2;3,203515625E1
2,654104138E2;3,206640625E1
2,655104138E2;3,205859375E1
2,656104138E2;3,205078125E1
2,657104138E2;3,202734375E1
2,658104138E2;3,205078125E1
2,659104138E2;3,205859375E1
2,660104138E2;3,202734375E1
2,661104138E2;3,204296875E1
2,662104138E2;3,205078125E1
2,663104138E2;3,203515625E1
2,664104138E2;3,205078125E1
2,665104138E2;3,200000000E1
2,666104138E2;3,202734375E1
2,667104138E2;3,204296875E1
2,668104138E2;3,204296875E1
2,669104138E2;3,203515625E1
2,670104138E2;3,200000000E1
2,671104138E2;3,199218750E1
2,672104138E2;3,199218750E1
2,673104138E2;3,205078125E1
2,674104138E2;3,204296875E1
2,675104138E2;3,204296875E1
2,676104138E2;3,201171875E1
2,677104138E2;3,203515625E1
2,678104138E2;3,201171875E1
2,679104138E2;3,206640625E1
2,680104138E2;3,204296875E1
2,681104138E2;3,202734375E1
2,682104138E2;3,203515625E1
2,683104138E2;3,204296875E1
2,684104138E2;3,204296875E1
2,685104138E2;3,203515625E1
2,686104138E2;3,204296875E1
2,687104138E2;3,201171875E1
2,688104138E2;3,201953125E1
2,689104138E2;3,199218750E1
2,690104138E2;3,203515625E1
2,691104138E2;3,204296875E1
2,692104138E2;3,195703125E1
2,693104138E2;3,198437500E1
2,694104138E2;3,194531250E1
2,695104138E2;3,196093750E1
2,696104138E2;3,197656250E1
2,697104138E2;3,197656250E1
2,698104138E2;3,196484375E1
2,699104138E2;3,191796875E1
2,700104138E2;3,201562500E1
2,701104138E2;3,198828125E1
2,702104138E2;3,198046875E1
2,703104138E2;3,195312500E1
2,704104138E2;3,194531250E1
2,705104138E2;3,196093750E1
2,706104138E2;3,202343750E1
2,707104138E2;3,199609375E1
2,708104138E2;3,197265625E1
2,709104138E2;3,193359375E1
2,710104138E2;3,191015625E1
2,711104138E2;3,195703125E1
2,712104138E2;3,191796875E1
2,713104138E2;3,191015625E1
2,714104138E2;3,191796875E1
2,715104138E2;3,192187500E1
2,716104138E2;3,192187500E1
2,717104138E2;3,191796875E1
2,718104138E2;3,193359375E1
