"Time (s)";"Latitude (째)";"Longitude (째)";"Height (m)";"Velocity (m/s)";"Direction (째)";"Horizontal Accuracy (m)";"Vertical Accuracy (째)"
6,698012352E-3;5,235568078E1;4,889871888E0;2,337978431E0;0,000000000E0;NaN;6,520160526E0;4,000000000E0
6,349545717E-1;5,235568866E1;4,889871553E0;3,135219574E0;0,000000000E0;1,532812500E2;1,668156862E1;8,000000000E0
1,288988471E0;5,235568887E1;4,889871972E0;1,731410980E0;0,000000000E0;1,532812500E2;1,668156862E1;4,000000000E0
2,289204001E0;5,235569457E1;4,889870966E0;1,862819672E0;0,000000000E0;1,532812500E2;1,402444144E1;4,000000000E0
3,289405227E0;5,235569365E1;4,889871804E0;1,947414398E0;0,000000000E0;1,532812500E2;1,292180449E1;4,000000000E0
4,289593935E0;5,235569444E1;4,889875660E0;2,120204926E0;0,000000000E0;1,532812500E2;1,110706539E1;4,000000000E0
5,289772511E0;5,235569268E1;4,889875157E0;2,160305023E0;0,000000000E0;1,532812500E2;9,853097765E0;4,000000000E0
6,289922357E0;5,235569348E1;4,889874319E0;2,195339203E0;0,000000000E0;1,532812500E2;9,064588876E0;4,000000000E0
7,290064454E0;5,235569264E1;4,889875241E0;2,292751312E0;0,000000000E0;1,532812500E2;8,492786914E0;4,000000000E0
8,290200353E0;5,235569260E1;4,889875241E0;2,477382660E0;0,000000000E0;1,532812500E2;7,593478263E0;4,000000000E0
9,290326238E0;5,235569256E1;4,889875157E0;2,567287445E0;0,000000000E0;1,532812500E2;7,136299379E0;4,000000000E0
1,029043639E1;5,235569252E1;4,889875073E0;2,635707855E0;0,000000000E0;1,532812500E2;6,883152542E0;4,000000000E0
1,129054666E1;5,235569239E1;4,889874989E0;2,692165375E0;0,000000000E0;1,532812500E2;6,585368036E0;4,000000000E0
1,229064989E1;5,235569235E1;4,889875073E0;2,785793304E0;0,000000000E0;1,532812500E2;6,263002345E0;4,000000000E0
1,329074359E1;5,235569235E1;4,889875073E0;2,785793373E0;0,000000000E0;NaN;6,263002345E0;4,000000000E0
1,429083610E1;5,235569193E1;4,889874905E0;2,991176673E0;0,000000000E0;NaN;5,668726178E0;4,000000000E0
1,529092050E1;5,235569187E1;4,889902686E0;3,421230460E0;9,800000191E-1;8,332032381E1;5,476567580E0;3,004269247E0
1,629099572E1;5,235567687E1;4,889931332E0;3,257717276E0;9,800000191E-1;1,030078236E2;5,201921698E0;3,065001827E0
1,729107034E1;5,235567779E1;4,889958574E0;3,999294423E0;9,800000191E-1;1,030078236E2;5,012443521E0;3,118301380E0
1,829113829E1;5,235568315E1;4,889983572E0;5,078273952E0;1,190000057E0;1,037109509E2;4,868370080E0;4,000000000E0
1,929119802E1;5,235568517E1;4,890018675E0;5,382045993E0;1,509999990E0;1,001953298E2;4,855358915E0;4,000000000E0
2,029125738E1;5,235568941E1;4,890036133E0;5,568325220E0;1,190000057E0;9,949220114E1;5,243441174E0;6,000000000E0
2,129131293E1;5,235569222E1;4,890054215E0;5,646084000E0;1,139999986E0;9,351563822E1;5,317148967E0;6,000000000E0
2,229136515E1;5,235569557E1;4,890068874E0;6,097438963E0;1,029999971E0;8,718751196E1;5,187619094E0;6,000000000E0
2,329141486E1;5,235569939E1;4,890083196E0;5,493679198E0;1,029999971E0;8,296876188E1;5,265328650E0;6,000000000E0
2,429146051E1;5,235569975E1;4,890102155E0;4,571499021E0;1,029999971E0;8,753907446E1;5,394059912E0;6,000000000E0
2,529150391E1;5,235569824E1;4,890120704E0;4,733913576E0;1,059999943E0;9,210938731E1;5,598060546E0;6,000000000E0
2,629154444E1;5,235569355E1;4,890143540E0;5,790676304E0;1,240000010E0;9,984376420E1;5,571617149E0;6,000000000E0
2,729158211E1;5,235568986E1;4,890164076E0;6,210231969E0;1,240000010E0;9,984376420E1;5,317599074E0;6,000000000E0
2,829161918E1;5,235568608E1;4,890177448E0;5,929470218E0;1,059999943E0;1,005468871E2;5,463200033E0;6,000000000E0
2,929165256E1;5,235568207E1;4,890190637E0;5,460537082E0;8,500000238E-1;9,667969731E1;5,246500983E0;6,000000000E0
3,029168451E1;5,235567659E1;4,890219199E0;5,951198795E0;1,379999995E0;9,914064083E1;4,944793419E0;6,000000000E0
3,129171348E1;5,235567416E1;4,890241119E0;7,162380436E0;1,379999995E0;9,386720350E1;4,719898942E0;6,000030885E0
3,229174078E1;5,235567865E1;4,890269429E0;4,249782762E0;1,289999962E0;8,894532749E1;4,825982810E0;6,000000000E0
3,329176760E1;5,235573328E1;4,890346082E0;1,433469461E0;1,014313366E0;NaN;1,274240855E1;1,001033583E0
3,429179192E1;5,235574292E1;4,890347585E0;1,498622682E0;8,647359852E-1;NaN;1,363037584E1;1,032496157E0
3,529181480E1;5,235575291E1;4,890335814E0;1,388616462E0;8,162297049E-1;NaN;1,448144887E1;1,030200988E0
3,629183722E1;5,235575026E1;4,890368567E0;1,365995558E0;4,985995492E-1;NaN;1,554842555E1;1,043370482E0
3,729185688E1;5,235574003E1;4,890366177E0;1,395009710E0;1,093783750E-1;NaN;1,448282172E1;1,040383920E0
3,829187644E1;5,235571526E1;4,890343507E0;1,122666544E0;4,390857156E-2;5,801119648E1;1,163371409E1;1,268534005E0
3,929189503E1;5,235568285E1;4,890337962E0;1,688177493E0;5,934736873E-2;5,801118877E1;1,115320349E1;1,263468109E0
4,029191148E1;5,235569230E1;4,890350619E0;1,342676198E0;3,154586886E-2;5,801119930E1;1,139448146E1;1,253077597E0
4,129192734E1;5,235569355E1;4,890398852E0;1,671594697E0;3,671873718E-1;5,801123561E1;1,054441706E1;1,248796616E0
4,229194307E1;5,235571354E1;4,890378032E0;1,684966403E0;1,863493758E-1;5,801122218E1;9,968361543E0;1,238755662E0
4,329195678E1;5,235569122E1;4,890391729E0;1,044085589E0;2,352605965E-1;5,801123001E1;9,705528331E0;1,228325848E0
4,429197073E1;5,235568819E1;4,890401273E0;1,282840698E0;2,314818214E-1;5,801123683E1;1,023167410E1;1,227795452E0
4,529198337E1;5,235566515E1;4,890404553E0;1,470868366E0;2,521680895E-1;5,801123677E1;1,058663639E1;1,219615692E0
4,629199457E1;5,235566313E1;4,890405004E0;1,583669592E0;2,003851519E-1;5,801123689E1;1,254135644E1;1,218181384E0
4,729200637E1;5,235565549E1;4,890408926E0;1,300218356E0;2,653665202E-1;5,801123899E1;1,464199417E1;1,214587970E0
4,829201674E1;5,235565918E1;4,890413203E0;1,330858111E0;3,150046109E-1;5,801124260E1;1,787395482E1;1,208502902E0
4,929202700E1;5,235565169E1;4,890420741E0;1,492266266E0;4,100098591E-1;5,801124743E1;2,054360209E1;1,202767156E0
5,029203665E1;5,235565411E1;4,890422372E0;1,509087608E0;4,383463031E-1;5,801124892E1;2,445937582E1;1,199980651E0
5,129204535E1;5,235564687E1;4,890410447E0;1,470661410E0;1,946209752E-1;5,801123918E1;2,874446230E1;1,196619017E0
5,229205370E1;5,235564655E1;4,890434384E0;1,536380893E0;4,261519442E-1;5,801125710E1;3,196981540E1;1,192614058E0
5,329206169E1;5,235561849E1;4,890395094E0;1,377146578E0;1,858682329E-1;5,801122456E1;2,742327083E1;1,187981215E0
5,429206920E1;5,235561113E1;4,890375655E0;1,302943313E0;3,764602626E-2;5,801120917E1;2,901801056E1;1,184973713E0
5,529207551E1;5,235558960E1;4,890394460E0;1,190759157E0;2,902139148E-1;5,801122091E1;2,925135155E1;1,182045139E0
5,629208243E1;5,235556093E1;4,890403392E0;1,362246496E0;5,829435887E-1;5,801122447E1;2,903513148E1;1,178047982E0
5,729208910E1;5,235556035E1;4,890399763E0;1,289926886E0;5,159430949E-1;5,801122168E1;2,867772760E1;1,174856075E0
5,829209435E1;5,235557104E1;4,890358229E0;1,333310759E0;1,264879462E-1;5,801119171E1;2,702212838E1;1,172791323E0
5,929209971E1;5,235553135E1;4,890475442E0;1,149500474E0;2,969529490E-1;5,801127526E1;2,207602207E1;1,171084191E0
6,029210579E1;5,235552654E1;4,890421303E0;9,070368987E-1;1,508111316E-1;5,801123413E1;2,070326749E1;1,168601287E0
6,129211032E1;5,235552889E1;4,890402940E0;1,511199257E0;4,905762314E-1;5,801122062E1;2,104611906E1;1,166150448E0
6,229211509E1;5,235553592E1;4,890392920E0;1,675252470E0;1,366456711E-1;5,801121387E1;2,286149544E1;1,287015880E0
6,329212022E1;5,235552710E1;4,890371329E0;1,065298139E0;7,030858482E-2;5,801119671E1;2,382095579E1;1,280356159E0
6,429212427E1;5,235553575E1;4,890320529E0;9,778114185E-1;3,795789825E-1;5,801115956E1;2,636443663E1;1,273008645E0
6,529212904E1;5,235552981E1;4,890326903E0;8,536245432E-1;6,459703536E-2;5,801116369E1;2,915453997E1;1,267520072E0
6,629213333E1;5,235551510E1;4,890347999E0;1,158171370E0;3,900318871E-1;5,801117790E1;2,933358737E1;1,258850666E0
6,729213607E1;5,235551165E1;4,890342545E0;9,351093089E-1;2,393105012E-1;5,801117343E1;2,807335777E1;1,246932739E0
6,829214013E1;5,235551917E1;4,890345884E0;1,102735964E0;1,408010301E-1;5,801117676E1;2,857000682E1;1,243766244E0
6,929214382E1;5,235544257E1;4,890382446E0;1,475939932E0;4,013293977E-1;5,801119578E1;2,715507023E1;1,238357350E0
7,029214656E1;5,235538776E1;4,890381180E0;1,192142038E0;2,376772998E-1;5,801118882E1;2,254291907E1;1,233152291E0
7,129214966E1;5,235533541E1;4,890358397E0;1,495723471E0;1,432447501E-1;5,801116600E1;2,263614856E1;1,196651029E0
7,229215276E1;5,235533133E1;4,890343127E0;1,242387862E0;7,577144039E-2;5,801115410E1;2,151748741E1;1,190705830E0
7,329215574E1;5,235535933E1;4,890315751E0;1,226382235E0;8,919298431E-2;5,801113663E1;1,823411416E1;1,215008202E0
7,429215872E1;5,235529580E1;4,890295734E0;1,813321204E0;4,500760649E-1;7,493734953E1;1,574168978E1;1,178448430E0
7,529216087E1;5,235530221E1;4,890295207E0;1,187363403E0;4,483011174E-2;7,493735209E1;1,483817814E1;1,202413761E0
7,629216409E1;5,235528522E1;4,890284110E0;1,054116815E0;3,321023118E-2;7,493733635E1;1,317415568E1;1,199232843E0
7,729216516E1;5,235528429E1;4,890290314E0;1,580857552E0;2,649890289E-1;7,493734037E1;1,355049808E1;1,194480515E0
7,829216814E1;5,235528630E1;4,890268210E0;1,576502573E0;1,334130439E-1;7,493732545E1;1,332236091E1;1,191946563E0
7,929217005E1;5,235527435E1;4,890289454E0;1,443844910E0;2,309900401E-1;7,493733520E1;1,332702387E1;1,187631453E0
8,029217267E1;5,235527144E1;4,890291227E0;1,591146993E0;3,573395101E-1;7,493733514E1;1,344947364E1;1,184262343E0
8,129217386E1;5,235526766E1;4,890287529E0;1,239500583E0;2,163057255E-1;7,493733075E1;1,498332756E1;1,181797475E0
8,229217660E1;5,235525948E1;4,890299476E0;1,458582249E0;2,234446386E-1;7,493733557E1;1,391122125E1;1,177992901E0
8,329217839E1;5,235523701E1;4,890281776E0;1,721793255E0;1,608916073E-1;7,493731259E1;1,474343904E1;1,175971796E0
8,429218054E1;5,235523018E1;4,890272942E0;1,291064154E0;3,408607613E-1;7,493730313E1;1,632572584E1;1,173385360E0
8,529218209E1;5,235522718E1;4,890297998E0;1,654024481E0;4,849734293E-1;7,493731971E1;1,811997188E1;1,170828462E0
8,629218447E1;5,235520330E1;4,890257564E0;1,772891520E0;4,415234217E-1;7,493727979E1;1,837056794E1;1,169220839E0
8,729218578E1;5,235520342E1;4,890256612E0;1,721854573E0;2,909776331E-1;7,493727917E1;1,887644146E1;1,164531956E0
8,829218721E1;5,235517929E1;4,890239693E0;1,688329252E0;2,218460853E-1;7,493725599E1;1,831501461E1;1,290562726E0
8,929218936E1;5,235519585E1;4,890225462E0;1,612980137E0;2,035664497E-1;7,493725338E1;1,722701350E1;1,286449649E0
9,029219067E1;5,235521250E1;4,890227767E0;1,090610781E0;2,719784176E-1;7,493726266E1;1,851058258E1;1,279422268E0
9,129219246E1;5,235519126E1;4,890229886E0;1,845125749E0;5,250364252E-1;7,493725444E1;1,925108788E1;1,232037671E0
9,229219353E1;5,235516608E1;4,890249189E0;1,513513641E0;4,812917798E-1;7,493725674E1;1,800545107E1;1,226118026E0
9,329219484E1;5,235516931E1;4,890266297E0;1,903243328E0;5,065875984E-1;7,493727048E1;1,789414503E1;1,219334914E0
9,429219651E1;5,235513684E1;4,890239232E0;1,646709086E0;3,226943668E-1;7,493723621E1;1,772428494E1;1,215361374E0
9,529219806E1;5,235512460E1;4,890230500E0;1,452508083E0;1,157140749E-1;7,493722434E1;1,807824933E1;1,209713627E0
9,629219866E1;5,235513479E1;4,890101906E0;1,468044426E0;2,517345502E-1;1,074560900E2;1,509521803E1;1,223988243E0
9,729220057E1;5,235513932E1;4,890106166E0;1,435135611E0;2,547715927E-2;1,074560987E2;1,471649305E1;1,225307474E0
9,829220200E1;5,235511335E1;4,890103966E0;1,806475664E0;2,309152123E-1;1,074560710E2;1,468843968E1;1,220483773E0
9,929220247E1;5,235505182E1;4,890108719E0;2,010874132E0;8,785668249E-1;1,715650428E2;1,286277634E1;1,205932120E0
1,002922043E2;5,235500454E1;4,890185129E0;1,479165851E0;1,284557579E0;1,670717807E2;1,235997689E1;1,179018941E0
1,012922060E2;5,235496594E1;4,890208896E0;1,811731273E0;1,508121124E0;1,657030616E2;1,102368113E1;1,169781595E0
1,022922070E2;5,235492598E1;4,890229514E0;1,646962907E0;1,621327796E0;1,644340257E2;1,031208599E1;1,165981782E0
1,032922089E2;5,235494224E1;4,890224296E0;1,775037815E0;1,240030883E0;1,659683589E2;9,962582422E0;1,161303853E0
1,042922093E2;5,235494356E1;4,890219333E0;1,591461431E0;1,107146665E0;1,683137700E2;1,009068199E1;1,157099162E0
1,052922106E2;5,235493308E1;4,890211599E0;1,593084788E0;1,104503996E0;1,712689190E2;1,009489533E1;1,152987888E0
1,062922119E2;5,235491296E1;4,890215365E0;1,405090521E0;1,223916688E0;1,725104707E2;1,048065482E1;1,150835677E0
1,072922132E2;5,235488691E1;4,890232443E0;1,748222544E0;1,505296922E0;1,694260280E2;1,085629913E1;1,148362452E0
1,082922143E2;5,235488362E1;4,890221306E0;1,429274855E0;1,197033626E0;1,737592156E2;9,687328139E0;1,144974748E0
1,092922155E2;5,235488210E1;4,890217709E0;2,181632261E0;1,095255261E0;1,743724883E2;1,004456680E1;1,142492490E0
1,102922163E2;5,235488904E1;4,890216043E0;1,920035359E0;7,940567778E-1;1,703934235E2;9,985881803E0;1,140437004E0
1,112922174E2;5,235488211E1;4,890223337E0;1,509873656E0;7,538674919E-1;1,676075567E2;1,034269601E1;1,142257252E0
1,122922184E2;5,235487772E1;4,890220926E0;1,701135573E0;8,135239802E-1;1,686080695E2;1,015229812E1;1,155920195E0
1,132922198E2;5,235488200E1;4,890194867E0;1,672375628E0;7,406907740E-1;1,686080480E2;1,031502889E1;1,159199566E0
1,142922201E2;5,235487709E1;4,890206802E0;1,522130681E0;7,954104161E-1;1,686080578E2;1,156902176E1;1,163035933E0
1,152922217E2;5,235487196E1;4,890213272E0;1,454481149E0;7,942345165E-1;1,686080631E2;1,321511663E1;1,284428919E0
1,162922220E2;5,235484903E1;4,890207954E0;2,049644103E0;1,217373479E0;1,748505172E2;1,417500573E1;1,268415822E0
1,172922231E2;5,235482477E1;4,890225287E0;1,143295310E0;1,384881933E0;1,671163401E2;1,507573462E1;1,233599397E0
1,182922252E2;5,235479037E1;4,890228331E0;1,867587243E0;1,718631616E0;1,683682133E2;1,518118702E1;1,223588518E0
1,192922257E2;5,235478154E1;4,890238364E0;1,764340347E0;1,592945043E0;1,648680287E2;1,660375610E1;1,218230195E0
1,202922267E2;5,235474920E1;4,890258073E0;1,528847450E0;1,805423477E0;1,646005495E2;1,716767702E1;1,209143188E0
1,212922275E2;5,235472297E1;4,890245155E0;1,775686937E0;1,925133823E0;1,707371079E2;1,733608811E1;1,204223431E0
1,222922293E2;5,235470164E1;4,890256125E0;6,103431294E-1;1,939880282E0;1,710276408E2;1,739466983E1;1,198868354E0
1,232922297E2;5,235468618E1;4,890254995E0;2,116449406E0;1,941062966E0;1,713534508E2;1,902667088E1;1,196406638E0
1,242922301E2;5,235466961E1;4,890278443E0;1,840923640E0;1,928826687E0;1,687523825E2;2,033796385E1;1,190393115E0
1,252922320E2;5,235480394E1;4,890264433E0;2,068600551E0;3,796616791E-1;1,686498421E2;1,698867064E1;1,196743570E0
1,262922329E2;5,235474134E1;4,890274029E0;1,849998906E0;9,400691802E-1;1,677365324E2;1,673494032E1;1,204616944E0
1,272922335E2;5,235473815E1;4,890241514E0;1,569276137E0;7,055754291E-1;1,677365056E2;1,590178233E1;1,206442491E0
1,282922357E2;5,235476777E1;4,890246776E0;1,483273804E0;3,767099443E-1;1,677365103E2;1,470444611E1;1,202147968E0
1,292922361E2;5,235478267E1;4,890242306E0;1,829843724E0;5,244123283E-1;1,677365068E2;1,307901142E1;1,198606665E0
1,302922370E2;5,235472247E1;4,890266793E0;1,721821053E0;9,664732077E-1;1,645680685E2;1,254976350E1;1,184052921E0
1,312922380E2;5,235469662E1;4,890264843E0;1,512571577E0;1,211114243E0;1,693138174E2;1,256218396E1;1,160251445E0
1,322923231E2;5,235464785E1;4,890269439E0;1,613870039E0;1,410597888E0;1,729897057E2;1,155607267E1;1,139094998E0
1,332923197E2;5,235466862E1;4,890244824E0;1,055414450E0;8,680124809E-1;1,779661771E2;1,135542846E1;1,140100249E0
1,342923127E2;5,235465679E1;4,890254228E0;2,053133885E0;9,604591039E-1;1,740687815E2;1,199657160E1;1,155167710E0
1,352923057E2;5,235464211E1;4,890259517E0;2,349167979E0;8,956466196E-1;1,731631101E2;1,256390176E1;1,151547849E0
1,362922957E2;5,235463674E1;4,890298971E0;2,140060589E0;8,737002656E-1;1,613632663E2;1,321952756E1;1,147810457E0
1,372922883E2;5,235462665E1;4,890348143E0;1,905710145E0;1,051432495E0;1,515972911E2;1,319269131E1;1,143647636E0
1,382922833E2;5,235458729E1;4,890398290E0;1,008034525E0;1,369378573E0;1,504834739E2;1,247054906E1;1,138956936E0
1,392922759E2;5,235455423E1;4,890376694E0;1,689609392E0;1,406668745E0;1,596286250E2;1,145584258E1;1,138422545E0
1,402922652E2;5,235451336E1;4,890378287E0;1,590131179E0;1,536261316E0;1,646125176E2;1,104523171E1;1,135432888E0
1,412922550E2;5,235451358E1;4,890379782E0;1,571710999E0;1,203874010E0;1,657461568E2;1,075413671E1;1,244382197E0
1,422922481E2;5,235452688E1;4,890360311E0;1,409465693E0;8,199331415E-1;1,737495058E2;1,016239961E1;1,240748737E0
1,432922382E2;5,235452200E1;4,890391969E0;1,569158736E0;5,812894482E-1;1,736171568E2;1,004766190E1;1,243471326E0
1,442922306E2;5,235452146E1;4,890380495E0;2,274492579E-1;5,850295973E-1;1,765716035E2;9,576285614E0;1,238378243E0
1,452922262E2;5,235450935E1;4,890396511E0;1,780710438E0;2,101315902E-1;1,768737379E2;9,608053406E0;1,248066878E0
1,462922214E2;5,235451142E1;4,890384178E0;1,616310703E0;1,820123982E-1;1,768737351E2;9,911019030E0;1,250797557E0
1,472922165E2;5,235450201E1;4,890408075E0;1,466225014E0;8,339277017E-1;1,682550906E2;9,320578379E0;1,235729734E0
1,482922120E2;5,235449405E1;4,890419469E0;1,965001293E0;9,299893614E-1;1,674498674E2;8,922723006E0;1,203446800E0
1,492922094E2;5,235446544E1;4,890438478E0;1,155400150E0;1,236498952E0;1,632295930E2;8,863390036E0;1,194131064E0
1,502922059E2;5,235446703E1;4,890426006E0;2,033560654E0;1,041260302E0;1,681439506E2;8,562715151E0;1,190479854E0
1,512922021E2;5,235445294E1;4,890436280E0;1,981098965E0;1,131939474E0;1,648083989E2;8,960716862E0;1,183255256E0
1,522921991E2;5,235444717E1;4,890428612E0;1,667673131E0;1,093588451E0;1,692129585E2;9,416554210E0;1,153722475E0
1,532921968E2;5,235444760E1;4,890430566E0;1,843582010E0;9,557033999E-1;1,676782860E2;1,017213953E1;1,176463670E0
1,542921944E2;5,235444069E1;4,890445055E0;1,289554940E0;9,579417166E-1;1,627624030E2;1,105768334E1;1,147820882E0
1,552921917E2;5,235442971E1;4,890451229E0;1,714019958E0;9,580975853E-1;1,619507208E2;1,216720536E1;1,145746201E0
1,562921885E2;5,235442080E1;4,890462401E0;1,685664820E0;9,839609904E-1;1,605646075E2;1,317600901E1;1,165350178E0
1,572921867E2;5,235441408E1;4,890447651E0;1,714614389E0;7,350047929E-1;1,605630986E2;1,364837724E1;1,174186560E0
1,582921844E2;5,235440262E1;4,890429398E0;1,502132037E0;8,764173554E-1;1,644610584E2;1,177697483E1;1,178563074E0
1,592921833E2;5,235439896E1;4,890434175E0;1,807695371E0;9,461211256E-1;1,545931802E2;1,116100270E1;1,155360420E0
1,602921821E2;5,235440285E1;4,890447050E0;1,681423730E0;1,038042836E0;1,526234635E2;1,101720591E1;1,151243892E0
1,612921793E2;5,235440194E1;4,890477703E0;1,571105538E0;9,323606730E-1;1,418610860E2;1,068771544E1;1,147666412E0
1,622921779E2;5,235440422E1;4,890461295E0;1,862141117E0;7,348932018E-1;1,513691469E2;1,025038904E1;1,144138821E0
1,632921772E2;5,235437142E1;4,890433786E0;1,011355087E0;9,121314409E-1;1,674024704E2;1,036009250E1;1,142862028E0
1,642921754E2;5,235436372E1;4,890448125E0;1,609874811E0;9,172564625E-1;1,624794624E2;1,090274366E1;1,140561373E0
1,652921745E2;5,235435230E1;4,890446849E0;1,845310048E0;8,835039681E-1;1,643001576E2;1,170001632E1;1,139670138E0
1,662921736E2;5,235434510E1;4,890455962E0;1,878853645E0;9,135865503E-1;1,636169316E2;1,270488952E1;1,135720609E0
1,672921728E2;5,235433151E1;4,890466420E0;1,966341077E0;1,068225999E0;1,638166603E2;1,394688025E1;1,135865229E0
1,682921978E2;5,235433281E1;4,890514463E0;1,956565999E0;1,105950991E0;1,530773636E2;1,528104003E1;1,245295845E0
1,692921710E2;5,235429816E1;4,890526944E0;9,996987283E-1;1,370472856E0;1,562367993E2;1,405600684E1;1,237381168E0
1,702921702E2;5,235430926E1;4,890513947E0;1,823591882E0;1,033614874E0;1,554877036E2;1,294902372E1;1,227816018E0
1,712921697E2;5,235429946E1;4,890498019E0;1,652214356E0;9,405125194E-1;1,610677715E2;1,316759776E1;1,224812974E0
1,722921686E2;5,235429749E1;4,890514709E0;1,467815290E0;8,565750685E-1;1,561376199E2;1,367854753E1;1,218689294E0
1,732921675E2;5,235429190E1;4,890555717E0;1,793521963E0;8,709434536E-1;1,460455698E2;1,311912116E1;1,209692563E0
1,742921672E2;5,235422352E1;4,890546010E0;1,730133538E0;1,181314957E0;1,593743628E2;1,187453945E1;1,204507715E0
1,752921666E2;5,235420431E1;4,890574241E0;1,661541253E0;1,168948043E0;1,565316598E2;1,188896533E1;1,169465743E0
1,762921664E2;5,235420110E1;4,890600181E0;1,564839577E0;1,145294357E0;1,512114898E2;1,227760185E1;1,195118695E0
1,772921664E2;5,235420675E1;4,890593097E0;1,692238687E0;8,589841923E-1;1,521788224E2;1,270414479E1;1,191256880E0
1,782921656E2;5,235421363E1;4,890569701E0;1,510584235E0;6,340679709E-1;1,522592146E2;1,301621295E1;1,198419821E0
1,792921655E2;5,235417991E1;4,890556348E0;1,632219422E0;8,779971017E-1;1,608368233E2;1,275052787E1;1,202680242E0
1,802921647E2;5,235416210E1;4,890575503E0;1,552373253E0;9,705738080E-1;1,567641161E2;1,321755739E1;1,179264618E0
1,812921647E2;5,235414426E1;4,890550837E0;1,958562883E0;9,698409846E-1;1,634688209E2;1,337496339E1;1,170030132E0
1,822921648E2;5,235412670E1;4,890508011E0;1,730094888E0;9,845659533E-1;1,776854089E2;1,441483256E1;1,167237606E0
1,832921642E2;5,235412208E1;4,890497760E0;1,199779726E0;8,741095853E-1;1,788409410E2;1,477320962E1;1,162618802E0
1,842921635E2;5,235410681E1;4,890453305E0;1,679982463E0;7,933846940E-1;1,871664594E2;1,346868686E1;1,160385890E0
1,852921644E2;5,235408639E1;4,890483819E0;1,609883990E0;9,565170064E-1;1,778685055E2;1,351502831E1;1,175786899E0
1,862921642E2;5,235412658E1;4,890441341E0;1,752258168E0;3,482278912E-1;1,770937597E2;1,227563160E1;1,166924899E0
1,872921635E2;5,235407605E1;4,890477521E0;1,963688668E0;9,631397636E-1;1,752093861E2;1,143687353E1;1,170083762E0
1,882921646E2;5,235407008E1;4,890462183E0;1,513285330E0;9,858712832E-1;1,744101775E2;1,124318383E1;1,147189763E0
1,892921644E2;5,235407544E1;4,890465190E0;1,868576569E0;6,254450596E-1;1,746516513E2;1,121671849E1;1,157467543E0
1,902921641E2;5,235408401E1;4,890497305E0;1,706211062E0;4,187602023E-1;1,746516733E2;1,128553648E1;1,151424845E0
1,912921646E2;5,235408329E1;4,890506576E0;1,724149372E0;5,435895275E-1;1,746516797E2;1,044527721E1;1,169052666E0
1,922921641E2;5,235406547E1;4,890516662E0;1,581819807E0;9,978961293E-1;1,745557432E2;9,260798008E0;1,254873076E0
1,932921640E2;5,235404280E1;4,890531821E0;1,558221252E0;1,219114856E0;1,691943855E2;9,565303067E0;1,135813486E0
1,942921634E2;5,235402686E1;4,890555881E0;1,507527929E0;1,230765527E0;1,667586597E2;9,558959926E0;1,246013421E0
1,952921642E2;5,235399967E1;4,890545296E0;2,106703722E0;1,285134372E0;1,747089888E2;9,650716443E0;1,242139893E0
1,962921647E2;5,235399150E1;4,890547576E0;2,074277443E0;1,268841083E0;1,733659578E2;9,930632165E0;1,233058108E0
1,972921642E2;5,235397698E1;4,890551608E0;1,558513221E0;1,308407074E0;1,739174635E2;1,086795726E1;1,226059708E0
1,982921640E2;5,235397216E1;4,890544236E0;1,656437437E0;1,177452121E0;1,772413074E2;1,137562151E1;1,221938526E0
1,992921641E2;5,235394661E1;4,890551297E0;7,576174112E-1;1,349247737E0;1,761119226E2;1,185409184E1;1,215194024E0
2,002921647E2;5,235395213E1;4,890541700E0;2,117719464E0;1,161218387E0;1,789363808E2;1,248593141E1;1,206693106E0
2,012921638E2;5,235392170E1;4,890539115E0;1,861909471E0;1,397372809E0;1,789099212E2;1,299351387E1;1,202321817E0
2,022921647E2;5,235392042E1;4,890543415E0;1,491915791E0;1,261084696E0;1,763405853E2;1,343822173E1;1,196250274E0
2,032921642E2;5,235393630E1;4,890546824E0;1,818311790E0;8,280415770E-1;1,717221990E2;1,368615700E1;1,192698858E0
2,042921642E2;5,235391113E1;4,890518035E0;9,482194763E-2;1,187805940E0;1,858180322E2;1,293656018E1;1,202857067E0
2,052921648E2;5,235391325E1;4,890533972E0;2,037280526E0;8,721953151E-1;1,802601093E2;1,347793669E1;1,183619150E0
2,062921643E2;5,235390945E1;4,890500008E0;2,047697471E0;8,608085232E-1;1,952873303E2;1,439119185E1;1,176289959E0
2,072921660E2;5,235390550E1;4,890519964E0;2,195294377E0;7,549743048E-1;1,943222833E2;1,538249888E1;1,177040472E0
2,082921656E2;5,235390665E1;4,890495318E0;1,898532429E0;6,268067800E-1;1,943222589E2;1,641210211E1;1,202264965E0
2,092921661E2;5,235393057E1;4,890503056E0;1,243682881E0;2,038866096E-1;1,943222646E2;1,546377563E1;1,199508909E0
2,102921658E2;5,235392884E1;4,890476258E0;1,963327015E0;5,149434876E-1;1,943222384E2;1,606891349E1;1,194632473E0
2,112921666E2;5,235392142E1;4,890492441E0;1,725083522E0;4,536014737E-1;1,943222549E2;1,726711775E1;1,190762987E0
2,122921660E2;5,235391775E1;4,890468566E0;1,780379426E0;4,049705671E-1;1,943222318E2;1,846260453E1;1,187710336E0
2,132921664E2;5,235391518E1;4,890490440E0;1,931292059E0;3,477207246E-1;1,943222535E2;1,982249441E1;1,185404972E0
2,142921661E2;5,235391551E1;4,890540731E0;1,639770122E0;3,217054723E-1;1,943223029E2;2,106083482E1;1,159755206E0
2,152921665E2;5,235389185E1;4,890540160E0;1,977049028E0;6,260038390E-1;1,943223042E2;2,116944273E1;1,136611293E0
2,162921671E2;5,235386709E1;4,890523871E0;2,095821538E0;8,830600942E-1;1,943222902E2;2,116259454E1;1,176749191E0
2,172921679E2;5,235384689E1;4,890532593E0;1,831181600E0;7,332912283E-1;1,987285692E2;1,756312918E1;1,172646238E0
2,182921680E2;5,235383940E1;4,890554317E0;1,613289188E0;7,230959763E-1;1,940115103E2;1,722812736E1;1,148106497E0
2,192921677E2;5,235384880E1;4,890542022E0;1,580243011E0;6,724504622E-1;1,929850898E2;1,687846823E1;1,152069280E0
2,202921675E2;5,235385879E1;4,890534865E0;1,557135848E0;5,430987941E-1;1,929850846E2;1,727521221E1;1,166526798E0
2,212921680E2;5,235383780E1;4,890532542E0;1,519851968E0;6,459980232E-1;1,929850825E2;1,725275502E1;1,289348129E0
2,222921684E2;5,235382673E1;4,890590842E0;1,604680643E0;6,060293874E-1;1,929851259E2;1,779139812E1;1,283325893E0
2,232921677E2;5,235381385E1;4,890679647E0;1,367876775E0;3,282947834E-1;1,929851922E2;1,637263041E1;1,273810774E0
2,242921686E2;5,235380293E1;4,890650880E0;1,917899361E0;4,802397452E-1;1,929851705E2;1,634162548E1;1,269119468E0
2,252921691E2;5,235377636E1;4,890661318E0;1,785619832E0;6,031697346E-1;1,929851779E2;1,646482259E1;1,260626031E0
2,262921693E2;5,235377518E1;4,890656514E0;1,676842545E0;3,448018904E-1;1,929851742E2;1,630239984E1;1,248748908E0
2,272921689E2;5,235369515E1;4,890746267E0;1,414213829E0;7,578322864E-1;1,929852401E2;1,389255871E1;1,245465594E0
2,282921696E2;5,235369175E1;4,890787653E0;1,578722232E0;3,491654864E-1;1,929852710E2;1,344676811E1;1,238308613E0
2,292921700E2;5,235369571E1;4,890795786E0;1,814014091E0;2,220145185E-1;1,929852772E2;1,346725371E1;1,233860160E0
2,302921704E2;5,235369148E1;4,890782999E0;1,648143129E0;2,390466918E-1;1,929852675E2;1,307887813E1;1,228306577E0
2,312921704E2;5,235366987E1;4,890792506E0;1,570707221E0;5,420895917E-1;1,929852743E2;1,369873839E1;1,220444612E0
2,322921710E2;5,235366687E1;4,890796276E0;1,325576415E0;1,554278407E-1;1,929852771E2;1,340290265E1;1,216127195E0
2,332921705E2;5,235363500E1;4,890800602E0;2,006603234E0;5,919610830E-1;1,929852798E2;1,190670180E1;1,209679255E0
2,342921711E2;5,235362269E1;4,890849164E0;1,575776275E0;4,938697050E-1;1,929853159E2;1,060339773E1;1,199849578E0
2,352921709E2;5,235362756E1;4,890845401E0;1,528511949E0;2,851173902E-1;1,929853132E2;1,042166893E1;1,170710148E0
2,362921723E2;5,235362990E1;4,890858848E0;1,669184600E0;1,395561771E-1;1,929853233E2;1,032810878E1;1,192432217E0
2,372921714E2;5,235359323E1;4,890814044E0;1,104849515E0;7,520458235E-1;1,929852891E2;1,057285291E1;1,191541658E0
2,382921720E2;5,235361758E1;4,890841296E0;1,606945140E0;3,533571158E-1;1,929853099E2;1,061824668E1;1,187726926E0
2,392921728E2;5,235362182E1;4,890837769E0;1,719606109E0;1,964944458E-1;1,929853074E2;1,065335716E1;1,182252270E0
2,402921721E2;5,235360638E1;4,890808368E0;1,712187326E0;5,230195378E-1;1,929852851E2;1,048745183E1;1,181785221E0
2,412921720E2;5,235358837E1;4,890781257E0;1,756162913E0;7,573104718E-1;1,929852645E2;1,079343265E1;1,178564812E0
2,422921723E2;5,235356247E1;4,890791326E0;1,195102091E0;1,016609382E0;1,791291213E2;1,120710099E1;1,165808229E0
2,432921726E2;5,235353567E1;4,890808526E0;1,758394407E0;1,271768661E0;1,728583916E2;1,135991207E1;1,144983355E0
2,442921733E2;5,235354768E1;4,890773740E0;1,920092456E0;8,370828063E-1;1,845259165E2;1,113755745E1;1,139850504E0
2,452921737E2;5,235353602E1;4,890761991E0;2,173381977E0;9,519944867E-1;1,845259060E2;1,218365529E1;1,164031857E0
2,462921745E2;5,235352949E1;4,890745715E0;2,449238018E0;8,025042950E-1;1,845258914E2;1,233889186E1;1,165840920E0
2,472921743E2;5,235350999E1;4,890748843E0;2,605699946E0;9,922446518E-1;1,845258945E2;1,338384349E1;1,291449659E0
2,482921748E2;5,235349286E1;4,890757765E0;1,733017283E0;9,512383547E-1;1,845259028E2;1,417607998E1;1,285762541E0
2,492921740E2;5,235346718E1;4,890745578E0;1,539881067E0;1,093038404E0;1,841295847E2;1,505916694E1;1,266230164E0
2,502921749E2;5,235347238E1;4,890739219E0;1,518417240E0;8,613715089E-1;1,841295793E2;1,507916017E1;1,263011069E0
2,512921749E2;5,235342894E1;4,890764363E0;1,408161202E0;1,132297418E0;1,757868605E2;1,445592580E1;1,250812630E0
2,522921757E2;5,235343372E1;4,890776140E0;1,335386083E0;7,905372522E-1;1,757868699E2;1,331362174E1;1,251945062E0
2,532921765E2;5,235341561E1;4,890778632E0;1,229706759E0;6,876564719E-1;1,757868718E2;1,233270672E1;1,250718216E0
2,542921761E2;5,235338889E1;4,890793997E0;1,290378213E0;9,490570232E-1;1,757868841E2;1,278479668E1;1,242725841E0
2,552921766E2;5,235336648E1;4,890798997E0;1,590280240E0;6,855859394E-1;1,757868880E2;1,222842850E1;1,232480025E0
2,562921766E2;5,235334302E1;4,890794543E0;1,376565915E0;1,005666106E0;1,816674083E2;1,239679013E1;1,217310605E0
2,572921767E2;5,235334127E1;4,890797806E0;1,287343764E0;8,851985354E-1;1,829255643E2;1,320982061E1;1,202894340E0
2,582923522E2;5,235332968E1;4,890799199E0;1,298419607E0;7,153788311E-1;1,829255654E2;1,435953246E1;1,216165491E0
2,592923520E2;5,235334257E1;4,890816266E0;1,333858050E0;4,835366352E-1;1,829255785E2;1,390743993E1;1,211653119E0
2,602923467E2;5,235332629E1;4,890801309E0;1,357193138E0;8,165388333E-1;1,829255670E2;1,368628796E1;1,206458342E0
2,612923400E2;5,235330195E1;4,890832169E0;1,341262433E0;1,190597136E0;1,694613188E2;1,364076373E1;1,192312258E0
2,622923317E2;5,235329319E1;4,890873176E0;1,549379997E0;1,224647469E0;1,542012540E2;1,337125975E1;1,168237492E0
2,632923219E2;5,235329909E1;4,890885971E0;1,393593089E0;9,390742726E-1;1,433892365E2;1,337858089E1;1,161394315E0
2,642923168E2;5,235329721E1;4,890903090E0;1,701512891E0;9,046221263E-1;1,372647683E2;1,379187414E1;1,158035829E0
2,652923127E2;5,235328984E1;4,890913727E0;1,594704963E0;9,393311367E-1;1,360741776E2;1,387299471E1;1,153969089E0
2,662923040E2;5,235329644E1;4,890953099E0;1,996828521E0;1,044836728E0;1,255160672E2;1,408924275E1;1,152073699E0
2,672922926E2;5,235329186E1;4,890979273E0;1,214336207E0;1,193063735E0;1,234389311E2;1,403594666E1;1,148704666E0
2,682922872E2;5,235328474E1;4,890956049E0;1,478912855E0;1,001621558E0;1,326332784E2;1,437222487E1;1,145486053E0
2,692922777E2;5,235328386E1;4,890959101E0;1,502529696E0;9,056748453E-1;1,320180193E2;1,476415624E1;1,144482423E0
2,702922736E2;5,235328348E1;4,890983178E0;1,452148346E0;8,223092274E-1;1,242586628E2;1,389267070E1;1,123443204E0
2,712922698E2;5,235328339E1;4,890980042E0;1,455907250E0;6,243064457E-1;1,243760605E2;1,379959665E1;1,153541345E0
2,722922626E2;5,235328075E1;4,890986829E0;1,440834682E0;6,387893764E-1;1,243760658E2;1,431142590E1;1,266997493E0
2,732922564E2;5,235326705E1;4,890998294E0;1,596168853E0;6,597133599E-1;1,243760750E2;1,521154029E1;1,165824316E0
2,742922488E2;5,235326073E1;4,890985432E0;1,654922348E0;4,555823893E-1;1,243760648E2;1,606918929E1;1,290607837E0
2,752922431E2;5,235323917E1;4,890975492E0;1,542955798E0;4,681947797E-1;1,243760571E2;1,604147108E1;1,208763892E0
2,762922375E2;5,235322134E1;4,890980236E0;2,113381132E0;6,205801677E-1;1,243760609E2;1,741180421E1;1,273958640E0
2,772922313E2;5,235322132E1;4,890911057E0;9,729343988E-1;1,465128449E-1;1,243760063E2;1,754784664E1;1,268826104E0
2,782922261E2;5,235321391E1;4,890927716E0;1,346654544E0;4,892102107E-1;1,243760195E2;1,802143329E1;1,257626642E0
2,792922213E2;5,235321590E1;4,890928827E0;1,581431703E0;3,519105841E-1;1,243760203E2;1,971197179E1;1,250517352E0
2,802922159E2;5,235322985E1;4,890895478E0;1,568279832E0;7,971995563E-2;1,243759939E2;2,052712816E1;1,246289662E0
2,812922121E2;5,235321776E1;4,890878992E0;1,417246156E0;3,196538877E-1;1,243759810E2;2,020042934E1;1,237259811E0
2,822922086E2;5,235319380E1;4,890928650E0;1,621854872E0;6,687977527E-1;1,243760203E2;2,040603797E1;1,235625242E0
2,832922039E2;5,235318847E1;4,890929972E0;1,496210053E0;6,722986086E-1;1,243760214E2;2,144814142E1;1,228639994E0
2,842922003E2;5,235317852E1;4,890924195E0;1,501123717E0;8,087236866E-1;1,243760168E2;2,209628757E1;1,219481581E0
2,852921963E2;5,235315268E1;4,890943720E0;1,389895131E0;8,285737313E-1;1,243760324E2;2,018911529E1;1,217232039E0
2,862921929E2;5,235312361E1;4,890980859E0;1,222152885E0;1,074478563E0;1,346766040E2;1,799885453E1;1,200719616E0
2,872921895E2;5,235308878E1;4,890897722E0;1,518111982E0;8,191620272E-1;1,698073826E2;1,471573910E1;1,173319668E0
2,882921863E2;5,235306183E1;4,890979230E0;1,227136198E0;7,442044167E-1;1,579488973E2;1,383264438E1;1,167678512E0
2,892921838E2;5,235304409E1;4,890959740E0;1,283955683E0;4,904437269E-1;1,572023353E2;1,285403039E1;1,181352552E0
2,902921804E2;5,235304179E1;4,890980220E0;1,298003430E0;1,824183929E-1;1,572023499E2;1,267751505E1;1,193350866E0
2,912921784E2;5,235304321E1;4,890976722E0;1,484137470E0;1,437726930E-1;1,572023474E2;1,312847871E1;1,189265961E0
2,922921753E2;5,235304809E1;4,890973541E0;1,458476529E0;2,934740876E-2;1,572023448E2;1,386650619E1;1,185309194E0
2,932921730E2;5,235303934E1;4,890951155E0;1,434888552E0;9,897974837E-2;1,572023294E2;1,439221504E1;1,160346598E0
2,942921698E2;5,235302321E1;4,890947121E0;9,875999726E-1;7,683499044E-1;1,572023275E2;1,486405515E1;1,157738019E0
2,952921678E2;5,235300302E1;4,890909963E0;1,273352832E0;1,081894337E0;1,838790917E2;1,438859567E1;1,166937312E0
2,962921660E2;5,235299206E1;4,890897178E0;1,162463821E0;9,654341653E-1;2,019675638E2;1,248101631E1;1,145321604E0
2,972921646E2;5,235296566E1;4,890894333E0;1,104256271E0;1,016488966E0;1,973039672E2;1,184534703E1;1,140952455E0
2,982921619E2;5,235293865E1;4,890859306E0;1,325678140E0;1,094359830E0;2,018158782E2;1,095805950E1;1,139125269E0
2,992921604E2;5,235292711E1;4,890859782E0;1,089474617E0;9,623369674E-1;2,008753816E2;1,036070657E1;1,135684024E0
3,002921581E2;5,235291694E1;4,890880838E0;9,464814756E-1;9,208866852E-1;1,992891863E2;1,000067271E1;1,249024807E0
3,012921568E2;5,235291642E1;4,890881748E0;1,788420283E0;6,269141978E-1;2,079140360E2;9,049713220E0;1,242719413E0
3,022921547E2;5,235291812E1;4,890866213E0;1,741688848E0;5,176782429E-1;2,220298120E2;8,343253236E0;1,353635333E0
3,032921543E2;5,235290816E1;4,890848153E0;8,944437522E-1;8,427950989E-1;2,269458431E2;7,576660571E0;1,410824780E0
3,042921515E2;5,235291005E1;4,890802100E0;1,011433515E0;8,884777091E-1;2,339311413E2;6,887408126E0;1,539217706E0
3,052921506E2;5,235290702E1;4,890769432E0;1,212109409E0;9,280983292E-1;2,402929116E2;6,308857409E0;1,682309102E0
3,062921491E2;5,235291069E1;4,890730327E0;1,340137934E0;8,645760930E-1;2,480132357E2;5,933682711E0;1,777676592E0
3,072921479E2;5,235289872E1;4,890733731E0;1,630471831E0;4,674591008E-1;2,391430928E2;5,890487335E0;1,742837838E0
3,082921463E2;5,235290637E1;4,890729652E0;1,464869706E0;7,463428366E-2;2,391430872E2;5,815425011E0;1,747009213E0
3,092921450E2;5,235290280E1;4,890723982E0;1,434058240E0;4,528887258E-2;2,391430831E2;5,654701761E0;1,925723381E0
3,102921442E2;5,235290690E1;4,890685278E0;1,390215467E0;4,952457994E-1;2,391430477E2;5,865653528E0;1,804732786E0
3,112921429E2;5,235290808E1;4,890728570E0;1,327274459E0;1,969497461E-1;2,391430858E2;5,884185246E0;1,639769762E0
3,122921413E2;5,235291123E1;4,890731692E0;1,645295854E0;1,383137280E-1;2,391430877E2;6,189278345E0;1,451264752E0
3,132921402E2;5,235291823E1;4,890726744E0;1,407455666E0;0,000000000E0;2,391430815E2;5,884193406E0;1,655504691E0
3,142921392E2;5,235290600E1;4,890735407E0;1,396205085E0;0,000000000E0;2,391430924E2;5,544777561E0;1,945482742E0
3,152921376E2;5,235290600E1;4,890735407E0;1,396205085E0;0,000000000E0;2,391430924E2;5,391694810E0;2,180404576E0
3,162921368E2;5,235290600E1;4,890735407E0;1,396205085E0;0,000000000E0;2,391430924E2;5,355738302E0;2,267290073E0
3,172921368E2;5,235290600E1;4,890735407E0;1,396205085E0;0,000000000E0;2,391430924E2;5,318272611E0;2,353829533E0
3,182921352E2;5,235290600E1;4,890735407E0;1,396205085E0;0,000000000E0;2,391430924E2;5,297956436E0;2,399207084E0
3,192921338E2;5,235290600E1;4,890735407E0;1,396205085E0;0,000000000E0;2,391430924E2;5,338963815E0;2,306513043E0
3,202921332E2;5,235290600E1;4,890735407E0;1,396205085E0;0,000000000E0;2,391430924E2;5,397527189E0;2,165926426E0
3,212921320E2;5,235290600E1;4,890735407E0;1,396205085E0;0,000000000E0;2,391430924E2;5,425940150E0;2,093731244E0
3,222921313E2;5,235290600E1;4,890735407E0;1,396205085E0;0,000000000E0;2,391430924E2;5,419525755E0;2,110279040E0
3,232921294E2;5,235290600E1;4,890735407E0;1,396205085E0;0,000000000E0;2,391430924E2;5,437189219E0;2,064342615E0
3,242921286E2;5,235290600E1;4,890735407E0;1,396205085E0;0,000000000E0;2,391430924E2;5,410588093E0;2,133090134E0
3,252921286E2;5,235290600E1;4,890735407E0;1,396205085E0;0,000000000E0;2,391430924E2;5,362484499E0;2,251287861E0
3,262921281E2;5,235290954E1;4,890744258E0;1,402020987E0;1,323814577E-1;2,391430993E2;5,365147696E0;2,244933682E0
3,272921267E2;5,235290069E1;4,890727350E0;1,440652264E0;2,380930891E-1;2,391430866E2;5,402674917E0;2,153053825E0
3,282921249E2;5,235289425E1;4,890732110E0;1,598706193E0;2,600596159E-1;2,391430925E2;5,445170817E0;2,044821704E0
3,292921238E2;5,235289168E1;4,890716692E0;1,350570883E0;4,991216411E-1;2,391430795E2;5,786201278E0;1,740713545E0
3,302921239E2;5,235288033E1;4,890713145E0;1,662440080E0;5,663806683E-1;2,391430793E2;6,147997493E0;1,334752592E0
3,312921227E2;5,235287581E1;4,890702273E0;1,448919547E0;5,529978250E-1;2,391430708E2;6,789574738E0;1,222809665E0
3,322921226E2;5,235287405E1;4,890714585E0;1,475582350E0;3,073766080E-1;2,391430822E2;7,244824188E0;1,249478488E0
3,332921214E2;5,235287568E1;4,890693656E0;1,514398831E0;4,933518452E-1;2,590765501E2;7,568303660E0;1,206542259E0
3,342921215E2;5,235286757E1;4,890710542E0;1,452995753E0;4,900171472E-1;2,590765655E2;7,583687550E0;1,203558056E0
3,352921193E2;5,235285025E1;4,890702026E0;1,842548651E0;9,061804731E-1;2,483214065E2;7,815264102E0;1,219299160E0
3,362921193E2;5,235283950E1;4,890696278E0;7,839871319E-1;1,007386571E0;2,443286459E2;7,548399340E0;1,191500798E0
3,372921187E2;5,235281274E1;4,890682306E0;1,565115266E0;1,334642588E0;2,292715404E2;7,636336254E0;1,181298288E0
3,382921183E2;5,235280233E1;4,890669116E0;1,403193559E0;1,323284196E0;2,329025933E2;7,624393532E0;1,178023022E0
3,392921171E2;5,235276197E1;4,890655453E0;1,032145436E0;1,602011596E0;2,227208576E2;7,814770596E0;1,173158693E0
3,402921159E2;5,235277132E1;4,890639184E0;1,593159964E0;1,158664820E0;2,300573324E2;7,334550765E0;1,166677020E0
3,412921153E2;5,235277513E1;4,890625234E0;1,470357579E0;9,586780985E-1;2,373221124E2;7,590547208E0;1,163916987E0
3,422921151E2;5,235277855E1;4,890598292E0;1,648892129E0;9,997526183E-1;2,466078856E2;7,912528740E0;1,159666726E0
3,432921141E2;5,235279095E1;4,890596824E0;1,580972392E0;8,247833370E-1;2,575797887E2;7,749584033E0;1,156234470E0
3,442921132E2;5,235279710E1;4,890584159E0;1,092339524E0;8,169377583E-1;2,639354987E2;7,405768672E0;1,152235175E0
3,452921118E2;5,235280763E1;4,890582317E0;1,357470723E0;8,046034896E-1;2,690187447E2;7,285348839E0;1,148639420E0
3,462921122E2;5,235279818E1;4,890571564E0;1,549670452E0;7,766914224E-1;2,613747002E2;7,404764061E0;1,146737223E0
3,472921112E2;5,235278629E1;4,890560346E0;1,098592861E0;9,737815421E-1;2,573726514E2;7,372440176E0;1,143205731E0
3,482921102E2;5,235278260E1;4,890556766E0;1,417893765E0;9,604920566E-1;2,505921608E2;6,819604176E0;1,141418556E0
3,492921102E2;5,235277196E1;4,890547657E0;1,477067067E0;1,013229148E0;2,475928137E2;6,864944512E0;1,137897491E0
3,502921093E2;5,235277336E1;4,890521909E0;1,536876207E0;1,137947503E0;2,515012642E2;6,713245435E0;1,136538308E0
3,512921076E2;5,235276615E1;4,890503802E0;1,080673640E0;1,257066850E0;2,480671796E2;6,669462218E0;1,147281218E0
3,522921067E2;5,235276525E1;4,890477677E0;1,325411333E0;1,339791899E0;2,500724174E2;6,661273874E0;1,174173958E0
3,532921063E2;5,235275590E1;4,890461880E0;1,422940229E0;1,298934030E0;2,501866056E2;7,039469939E0;1,245369229E0
3,542921052E2;5,235274276E1;4,890433441E0;1,522433070E0;1,421943807E0;2,468030230E2;7,213533063E0;1,241855213E0
3,552921056E2;5,235272776E1;4,890404717E0;1,516429768E0;1,554761435E0;2,437859416E2;7,504707731E0;1,201913494E0
3,562921046E2;5,235271720E1;4,890404045E0;8,719604854E-1;1,386055449E0;2,403204632E2;7,885205815E0;1,226970742E0
3,572921035E2;5,235270813E1;4,890384797E0;1,232697085E0;1,383735063E0;2,392564467E2;8,182873688E0;1,221658436E0
3,582921028E2;5,235271133E1;4,890374494E0;1,100499176E0;1,170748794E0;2,437163645E2;8,497845590E0;1,214058056E0
3,592921025E2;5,235268991E1;4,890361410E0;2,081099507E0;1,173991129E0;2,345031201E2;8,620259055E0;1,209287759E0
3,602921021E2;5,235267661E1;4,890353669E0;1,074800160E0;1,216712171E0;2,325241996E2;8,714354303E0;1,202546785E0
3,612921011E2;5,235266744E1;4,890340606E0;1,661710965E0;1,198489388E0;2,319750046E2;8,888794290E0;1,195269921E0
3,622921001E2;5,235266297E1;4,890327031E0;1,437821083E0;1,259960764E0;2,337049675E2;9,534921689E0;1,191204279E0
3,632920997E2;5,235267844E1;4,890340222E0;2,417553103E0;6,734744193E-1;2,373543383E2;9,275456427E0;1,184991099E0
3,642920995E2;5,235275267E1;4,890294840E0;1,930818513E0;6,830902472E-1;2,982698171E2;5,812564138E0;1,596406757E0