"Time (s)";"X (m/s^2)";"Y (m/s^2)";"Z (m/s^2)"
3,362333329E-3;-3,137625275E0;8,951385498E0;2,732268219E0
1,031613333E-1;-9,508227539E-1;7,931107178E0;6,217321014E0
2,029613333E-1;-1,938468933E0;8,479416962E0;5,367987213E0
3,027616667E-1;-1,795516205E0;8,386160889E0;5,578299866E0
4,025616667E-1;-4,228706360E-1;8,374485168E0;4,430636444E0
5,023616667E-1;-1,913021851E0;5,255421295E0;6,527925110E0
6,021606667E-1;-9,922865295E-1;4,503534851E0;8,732540588E0
7,019606667E-1;5,179229736E-1;5,489235077E0;7,478448486E0
8,017606667E-1;-1,038091278E0;4,133204956E0;1,049198181E1
9,015606667E-1;-4,130809937E0;4,200714569E0;1,024050476E1
1,001360667E0;-5,493875427E0;9,376501465E-1;3,336112518E0
1,101159667E0;6,490502930E-1;3,839665375E0;9,126521301E0
1,200959667E0;-8,746311951E-1;2,908451843E-1;7,337292023E0
1,300759542E0;1,129102020E0;-1,084195404E0;9,473050690E0
1,400559542E0;3,367846527E0;2,808310089E0;2,994672546E1
1,500359542E0;4,957989807E0;5,374124451E0;7,451953583E0
1,600158542E0;1,974992981E0;2,147284698E0;6,145470428E0
1,699958542E0;1,560055847E0;2,529889069E0;8,525970154E0
1,799758542E0;9,309141541E-1;2,630479889E0;9,317374420E0
1,899558542E0;-2,740650787E0;2,274370422E0;4,588258667E0
1,999358542E0;-4,411326599E-1;2,318528595E0;1,049123337E1
2,099157542E0;-6,426136780E-1;1,792372742E0;9,196725311E0
2,198957542E0;-4,171824646E-1;1,770069122E0;9,283993835E0
2,298757333E0;-6,131250000E-1;2,361938324E0;9,467661896E0
2,398557333E0;-6,824308777E-1;2,275717621E0;1,003722748E1
2,498356333E0;-9,211843872E-1;1,888173523E0;9,343869324E0
2,598156333E0;-8,981323242E-1;1,904788971E0;9,858199768E0
2,697956333E0;-6,647676086E-1;2,046843567E0;9,459129639E0
2,797756333E0;-6,605763245E-1;2,106719055E0;9,918973389E0
2,897556333E0;-7,526348877E-1;1,781445465E0;9,716444550E0
2,997356333E0;-7,644602966E-1;1,859433289E0;9,091943207E0
3,097155333E0;-3,579057312E-1;2,280058594E0;1,011716125E1
3,196955333E0;-6,343807983E-1;2,080373840E0;1,018467087E1
3,296756208E0;-6,800358582E-1;1,938468933E0;9,528734894E0
3,396556208E0;-7,244934082E-2;2,253414001E0;9,256301422E0
3,496356208E0;-6,709048462E-1;1,856888580E0;9,195677490E0
3,596155208E0;-2,061213684E-1;1,963317261E0;9,785151672E0
3,695955208E0;-8,677455139E-1;1,830543365E0;9,599238281E0
3,795755208E0;-3,302133179E-1;1,976639557E0;9,571396179E0
3,895555208E0;-6,584806824E-1;2,138153687E0;9,820478210E0
3,995355208E0;-2,945874023E-1;2,162552948E0;9,683213654E0
4,095155208E0;-5,539979553E-1;1,949096832E0;9,918224945E0
4,194955208E0;-3,372486877E-1;1,987866211E0;9,742939453E0
4,294754292E0;-4,480183411E-1;1,808539124E0;1,046473846E1
4,394554292E0;-6,484515381E-1;1,741179199E0;9,719887390E0
4,494354292E0;3,165916443E-1;2,170935516E0;9,759105835E0
4,594154292E0;-1,945953369E-2;1,503323822E0;9,307345276E0
4,693954292E0;-6,932084656E-1;1,367556152E0;9,334438934E0
4,793753292E0;-4,734654236E-1;1,621877289E0;1,002839584E1
4,893553292E0;-4,644841003E-1;1,666484528E0;1,007869125E1
4,993353292E0;9,550140381E-2;1,688488770E0;1,017494110E1
5,093153292E0;-3,832031250E-1;1,591939545E0;9,946516113E0
5,192953292E0;-1,478924561E-1;1,683549042E0;9,207502899E0
5,292752958E0;-4,373904419E-1;1,628463593E0;9,986932068E0
5,392551958E0;-2,980302429E-1;1,533111877E0;9,506580963E0
5,492351958E0;-7,005432129E-1;1,498084717E0;9,906848602E0
5,592151958E0;-8,939410400E-1;1,446591797E0;9,707313538E0
5,691951958E0;8,681945801E-2;1,609153748E0;9,899064789E0
5,791751958E0;4,080514526E-1;1,323996735E0;9,355994110E0
5,891550958E0;-6,860234070E-1;1,429377594E0;9,712552643E0
5,991350958E0;-5,692662048E-1;1,475781097E0;9,905800781E0
6,091150958E0;-6,780899048E-1;1,517693939E0;8,513246613E0
6,190950958E0;-5,134323120E-1;1,794917450E0;9,851763153E0
6,290749292E0;-3,617976379E-1;1,438957672E0;1,229722778E1
6,390549292E0;-4,490661621E-1;7,673043823E-1;9,953401794E0
6,490349292E0;2,065704346E-2;1,446442108E0;9,691596222E0
6,590149292E0;7,707472229E-1;-4,918771362E-1;1,052311707E1
6,689949292E0;-8,231382751E-1;4,602928162E-1;9,215137024E0
6,789748292E0;4,445755005E-2;2,673440552E-1;1,055305481E1
6,889548292E0;-2,254312134E-1;7,074288940E-1;9,786498871E0
6,989348292E0;-4,840933228E-1;2,909948730E-1;9,775721283E0
7,089148292E0;-5,113366699E-1;7,602690125E-1;1,023406815E1
7,188947292E0;1,176553345E-1;7,078779602E-1;9,287436676E0
7,288747542E0;-5,908213806E-1;4,001179504E-1;1,004531067E1
7,388547542E0;-3,577560425E-1;7,334747314E-2;1,019859192E1
7,488347542E0;-2,480342102E-1;3,897894287E-1;1,017344421E1
7,588147542E0;-3,739224243E-1;1,440005493E-1;8,995693359E0
7,687946542E0;-3,882925415E-1;1,532812500E-1;1,009815079E1
7,787746542E0;-3,947291565E-1;-3,757186890E-2;9,893526306E0
7,887546542E0;-6,647676086E-1;-5,010081482E-1;1,073238190E1
7,987346542E0;-2,610571289E-1;9,515711975E-1;1,011805939E1
8,087145542E0;6,256988525E-2;1,825903015E0;1,010997620E1
8,186945542E0;-4,162843323E-1;1,784139862E0;9,077872467E0
8,286745792E0;-6,616241455E-1;1,740879822E0;9,353599091E0
8,386545792E0;6,661148071E-2;2,016606445E0;1,065125061E1
8,486345792E0;-5,496569824E-1;1,103355560E0;9,276808777E0
8,586144792E0;-3,770658875E-1;1,240171051E0;9,985884247E0
8,685944792E0;-3,011737061E-1;1,033001862E0;1,004366409E1
8,785744792E0;-3,969744873E-1;1,086141357E0;9,838440857E0
8,885544792E0;-6,527925110E-1;1,051114197E0;1,004680756E1
8,985344792E0;1,850152588E-1;9,542655945E-1;9,744586029E0
9,085143792E0;-1,871109009E-2;5,857319641E-1;9,696685638E0
9,184943792E0;-2,300715637E-1;7,201524353E-1;9,715097351E0
9,284743542E0;-5,556445312E-1;4,963677979E-1;9,919123077E0
9,384543542E0;-5,227130127E-1;5,685177612E-1;9,798174591E0
9,484343542E0;-3,974235535E-1;1,123713226E0;9,408085785E0
9,584142542E0;-2,043251038E-1;9,030720520E-1;1,002854553E1
9,683942542E0;-1,972897339E-1;6,322851562E-1;9,737400970E0
9,783742542E0;-2,713856506E-1;8,499325562E-1;9,759405212E0
9,883542542E0;-1,335223389E-1;9,734257507E-1;9,496551819E0
9,983342542E0;-6,433621216E-1;8,439450073E-1;9,755363617E0
1,008314154E1;-4,321513367E-1;9,725276184E-1;9,868528290E0
1,018294154E1;-6,391708374E-1;1,297950897E0;9,830058289E0
1,028274171E1;-5,218148804E-1;1,738335114E0;9,509574738E0
1,038254171E1;-3,026705933E-1;1,913021851E0;9,338330841E0
1,048234171E1;-3,370989990E-1;1,805545349E0;9,663604431E0
1,058214071E1;-5,638774109E-1;1,779200134E0;9,493857422E0
1,068194071E1;-7,463479614E-1;1,763033752E0;9,639654236E0
1,078174071E1;-4,197271729E-1;1,908231812E0;9,508077850E0
1,088154071E1;-5,592370605E-1;1,741328888E0;9,781858521E0
1,098134071E1;-2,797682190E-1;1,704954529E0;9,693691864E0
1,108113971E1;-5,822891235E-1;1,432371368E0;9,684411163E0
1,118093971E1;-2,013313293E-1;1,420995026E0;9,772278442E0
1,128073983E1;-3,772155762E-1;1,171763306E0;9,746382294E0
1,138053983E1;-2,257305908E-1;1,194965057E0;9,932595062E0
1,148033983E1;-3,929328918E-1;1,061742096E0;9,774523773E0
1,158013983E1;-4,180805969E-1;1,012344818E0;1,013362701E1
1,167993883E1;-4,537065125E-1;1,004561005E0;1,014245865E1
1,177973883E1;-4,059558105E-1;1,061592407E0;9,965227203E0
1,187953883E1;-4,102967834E-1;1,307980042E0;9,920320587E0
1,197933883E1;-4,019142151E-1;1,524729309E0;9,646689606E0
1,207913883E1;-3,885919189E-1;1,698517914E0;9,536967773E0
1,217893883E1;-3,830534363E-1;1,808988190E0;9,547595673E0
1,227873729E1;-4,746629333E-1;2,020648041E0;9,576784973E0
1,237853729E1;-4,373904419E-1;2,060614929E0;9,415270844E0
1,247833729E1;-4,930746460E-1;2,148931274E0;9,230405273E0
1,257813729E1;-5,604345703E-1;2,108215942E0;9,122180328E0
1,267793729E1;-4,730163574E-1;2,166744232E0;9,042845306E0
1,277773729E1;-5,709127808E-1;1,786385193E0;9,120384064E0
1,287753629E1;-8,798703003E-1;1,811532898E0;9,193132782E0
1,297733629E1;-1,060694275E0;1,958527222E0;9,557774506E0
1,307713629E1;-4,815486145E-1;3,290008392E0;8,564290466E0
1,317693629E1;-1,258133698E0;2,235151978E0;9,485325165E0
1,327673708E1;-7,167095947E-1;2,067201233E0;9,603130188E0
1,337653708E1;-6,852749634E-1;1,848955078E0;9,606273651E0
1,347633608E1;-4,590953064E-1;1,629810791E0;9,621092834E0
1,357613608E1;-4,457730103E-1;1,743873596E0;9,591753845E0
1,367593608E1;-3,897894287E-1;1,880539398E0;9,518256683E0
1,377573608E1;-3,576063538E-1;1,930086365E0;9,588311005E0
1,387553608E1;-3,701802063E-1;1,913171539E0;9,701026611E0
1,397533608E1;-3,727249146E-1;2,040556641E0;9,797276459E0
1,407513508E1;-4,144880676E-1;1,873953094E0;9,637408905E0
1,417493508E1;-4,346960449E-1;1,917063446E0;9,708660736E0
1,427473404E1;-4,385879517E-1;1,808688812E0;9,654323730E0
1,437453404E1;-4,935237122E-1;1,748963013E0;9,569150848E0
1,447433404E1;-4,965174866E-1;1,792971497E0;9,757010193E0
1,457413404E1;-5,522016907E-1;1,691183167E0;9,511071625E0
1,467393304E1;-5,703140259E-1;1,677112427E0;9,647587738E0
1,477373304E1;-5,144801331E-1;1,689985657E0;9,655371552E0
1,487353304E1;-6,334826660E-1;1,582808533E0;9,529932404E0
1,497333304E1;-4,397854614E-1;1,615590363E0;9,484876099E0
1,507313304E1;-4,098477173E-1;1,741777954E0;9,619146881E0
1,517293304E1;-3,540138245E-1;1,848056946E0;9,602531433E0
1,527273317E1;-3,793112183E-1;1,961670685E0;9,676926727E0
1,537253217E1;-3,588038635E-1;1,969753876E0;9,749525757E0
1,547233217E1;-4,342469788E-1;1,918859711E0;9,730066223E0
1,557213217E1;-3,297642517E-1;1,938468933E0;9,757758636E0
1,567193217E1;-1,387614441E-1;1,897603912E0;9,781110077E0
1,577173217E1;-4,149371338E-1;1,739682312E0;9,704469452E0
1,587153217E1;-4,432283020E-1;1,746567993E0;9,552236023E0
1,597133217E1;-5,143304443E-1;1,787582703E0;9,542356567E0
1,607113217E1;-5,315446472E-1;1,657652893E0;9,660460968E0
1,617093117E1;-5,758525085E-1;1,649420013E0;9,628427582E0
1,627073192E1;-5,906716919E-1;1,715881805E0;9,736951904E0
1,637053192E1;-5,074447632E-1;1,851200409E0;9,599837036E0
1,647033192E1;-4,608915710E-1;2,065105591E0;9,454339600E0
1,657013192E1;-3,420387268E-1;2,344574432E0;9,516460419E0
1,666993192E1;-4,361929321E-1;2,439177704E0;9,749974823E0
1,676973192E1;-4,120930481E-1;2,216889954E0;9,397906952E0
1,686953192E1;-3,858975220E-1;2,342628479E0;9,559271393E0
1,696933092E1;-9,373507690E-1;3,591631165E0;9,260043640E0
1,706913092E1;-7,797285461E-1;4,325405273E0;9,289981384E0
1,716893092E1;-4,939727783E-3;4,276906128E0;8,438701630E0
1,726873121E1;-3,276686096E-1;3,986060944E0;8,549920349E0
1,736853121E1;-1,241967316E0;3,768413544E0;8,350235596E0
1,746833121E1;-1,571132813E0;4,017046509E0;1,003722748E1
1,756813121E1;-2,335144043E-2;3,431763611E0;7,776329041E0
1,766793121E1;-1,102607117E0;3,968846741E0;1,091365494E1
1,776773021E1;-9,421408081E-1;4,272714844E0;9,178313599E0
1,786753021E1;-3,492237854E-1;4,374802551E0;8,123157806E0
1,796733021E1;-2,206411743E-1;3,615431671E0;7,075935516E0
1,806713021E1;-5,257067871E-1;3,385060730E0;8,534801788E0
1,816693021E1;-3,776646423E-1;3,193159790E0;9,678573303E0
1,826672954E1;-9,777667236E-1;3,236270142E0;9,808503113E0
1,836652954E1;-6,523434448E-1;3,443888397E0;7,696844330E0
1,846632954E1;-4,712200928E-1;3,617527313E0;9,608668671E0
1,856612854E1;-2,618055725E-1;3,588787079E0;9,530531158E0
1,866592854E1;-8,146060181E-1;3,460503845E0;9,905800781E0
1,876572854E1;-7,867639160E-1;3,251388702E0;9,482780457E0
1,886552854E1;-8,059240723E-1;3,647914124E0;9,856553192E0
1,896532854E1;-6,161187744E-1;3,466341705E0;9,210646362E0
1,906512854E1;-8,846603394E-1;3,548969879E0;9,495653687E0
1,916492854E1;-7,463479614E-1;3,219804382E0;9,704918518E0
1,926472817E1;-4,300556946E-1;2,733166351E0;1,030337402E1
1,936452817E1;-3,926335144E-1;2,533631287E0;9,717342682E0
1,946432717E1;-5,281018066E-1;1,481319580E0;1,015338593E1
1,956412717E1;-8,538244629E-1;1,156495056E0;9,308692474E0
1,966392717E1;-8,460406494E-1;1,675914917E0;9,405241699E0
1,976372717E1;-7,212002563E-1;9,960287476E-1;1,088536377E1
1,986352717E1;-6,150709534E-1;1,983076172E0;9,032367096E0
1,996332717E1;-4,938230896E-1;9,195378113E-1;1,036324951E1
2,006312717E1;-9,410929871E-1;1,450633392E0;9,588311005E0
2,016292717E1;-8,860075378E-1;3,396137695E0;8,509953461E0
2,026272783E1;-1,200054474E0;3,563040619E0;1,007479935E1
2,036252683E1;3,511697388E-1;3,148552551E0;9,327403564E0
2,046232683E1;-1,583856354E0;4,874014435E0;7,708819427E0
2,056212683E1;4,460723877E-2;2,941233673E0;8,137976990E0
2,066192683E1;-9,659413147E-1;2,311642914E0;8,743767242E0
2,076172683E1;-9,144483948E-1;3,399730225E0;8,031548309E0
2,086152683E1;-6,421646118E-2;2,831212463E0;1,190803711E1
2,096132683E1;-6,066883850E-1;2,506238251E0;1,009066635E1
2,106112683E1;-7,222480774E-1;3,306923218E0;1,009126511E1
2,116092583E1;-6,825805664E-1;3,166664886E0;7,752827911E0
2,126072517E1;-1,499132538E0;3,049757996E0;9,527986450E0
2,136052517E1;-1,142274628E0;2,998714142E0;8,497828674E0
2,146032517E1;-1,527124329E0;3,136427765E0;7,711214447E0
2,156012517E1;-7,460485840E-1;2,482737122E0;8,668174438E0
2,165992517E1;-4,808001709E-1;2,491718445E0;1,002659958E1
2,175972517E1;-1,862127686E-1;3,057541809E0;9,864636383E0
2,185952517E1;-1,105451202E0;4,081113281E0;8,840017090E0
2,195932417E1;-9,282197571E-1;4,389621735E0;1,050560349E1
2,205912417E1;-2,070195007E-1;3,246898041E0;8,361312561E0
2,215892417E1;-1,168919220E0;4,684807892E0;1,045470932E1
2,225872458E1;-5,354365540E-1;4,300107880E0;8,957971802E0
2,235852458E1;-1,105151825E0;3,112926636E0;8,453969879E0
2,245832458E1;-1,041833496E0;2,644700317E0;8,741671600E0
2,255812458E1;-1,126108246E0;2,622097321E0;8,508007507E0
2,265792358E1;-4,767585754E-1;1,817071381E0;9,857750702E0
2,275772358E1;-7,252418518E-1;1,616638184E0;8,836723938E0
2,285752358E1;-4,891827393E-1;1,107397156E0;1,003558090E1
2,295732358E1;-4,808001709E-1;1,143322449E0;1,045216461E1
2,305712358E1;-7,942483521E-1;1,797462158E0;1,037746994E1
2,315692358E1;-7,688012695E-1;2,485132141E0;8,794212341E0
2,325672404E1;-5,210664368E-1;1,129551086E0;9,003477173E0
2,335652304E1;2,692900085E-1;1,085692291E0;1,036833893E1
2,345632304E1;-4,637356567E-1;1,658850403E0;1,003857468E1
2,355612304E1;-9,744735718E-1;3,062631226E0;1,053883438E1
2,365592304E1;-8,238867188E-1;2,244732056E0;7,782615967E0
2,375572304E1;-5,677693176E-1;3,221151581E0;1,103145996E1
2,385552304E1;-6,680607605E-1;2,002685394E0;1,020622604E1
2,395532304E1;-8,381071472E-1;2,465672607E0;1,115405502E1
2,405512204E1;-4,911286926E-1;2,865491180E0;7,702682190E0
2,415492204E1;-9,074130249E-1;2,138153687E0;8,102500763E0
2,425472179E1;-1,859133911E-1;2,549947357E0;1,127260849E1
2,435452179E1;-4,275109863E-1;2,813848572E0;8,308771820E0
2,445432179E1;-9,141490173E-1;2,011966095E0;1,018137772E1
2,455412179E1;-8,894503784E-1;2,564167786E0;9,602232056E0
2,465392079E1;-5,378315735E-1;2,539618835E0;1,062280975E1
2,475372079E1;-7,369175720E-1;2,862946472E0;8,919352112E0
2,485352079E1;-4,951702881E-1;2,725831604E0;1,169562881E1
2,495332079E1;-8,204438782E-1;2,497406616E0;8,631800079E0
2,505312079E1;-5,875282288E-1;2,785707092E0;1,261801071E1
2,515292079E1;-9,117539978E-1;1,966311035E0;9,889035645E0
2,525271917E1;-5,204676819E-1;1,993255005E0;7,811505890E0
2,535251917E1;-2,339035950E0;3,697910156E0;1,073821976E1
2,545231917E1;-1,155447235E0;1,733395386E0;8,133037262E0
2,555211917E1;-1,740281067E0;1,893113251E0;8,554860077E0
2,565191917E1;-1,372046814E0;2,237696686E0;9,849667511E0
2,575171917E1;-1,195114746E0;2,419867859E0;9,473350067E0
2,585151817E1;-1,192570038E0;2,021097107E0;8,380023651E0
2,595131817E1;-8,616082764E-1;1,843865662E0;7,166048126E0
2,605111817E1;-1,084045715E0;2,118843842E0;1,026310776E1
2,615091817E1;-1,018781433E0;1,882036285E0;1,114642090E1
2,625071817E1;-9,339079285E-1;1,464105377E0;9,977052612E0
2,635051771E1;-5,560935974E-1;1,204694824E0;9,235345001E0
2,645031771E1;-2,246827698E-1;1,014889526E0;8,591982880E0
2,655011771E1;-4,715194702E-2;1,369053040E0;9,782756653E0
2,664991771E1;2,963836670E-2;1,847907257E0;1,027059219E1
2,674971771E1;-3,924838257E-1;1,632355499E0;1,036130356E1
2,684951771E1;-8,904981995E-1;2,029479675E0;9,980794830E0
2,694931671E1;-1,009201355E0;1,907932434E0;9,363927612E0
2,704911671E1;-1,163380737E0;1,317560120E0;8,948391724E0
2,714891671E1;-1,136586456E0;1,196162567E0;8,499175873E0
2,724871671E1;-1,428030396E-1;1,245110779E0;1,013332764E1
2,734851704E1;-2,679428101E-2;1,200952606E0;1,008033783E1
2,744831604E1;-1,664538574E-1;1,348994751E0;1,000878662E1
2,754811604E1;1,622625732E-1;1,085991669E0;8,285270691E0
2,764791604E1;-4,480183411E-1;1,628912659E0;9,305698700E0
2,774771604E1;1,499880981E-1;1,391805725E0;1,152243896E1
2,784751504E1;-2,121089172E-1;1,560055847E0;1,046593597E1
2,794731504E1;-4,203259277E-1;1,270857239E0;9,455387421E0
2,804711504E1;-7,908055115E-1;1,265468445E0;9,777218170E0
2,814691504E1;8,876541138E-2;1,404529266E0;9,988279266E0
2,824671504E1;-6,258485413E-1;3,439846802E-1;1,177825699E1
2,834651342E1;-7,313790894E-1;7,146139526E-1;1,098924774E1
2,844631342E1;-4,267625427E-1;9,295669556E-1;9,327403564E0
2,854611342E1;-4,592449951E-1;1,511257324E0;1,127021347E1
2,864591342E1;-4,134402466E-1;1,421294403E0;1,041803558E1
2,874571242E1;-6,246510315E-1;1,078656921E0;9,276509399E0
2,884551242E1;-4,906796265E-1;7,062313843E-1;8,931476898E0
2,894531242E1;-8,029302979E-1;1,089434509E0;9,346264343E0
2,904511242E1;-7,012916565E-1;7,122189331E-1;8,530760193E0
2,914491242E1;-1,206341400E0;7,765850830E-1;8,493787079E0
2,924471142E1;-7,851173401E-1;8,728349304E-1;1,017000137E1
2,934451142E1;-8,214916992E-1;4,993615723E-1;8,604107666E0
2,944431142E1;-3,873944092E-1;8,181985474E-1;1,016491196E1
2,954411142E1;-3,565585327E-1;1,048569489E0;9,070537720E0
2,964391042E1;-6,239025879E-1;1,229992218E0;9,193581848E0
2,974371042E1;-2,236349487E-1;1,160087585E0;9,641151123E0
2,984351042E1;1,038839722E-1;1,814077606E0;8,873098297E0
2,994331042E1;-2,097138977E-1;1,448537750E0;1,137664215E1
3,004310942E1;-4,465214539E-1;9,795629883E-1;9,288634186E0
3,014290942E1;-7,107220459E-1;1,006656647E0;1,018586838E1
3,024270942E1;-6,248007202E-1;1,164278870E0;9,598340149E0
3,034250929E1;3,938310242E-1;7,364685059E-1;1,021475830E1
3,044230829E1;-7,890092468E-1;8,204438782E-1;9,874216461E0
3,054210829E1;-5,562432861E-1;-3,323089600E-2;8,215216370E0
3,064190829E1;-2,893482971E-1;1,169068909E0;1,130718658E1
3,074170829E1;-4,710704041E-1;1,841171265E-1;8,312963104E0
3,084150729E1;-6,197113037E-2;1,079555054E0;1,037193146E1
3,094130729E1;-4,248165894E-1;5,474116516E-1;9,289382629E0
3,104110729E1;1,037342834E-1;1,143771515E0;1,022299118E1
3,114090729E1;-7,246430969E-1;6,382727051E-1;1,021386017E1
3,124070629E1;-2,781216431E-1;7,438032532E-1;9,558972015E0
3,134050608E1;-3,585044861E-1;2,797682190E-1;9,949060822E0
3,144030608E1;-1,065933380E0;6,706054688E-2;9,194030914E0
3,154010608E1;-3,155438232E-1;-3,487747192E-2;1,011476624E1
3,163990508E1;-4,477189636E-1;7,048841858E-1;1,061472656E1
3,173970508E1;-6,511459351E-1;4,903802490E-1;9,839788055E0
3,183950508E1;-1,829196167E-1;-3,017724609E-1;1,052191956E1
3,193930408E1;-7,629634094E-1;1,028361511E-1;8,204738159E0
3,203910408E1;-7,795788574E-1;-2,808160400E-1;1,015862503E1
3,213890408E1;1,743873596E-1;-3,402424622E-1;1,000743942E1
3,223870408E1;-6,939569092E-1;-9,654922485E-2;9,493108978E0
3,233850379E1;-1,058299255E0;-7,544311523E-2;1,004246658E1
3,243830379E1;-8,764274597E-1;4,323010254E-1;9,187294922E0
3,253810379E1;-2,987786865E-1;-1,797761536E-1;9,937534790E0
3,263790279E1;2,294728088E-1;-1,595681763E-1;9,811347198E0
3,273770279E1;-7,036866760E-1;-5,062472534E-1;1,098161362E1
3,283750279E1;-1,281335449E-1;-3,308120728E-1;9,296717377E0
3,293730279E1;-5,486091614E-1;-4,317022705E-1;1,035920792E1
3,303710179E1;-9,999206543E-2;-7,538323975E-1;1,066502197E1
3,313690179E1;5,927673340E-2;1,643582153E-1;1,100900665E1
3,323670179E1;-6,713539124E-1;-5,692662048E-1;1,015338593E1
3,333650058E1;4,490661621E-4;-9,250762939E-2;9,499994659E0
3,343630058E1;1,877096558E-1;-4,165837097E-1;1,000205063E1
3,353610058E1;-7,963439941E-2;3,128494263E-2;9,553433533E0
3,363589958E1;-3,300636292E-1;-4,619393921E-1;9,705068207E0
3,373569958E1;-5,727090454E-1;-1,420545959E-1;9,758656769E0
3,383549958E1;-7,191046143E-1;4,544549561E-1;9,647138672E0
3,393529958E1;-5,951623535E-1;3,086581421E-1;1,009500732E1
3,403509858E1;-1,195414124E0;-8,906478882E-2;9,618398438E0
3,413489858E1;-7,556286621E-1;-7,993377686E-2;1,022194336E1
3,423469858E1;-6,044430542E-1;3,219804382E-1;9,088500366E0
3,433449754E1;-8,972341919E-1;3,772155762E-2;1,057775345E1
3,443429754E1;-8,761280823E-1;2,125579834E-1;9,484726410E0
3,453409754E1;-6,659651184E-1;-1,628613281E-1;9,819729767E0
3,463389654E1;-6,110293579E-1;2,582130432E-1;9,716145172E0
3,473369654E1;-6,342311096E-1;4,942721558E-1;9,616602173E0
3,483349654E1;-2,842588806E-1;-3,083587646E-2;9,272168427E0
3,493329654E1;-5,336402893E-1;-3,788621521E-1;1,094179642E1
3,503309554E1;-4,628375244E-1;2,517764282E-1;9,157357178E0
3,513289554E1;-7,662565613E-1;-2,649490356E-2;9,523495789E0
3,523269554E1;-7,934999084E-1;-3,697311401E-2;1,010758118E1
3,533249421E1;-8,979826355E-1;1,060245209E0;9,374256134E0
3,543229421E1;-6,174659729E-1;1,349443817E0;9,293723602E0
3,553209421E1;-9,496252441E-1;1,448537750E0;9,541458435E0
3,563189321E1;-6,128256226E-1;1,664987640E0;9,571096802E0
3,573169321E1;-5,766009521E-1;1,515747986E0;9,262288971E0
3,583149321E1;-9,454339600E-1;1,572480011E0;9,741741943E0
3,593129221E1;-1,002615051E0;1,582209778E0;9,545350342E0
3,603109221E1;-9,758207703E-1;1,931134186E0;9,569749603E0
3,613089221E1;-5,998027039E-1;2,182012482E0;9,756710815E0
3,623069121E1;-1,065634003E0;2,203268280E0;9,399553528E0
3,633049167E1;-1,116528168E0;2,561323700E0;9,255253601E0
3,643029167E1;-5,203179932E-1;2,627336426E0;1,004920258E1
3,653009067E1;-1,350641327E0;1,818268890E0;9,678722992E0
3,662989067E1;-5,867797852E-1;2,697390747E0;9,771380310E0
3,672969067E1;-9,395960999E-1;2,763852539E0;9,299411774E0
3,682948967E1;-8,890013123E-1;1,912423096E0;9,763596497E0
3,692928967E1;-8,029302979E-1;2,153122559E0;9,601034546E0
3,702908967E1;-7,794291687E-1;2,120191040E0;9,452243958E0
3,712888867E1;-8,399034119E-1;2,037562866E0;9,666598206E0
3,722868867E1;-7,514373779E-1;2,640359344E0;9,853559418E0
3,732848892E1;-1,067280579E0;2,843486938E0;9,233997803E0
3,742828792E1;-7,306306458E-1;2,417323151E0;9,913883972E0
3,752808792E1;-5,905220032E-1;2,136656799E0;9,337432709E0
3,762788792E1;-1,092577972E0;2,577490082E0;9,423803101E0
3,772768692E1;-9,175918579E-1;2,531685333E0;9,595645752E0
3,782748692E1;-1,012793884E0;2,439177704E0;9,316476288E0
3,792728692E1;-4,026626587E-1;2,386337585E0;9,308692474E0
3,802708592E1;-4,694238281E-1;2,526745605E0;9,438322906E0
3,812688592E1;-5,275030518E-1;2,600392456E0;9,026229858E0
3,822668592E1;-3,941304016E-1;2,506238251E0;9,852361908E0
3,832648429E1;-4,617897034E-1;2,328258362E0;9,785451050E0
3,842628429E1;-5,177732849E-1;2,487377472E0;9,158255310E0
3,852608429E1;-5,782475281E-1;2,729424133E0;9,674232330E0
3,862588329E1;-4,201762390E-1;2,970572662E0;9,246421967E0
3,872568329E1;-9,485774231E-1;2,736908569E0;8,446186066E0
3,882548329E1;-6,837780762E-1;2,553988953E0;1,006701553E1
3,892528229E1;-7,360194397E-1;2,605930939E0;9,136251068E0
3,902508229E1;-4,028123474E-1;2,794987793E0;8,619974670E0
3,912488229E1;-9,406439209E-1;2,468666382E0;1,051608170E1
3,922468129E1;-8,789721680E-1;3,017874298E0;9,734856262E0
3,932448217E1;-1,063388672E0;2,862198029E0;8,656498718E0
3,942428217E1;-1,216969299E0;3,192710724E0;9,087003479E0
3,952408117E1;-1,444496155E0;2,824326782E0;1,096649506E1
3,962388117E1;-1,332079926E0;3,202440491E0;1,048449738E1
3,972368117E1;-9,397457886E-1;3,364703064E0;1,044961990E1
3,982348017E1;-4,424798584E-1;3,246598663E0;9,165739746E0
3,992328017E1;-1,205592957E0;3,184178467E0;8,487649841E0
4,002308017E1;-9,445358276E-2;2,950813751E0;9,578730927E0
4,012287917E1;-1,216071167E0;2,919828186E0;8,458310852E0
4,022267917E1;-1,436862030E0;3,342399445E0;1,063343765E1
4,032247892E1;-1,445244598E0;1,735191650E0;8,633446655E0
4,042227792E1;1,032852173E-2;1,423090668E0;9,699978790E0
4,052207792E1;-6,557862854E-1;1,262624359E0;8,601413269E0
4,062187792E1;-1,069376221E0;1,391506348E0;1,011401779E1
4,072167692E1;-1,504671021E0;1,898651733E0;8,444689178E0
4,082147692E1;-1,184486847E0;1,193019104E0;1,090108109E1
4,092127692E1;-9,553134155E-1;2,760260010E-1;9,348060608E0
4,102107592E1;-3,812571716E-1;8,981323242E-1;8,498577118E0
4,112087592E1;-1,555415497E0;1,667382660E0;1,027508286E1
4,122067592E1;-1,483714600E0;1,467398529E0;8,207282867E0
4,132047458E1;-5,011578369E-1;2,232906647E0;9,115743713E0
4,142027458E1;-1,799557800E0;2,538121948E0;1,020517822E1
4,152007358E1;-1,171314240E0;2,960992584E0;7,267537079E0
4,161987358E1;-1,004860382E0;2,314786377E0;1,138577316E1
4,171967358E1;-1,598525848E0;2,884501648E0;9,167835388E0
4,181947258E1;-9,116043091E-1;2,106719055E0;9,150321808E0
4,191927258E1;-6,861730957E-1;2,435884552E0;9,092242584E0
4,201907258E1;-1,172960815E0;2,331252136E0;8,456215210E0
4,211887158E1;-1,025218048E0;2,137405243E0;8,704698486E0
4,221867158E1;-4,819976807E-1;2,304308167E0;1,000549347E1
4,231847054E1;-1,563348999E0;2,420316925E0;9,821076965E0
4,241827054E1;-1,437011719E-2;1,320553894E0;1,082683548E1
4,251807054E1;-5,295986938E-1;2,505040741E0;1,046189438E1
4,261786954E1;-7,250921631E-1;2,864143982E0;9,079818420E0
4,271766954E1;-5,339396667E-1;2,519410858E0;9,084309082E0
4,281746954E1;6,077362061E-2;2,606529694E0;9,411828003E0
4,291726854E1;-6,991960144E-1;2,210153961E0;8,302634583E0
4,301706854E1;1,342707825E-1;2,550546112E0;1,014934433E1
4,311686854E1;-9,897418213E-1;1,857637024E0;8,682095490E0
4,321666754E1;-1,118324432E0;1,406924286E0;8,223598938E0
4,331646729E1;-1,014440460E0;1,788630524E0;1,023781036E1
4,341626729E1;-9,867480469E-1;2,055525513E0;1,080752563E1
4,351606629E1;-8,425978088E-1;2,269730072E0;9,509425049E0
4,361586629E1;-5,284011841E-1;2,096839600E0;8,636889496E0
4,371566529E1;-8,777746582E-1;2,024390259E0;7,969427490E0
4,381546529E1;-3,185375977E-1;1,988614655E0;9,415719910E0
4,391526529E1;-7,316784668E-1;2,923570404E0;9,929002533E0
4,401506429E1;-1,412313080E0;2,154170380E0;9,531279602E0
4,411486429E1;4,837939453E-1;2,681374054E0;1,152588181E1
4,421466429E1;-8,699908447E-1;1,397044830E0;1,148561554E1
4,431446329E1;-1,281335449E-1;1,747316437E0;1,018706589E1
4,441426329E1;-1,752705231E0;2,708168335E0;1,093446167E1
4,451406229E1;-5,487588501E-1;2,943628693E0;9,273216248E0
4,461386229E1;-5,776487732E-1;1,842219086E0;1,166524200E1
4,471366229E1;-1,571731567E-1;2,490820312E0;1,027403503E1
4,481346129E1;-6,718029785E-1;1,589245148E0;7,890242157E0
4,491326129E1;-6,306385803E-1;2,179767151E0;1,096574661E1
4,501306029E1;-9,713301086E-1;1,449286194E0;8,849148102E0
4,511286029E1;-1,024619293E0;2,002685394E0;8,022716675E0
4,521266029E1;-8,053253174E-2;1,860930176E0;1,140253830E1
4,531245958E1;-7,219487000E-1;2,379302216E0;8,080795898E0
4,541225958E1;-1,288670197E0;1,531165924E0;1,257265503E1
4,551205858E1;-8,084687805E-1;2,175126801E0;7,850125580E0
4,561185858E1;-8,222401428E-1;1,909279633E0;1,034139496E1
4,571165858E1;-1,247505798E0;1,344953156E0;8,641829224E0
4,581145758E1;-1,429078217E0;1,646426239E0;7,433541870E0
4,591125758E1;-5,203179932E-1;2,359842682E0;9,916728058E0
4,601105658E1;-1,105002136E0;2,154619446E0;8,946296082E0
4,611085658E1;3,716770935E-1;1,970652008E0;1,226100311E1
4,621065658E1;-8,397537231E-1;1,980830841E0;1,049991531E1
4,631045592E1;-2,649490356E-2;2,869083710E0;8,509504395E0
4,641025592E1;-4,420307922E-1;1,378633118E0;9,768386536E0
4,651005492E1;-8,972341919E-1;1,819616089E0;1,126751907E1
4,660985492E1;-1,403780823E0;7,458988953E-1;1,037462585E1
4,670965492E1;-1,172062683E0;2,959196320E0;8,491392059E0
4,680945392E1;-1,533411255E0;1,989662476E0;8,910520477E0
4,690925392E1;-6,436614990E-1;4,119433594E0;8,596174164E0
4,700905292E1;-1,866618347E0;1,582060089E0;8,178692322E0
4,710885292E1;-5,453160095E-1;1,767075348E0;1,017823425E1
4,720865192E1;-9,153465271E-1;1,643881531E0;8,380772095E0
4,730845167E1;-4,685256958E-2;1,904190216E0;9,748927002E0
4,740825167E1;-1,021026764E0;2,030228119E0;9,155111847E0
4,750805067E1;-2,776725769E-1;1,842967529E0;9,140592041E0
4,760785067E1;-1,184636536E0;1,031654663E0;1,174233170E1
4,770764967E1;-3,095562744E-1;1,116677856E0;8,912316742E0
4,780744967E1;-2,776725769E-1;1,360221405E0;7,646698608E0
4,790724967E1;-8,879534912E-1;1,529519348E0;8,298293610E0
4,800704867E1;-1,874102783E-1;1,582658844E0;8,191116486E0
4,810684867E1;-7,231462097E-1;9,499246216E-1;9,576485596E0
4,820664767E1;-1,188827820E0;1,632355499E0;1,042821442E1
4,830644783E1;-7,354206848E-1;7,273374939E-1;9,327702942E0
4,840624683E1;-4,495152283E-1;1,302291870E0;1,140523270E1
4,850604683E1;2,865042114E-1;1,944755859E0;9,274264069E0
4,860584683E1;-3,399430847E-1;7,952961731E-1;7,447462921E0
4,870564583E1;-8,904981995E-1;1,214274902E0;1,002630020E1
4,880544583E1;-9,970765686E-1;1,448986816E0;9,767638092E0
4,890524483E1;-7,644602966E-1;1,777403870E0;1,037417679E1
4,900504483E1;-6,569837952E-1;1,719923401E0;1,059826080E1
4,910484383E1;-1,924996948E-1;2,506687317E0;9,818232880E0
4,920464383E1;-1,347198486E-3;2,169139252E0;8,556207275E0
4,930444317E1;1,577719116E-1;2,131866760E0;1,111887817E1
4,940424217E1;-3,959266663E-1;2,095342712E0;9,378447418E0
4,950404217E1;-2,857557678E-1;2,278112640E0;9,040599976E0
4,960384117E1;-3,445834351E-1;2,094893646E0;1,048928741E1
4,970364117E1;-6,809339905E-1;1,874701538E0;9,627529449E0
4,980344017E1;-7,688012695E-1;1,655257874E0;8,321195984E0
4,990324017E1;-7,993377686E-1;1,891017609E0;1,004351440E1
5,000303917E1;-7,592211914E-1;1,317709808E0;1,080572937E1
5,010283917E1;-7,873626709E-1;1,531764679E0;9,261241150E0
5,020263917E1;1,496887207E-3;2,602637787E0;9,974358215E0
5,030243879E1;-2,137554932E-1;1,963466949E0;1,103789658E1
5,040223879E1;-1,694476318E-1;1,779798889E0;9,287436676E0
5,050203779E1;-7,212002563E-1;1,522184601E0;8,412206726E0
5,060183779E1;-5,221142578E-1;1,925895081E0;1,014560211E1
5,070163679E1;-6,111790466E-1;2,347568207E0;1,148935776E1
5,080143679E1;-5,508544922E-1;2,016606445E0;9,051078186E0
5,090123579E1;-6,474037170E-1;1,789079590E0;8,737480316E0
5,100103579E1;-7,385641479E-1;1,895957336E0;9,961934052E0
5,110083479E1;-9,617500305E-1;1,794468384E0;1,097353043E1
5,120063479E1;-7,376660156E-1;1,649120636E0;1,190354645E1
5,130043429E1;-1,127754822E0;1,907633057E0;1,015742752E1
5,140023329E1;-3,763174438E-1;1,767524414E0;8,980425110E0
5,150003329E1;-1,185534668E0;1,838776245E0;8,709787903E0
5,159983229E1;-9,102571106E-1;1,584604797E0;1,059347076E1
5,169963229E1;-1,000818787E0;1,743125153E0;1,029169830E1
5,179943129E1;-8,940907288E-1;1,463656311E0;1,015922379E1
5,189923129E1;-8,961863708E-1;1,749711456E0;8,643775177E0
5,199903029E1;-5,800437927E-1;1,632355499E0;8,268954620E0
5,209883029E1;-9,623487854E-1;1,453028412E0;1,055649765E1
5,219862929E1;-9,307644653E-1;1,949396210E0;1,095871124E1
5,229842954E1;-1,030756531E0;1,982028351E0;1,029573990E1
5,239822954E1;-1,195563812E0;1,710792389E0;8,488547974E0
5,249802854E1;-1,494791565E0;1,618434448E0;9,488618317E0
5,259782854E1;-1,043180695E0;1,500330048E0;8,766819305E0
5,269762754E1;-1,470392303E0;1,344653778E0;1,001821701E1
5,279742754E1;-1,069974976E0;1,728904724E0;1,022104523E1
5,289722654E1;-5,490582275E-1;1,600471802E0;8,497978363E0
5,299702654E1;-4,888833618E-1;1,465153198E0;8,369096375E0
5,309682554E1;-6,403683472E-1;2,104324036E0;9,424401855E0
5,319662554E1;-4,010160828E-1;1,532812500E0;9,798024902E0
5,329642479E1;-9,593550110E-1;1,633253632E0;9,507179718E0
5,339622479E1;-7,521858215E-1;1,716031494E0;8,873697052E0
5,349602479E1;-6,334826660E-1;1,979333954E0;9,272467804E0
5,359582379E1;-5,780978394E-1;1,247805176E0;9,301657104E0
5,369562379E1;-9,689350891E-1;1,221010895E0;1,108070755E1
5,379542279E1;-9,716294861E-1;1,772314453E0;1,097263229E1
5,389522279E1;-1,315614166E0;1,562750244E0;8,473579102E0
5,399502179E1;-1,279688873E0;1,247206421E0;8,581205292E0
5,409482179E1;-1,416803741E0;1,653461609E0;1,047476761E1
5,419462079E1;-9,671388245E-1;1,533261566E0;1,014620087E1
5,429442017E1;-1,308429108E0;1,827699280E0;9,614207153E0
5,439421917E1;-1,323697357E0;1,281634827E0;8,740923157E0
5,449401917E1;-1,380579071E0;1,162632294E0;1,072325089E1
5,459381817E1;-1,336271210E0;1,732646942E0;1,057775345E1
5,469361817E1;-1,279838562E0;1,616787872E0;9,119635620E0
5,479341817E1;-1,288221130E0;1,413660278E0;8,737031250E0
5,489321717E1;-1,192869415E0;1,247954865E0;9,671088867E0
5,499301717E1;-1,106798401E0;1,221310272E0;8,691675568E0
5,509281617E1;-1,107397156E0;1,207538910E0;9,319020996E0
5,519261617E1;-1,068927155E0;1,401385803E0;1,081935104E1
5,529241592E1;-1,044976959E0;1,291963348E0;8,565188599E0
5,539221592E1;-1,136586456E0;1,013692017E0;1,034034714E1
5,549201492E1;-7,294331360E-1;1,293759613E0;1,099298996E1
5,559181492E1;-1,218316498E0;1,237326965E0;8,246501312E0
5,569161392E1;-6,069877625E-1;1,204994202E0;9,997709656E0
5,579141392E1;-6,310876465E-1;5,471122742E-1;9,477990417E0
5,589121292E1;-1,181642761E0;5,008584595E-1;1,033555710E1
5,599101292E1;-1,082997894E0;5,421725464E-1;8,454418945E0
5,609081192E1;-6,638694763E-1;4,707710266E-1;1,024888733E1
5,619061192E1;-8,071215820E-1;1,187330933E0;9,224717102E0
5,629041121E1;-6,821315002E-1;1,083746338E-1;1,094119766E1
5,639021121E1;-6,737489319E-1;9,630972290E-1;9,734257507E0
5,649001121E1;-9,668394470E-1;-9,505233765E-2;9,980794830E0
5,658981021E1;-5,794450378E-1;9,491761780E-1;1,012135254E1
5,668961021E1;-8,891510010E-1;5,882766724E-1;9,023685150E0
5,678940921E1;-5,050497437E-1;9,180409241E-1;9,403295746E0
5,688920921E1;-1,258882141E-1;1,265019379E0;9,814191284E0
5,698900821E1;-9,934840393E-1;5,528004456E-1;9,264833679E0
5,708880821E1;-1,157991943E0;3,261717224E-1;8,929081879E0
5,718860721E1;-5,743556213E-1;9,921368408E-1;9,843829651E0
5,728840667E1;-9,481283569E-1;6,279441833E-1;9,730515289E0
5,738820567E1;-4,802014160E-1;1,027463379E0;9,720935211E0
5,748800567E1;-1,446591797E0;8,494834900E-1;9,352700958E0
5,758780467E1;-5,514532471E-1;1,220412140E0;9,680968323E0
5,768760467E1;-1,094823303E0;1,085243225E0;8,873547363E0
5,778740367E1;-1,183139648E0;7,593708801E-1;9,339827728E0
5,788720367E1;-6,973997498E-1;1,066831512E0;1,062774948E1
5,798700267E1;-8,068222046E-1;1,580563202E0;1,048329987E1
5,808680267E1;-6,691085815E-1;1,449136505E0;9,130562897E0
5,818660167E1;-1,241667938E0;7,011419678E-1;8,845256195E0
5,828640192E1;-8,222401428E-1;1,264121246E0;1,003483246E1
5,838620092E1;-1,255289612E0;8,743318176E-1;8,568032684E0
5,848600092E1;-1,158590698E-1;8,141569519E-1;9,520052948E0
5,858579992E1;-1,397793274E0;4,514611816E-1;9,835596771E0
5,868559992E1;-9,680369568E-1;7,153623962E-1;9,002579041E0
5,878539892E1;-8,937913513E-1;7,614665222E-1;1,017494110E1
5,888519892E1;-1,096320190E0;9,611512756E-1;9,512568512E0
5,898499892E1;-7,750881958E-1;1,286125488E0;1,036070480E1
5,908479792E1;-9,729766846E-2;9,662406921E-1;9,829010468E0
5,918459792E1;-1,196911011E0;9,663903809E-1;9,166039124E0
5,928439617E1;-4,788542175E-1;7,731422424E-1;1,000010468E1
5,938419617E1;-3,484753418E-1;6,846762085E-1;9,971813507E0
5,948399517E1;-1,283730469E0;4,321513367E-1;9,384135590E0
5,958379517E1;-1,063538361E0;9,762698364E-1;9,348958740E0
5,968359417E1;-8,262817383E-1;7,625143433E-1;9,494456177E0
5,978339417E1;-5,978567505E-1;6,806346130E-1;9,673633575E0
5,988319317E1;-1,311722260E0;3,992198181E-1;9,756710815E0
5,998299317E1;-8,878038025E-1;2,145039368E-1;9,638007660E0
6,008279217E1;-1,086889801E0;3,382965088E-1;9,612560577E0
6,018259217E1;-9,951306152E-1;3,936813354E-1;1,024574387E1
6,028239117E1;-9,337582397E-1;3,344046021E-1;8,759035492E0
6,038219154E1;-1,098116455E0;-1,990859985E-1;1,022837997E1
6,048199054E1;-5,613327026E-1;1,465452576E-1;9,849817200E0
6,058179054E1;-9,316625977E-1;5,837860107E-1;9,256301422E0
6,068158954E1;-9,681866455E-1;1,969903564E-1;9,960586853E0
6,078138954E1;-9,449848938E-1;2,718347168E-1;9,733509064E0
6,088118954E1;-1,101708984E0;-1,841171265E-2;1,033750305E1
6,098098854E1;-1,069525909E0;2,998265076E-1;9,953102417E0
6,108078854E1;-7,705975342E-1;-3,248245239E-2;1,004935226E1
6,118058754E1;-1,036744080E0;-6,077362061E-2;9,629176025E0
6,128038754E1;-8,533753967E-1;4,016148376E-1;1,017449203E1
6,138018671E1;-1,735041962E0;2,424957275E-2;9,952353973E0
6,147998671E1;-1,340462494E0;3,463796997E-1;1,006372238E1
6,157978571E1;8,493338013E-1;2,570155334E-1;1,015443375E1
6,167958571E1;-8,915460205E-1;3,845503235E-1;1,006731491E1
6,177938471E1;-1,162183228E0;4,953948212E0;9,324858856E0
6,187918471E1;8,382568359E-1;8,302933960E0;1,042911255E1
6,197898371E1;-1,742676086E0;-4,951702881E0;1,289074356E1
6,207878371E1;-2,125130768E0;-2,860850830E0;1,666634216E1
6,217858271E1;-2,151176605E0;-1,837129669E0;8,924890594E0
6,227838271E1;-2,597997437E0;8,596623230E-1;5,122946777E0
6,237818192E1;-3,651656342E0;1,294807434E-1;5,785469055E0
6,247798192E1;-4,017345886E0;1,032702484E0;8,232280884E0
6,257778092E1;-3,693269806E0;-7,768844604E-2;1,107427094E1
6,267758092E1;-3,447331238E-1;4,120331726E0;8,542735291E0
6,277737992E1;-3,390449524E-1;4,254153442E0;5,628744965E0
6,287717992E1;-3,766018524E0;5,511089630E0;1,053075119E1
6,297697892E1;-1,130598907E0;6,428082733E0;6,985523529E0
6,307677892E1;-1,316362610E0;5,436095581E0;8,150999908E0
6,317657792E1;-1,541793823E-1;5,680836639E0;9,704619141E0
6,325923675E1;2,188000031E0;5,063220978E0;7,960146790E0
6,335903775E1;1,954785004E0;5,212310944E0;7,654632111E0
6,345883975E1;2,037862244E0;5,096900940E0;8,250842285E0
6,355864175E1;2,133513336E0;5,158722382E0;8,108338623E0
6,365844375E1;2,251917114E0;4,993915100E0;7,979905701E0
6,375824475E1;2,281405792E0;5,202431488E0;7,979606323E0
6,385804700E1;2,401007080E0;4,924908600E0;7,826923828E0
6,395784900E1;2,302511902E0;5,072052612E0;8,095315704E0
6,405765100E1;2,174528046E0;5,114564209E0;8,065677338E0
6,415745300E1;2,607577515E0;4,983436890E0;8,451125793E0
6,425725400E1;2,446213074E0;5,042863312E0;8,008196869E0
6,435705600E1;2,363285522E0;5,050048370E0;7,945028229E0
6,445685800E1;2,267784119E0;5,045408020E0;8,222700806E0
6,455666000E1;2,409988403E0;5,111271057E0;7,948770447E0
6,465646100E1;2,283351746E0;5,000351715E0;8,119116211E0
6,475626300E1;1,444795532E0;5,057233429E0;8,009544067E0
6,485606487E1;1,035546570E0;5,356311493E0;8,143365784E0
6,495586687E1;1,065484314E0;5,137316895E0;8,053702240E0
6,505566787E1;9,774673462E-1;5,247038727E0;9,076824646E0
6,515546987E1;1,078507233E0;4,859195251E0;8,567583618E0
6,525527187E1;1,120719452E0;4,985083466E0;8,180638275E0
6,535507387E1;1,084195404E0;5,055287476E0;8,155191193E0
6,545487587E1;1,380728760E0;5,005740509E0;8,540489960E0
6,555467687E1;1,579365692E0;4,987478485E0;8,345894623E0
6,565447887E1;1,323996735E0;5,066065063E0;8,538244629E0
6,575428087E1;1,682351532E0;5,030139771E0;8,368048553E0
6,585408300E1;1,672621765E0;5,115013275E0;8,101602631E0
6,595388500E1;1,627116394E0;5,121000824E0;8,074359283E0
6,605368600E1;1,602567444E0;5,080435181E0;8,206235046E0
6,615348800E1;1,720073090E0;5,145250397E0;8,232280884E0
6,625329000E1;1,707349548E0;5,092410278E0;8,181237030E0
6,635309200E1;1,680106201E0;5,079237671E0;8,293054504E0
6,645289400E1;1,676962738E0;5,121599579E0;8,184829559E0
6,655269500E1;1,788929901E0;5,115761719E0;7,884404297E0
6,665249700E1;2,067799988E0;5,097948761E0;8,576115875E0
6,675229900E1;2,047741699E0;5,284011841E0;7,869136047E0
6,685210087E1;2,286944275E0;5,288502502E0;7,855514374E0
6,695190287E1;2,079775085E0;5,326523438E0;8,161627808E0
6,705170487E1;1,992057495E0;5,348377991E0;7,704927521E0
6,715150687E1;1,738035736E0;5,171894989E0;8,033793640E0
6,725130887E1;1,544937286E0;4,933291168E0;8,649912415E0
6,735111087E1;1,589544525E0;5,061275024E0;8,843160553E0
6,745091187E1;-3,215313721E-1;3,852987671E0;7,421866150E0
6,755071387E1;-2,155517578E-1;5,785469055E0;8,174201660E0
6,765051587E1;-1,401236115E0;4,820126495E0;8,083639984E0
6,775031787E1;-2,182012482E0;6,202501831E0;7,329358521E0
6,785012000E1;-2,964136047E0;6,684200134E0;6,724167023E0
6,794992200E1;-3,051853638E0;6,791976013E0;6,121520233E0
6,804972400E1;-3,587739258E0;7,087012482E0;5,849984894E0
6,814952600E1;-3,778592377E0;7,214846649E0;5,253475342E0
6,824932800E1;-4,049828339E0;7,472011871E0;5,096601562E0