"Time (s)";"X (µT)";"Y (µT)";"Z (µT)"
7,945933334E-2;-1,781735229E1;-3,207516479E1;-7,355349541E0
1,792583333E-1;-1,846354675E1;-3,207241821E1;-7,047331810E0
2,790586667E-1;-1,879347229E1;-3,205371094E1;-5,869324684E0
3,788586667E-1;-1,845378113E1;-3,227337646E1;-6,038777351E0
4,786586667E-1;-1,858915710E1;-3,536830139E1;-2,849191666E0
5,784576667E-1;-1,743524170E1;-3,672035217E1;-3,883285522E-1
6,782576667E-1;-1,678373718E1;-3,667407227E1;1,667552948E0
7,780576667E-1;-1,519543839E1;-3,679875183E1;1,679727554E0
8,778576667E-1;-1,444475555E1;-3,623225403E1;-2,329112053E0
9,776576667E-1;-1,278303146E1;-3,606010437E1;-5,541480064E0
1,077456667E0;-1,007288742E1;-3,420619202E1;-2,259428024E0
1,177256667E0;-3,378559113E0;-3,584390259E1;-1,887226105E-1
1,277056542E0;3,511131287E0;-4,051373291E1;-5,217257500E0
1,376856542E0;-1,004019928E1;-4,941668701E1;-3,098063660E1
1,476656542E0;-1,953270721E1;-3,615646362E1;-3,168806076E1
1,576455542E0;-1,870199585E1;-3,657009888E1;-2,404420471E1
1,676255542E0;-1,512221146E1;-3,874136353E1;-2,188214493E1
1,776055542E0;-1,256260681E1;-3,766581726E1;-2,290745926E1
1,875855542E0;-1,028950119E1;-3,702278137E1;-2,531467819E1
1,975655542E0;-9,590137482E0;-3,642716980E1;-2,537638855E1
2,075454542E0;-9,173870087E0;-3,663490295E1;-2,481237793E1
2,175254542E0;-9,669109344E0;-3,666163635E1;-2,314293289E1
2,275054333E0;-8,732997894E0;-3,661175537E1;-2,261325455E1
2,374854333E0;-8,981185913E0;-3,656973267E1;-2,162420654E1
2,474654333E0;-8,384803772E0;-3,624671936E1;-2,126366043E1
2,574453333E0;-8,151943207E0;-3,617399597E1;-2,150743866E1
2,674253333E0;-8,190452576E0;-3,681134033E1;-2,075810623E1
2,774053333E0;-7,563613892E0;-3,639668274E1;-2,071791840E1
2,873853333E0;-7,982181549E0;-3,644534302E1;-2,046023560E1
2,973653333E0;-7,800697327E0;-3,564613342E1;-2,025674438E1
3,073452333E0;-7,917335510E0;-3,624047852E1;-2,023369598E1
3,173252333E0;-7,919857025E0;-3,585687256E1;-1,992598343E1
3,273053208E0;-7,702903748E0;-3,592066956E1;-2,020852280E1
3,372853208E0;-7,935024261E0;-3,636759949E1;-1,923724365E1
3,472653208E0;-7,346141815E0;-3,632795715E1;-1,966347885E1
3,572453208E0;-7,702369690E0;-3,643881226E1;-1,939731979E1
3,672252208E0;-7,110755920E0;-3,601072693E1;-1,921656418E1
3,772052208E0;-7,979320526E0;-3,657418823E1;-1,889994812E1
3,871852208E0;-7,173267365E0;-3,608357239E1;-1,913245392E1
3,971652208E0;-7,472686768E0;-3,658468628E1;-1,862619400E1
4,071452208E0;-7,185211182E0;-3,634838867E1;-1,841217041E1
4,171252208E0;-6,839832306E0;-3,619656372E1;-1,829553604E1
4,271051292E0;-6,767089844E0;-3,612458801E1;-1,782768631E1
4,370851292E0;-5,624618530E0;-3,552471924E1;-1,640538788E1
4,470651292E0;-6,216480255E0;-3,585803223E1;-1,654464722E1
4,570451292E0;-5,784709930E0;-3,551147461E1;-1,666120529E1
4,670251292E0;-6,324600220E0;-3,570315552E1;-1,637446213E1
4,770051292E0;-5,358501434E0;-3,534883118E1;-1,764985657E1
4,869850292E0;-5,452789307E0;-3,634765625E1;-1,693091965E1
4,969650292E0;-4,758171082E0;-3,560267639E1;-1,696311569E1
5,069450292E0;-5,331535339E0;-3,605213928E1;-1,687493134E1
5,169250292E0;-4,393936157E0;-3,551426697E1;-1,681930542E1
5,269049958E0;-5,064636230E0;-3,569412231E1;-1,618457413E1
5,368848958E0;-4,417179108E0;-3,479032898E1;-1,674205780E1
5,468648958E0;-4,772266388E0;-3,473675537E1;-1,626715088E1
5,568448958E0;-4,312328339E0;-3,458818054E1;-1,646387482E1
5,668248958E0;-4,654960632E0;-3,483895874E1;-1,622712708E1
5,768048958E0;-4,272678375E0;-3,503465271E1;-1,596066570E1
5,867847958E0;-4,209701538E0;-3,490104675E1;-1,575531864E1
5,967647958E0;-4,184391022E0;-3,530247498E1;-1,603038406E1
6,067447958E0;-3,608791351E0;-3,465150452E1;-1,551842594E1
6,167247958E0;-3,424205780E0;-3,525125122E1;-1,582205486E1
6,267047292E0;-2,961078644E0;-3,488540649E1;-1,532995892E1
6,366846292E0;-3,040637970E0;-3,550154114E1;-1,545132160E1
6,466646292E0;-2,220066071E0;-3,493144226E1;-1,507111073E1
6,566446292E0;-2,198799133E0;-3,493815613E1;-1,457837200E1
6,666246292E0;-1,766216278E0;-3,476457214E1;-1,481350613E1
6,766045292E0;-1,700904846E0;-3,413156128E1;-1,419336414E1
6,865845292E0;-1,866630554E0;-3,431843567E1;-1,487824726E1
6,965645292E0;-1,554424286E0;-3,325181580E1;-1,466562557E1
7,065445292E0;-2,157096863E0;-3,324308777E1;-1,409858608E1
7,165244292E0;-1,864540100E0;-3,315852356E1;-1,423388004E1
7,265044542E0;-1,602367401E0;-3,222642517E1;-1,476133060E1
7,364844542E0;-2,204833984E0;-3,318663025E1;-1,450158978E1
7,464644542E0;-2,089107513E0;-3,283811951E1;-1,497816753E1
7,564444542E0;1,766905212E1;2,176097107E1;-5,793697357E0
7,664243542E0;1,769245911E1;2,111207581E1;-5,855899811E0
7,764043542E0;1,721595764E1;2,164656067E1;-6,552961349E0
7,863843542E0;1,748607635E1;2,230909729E1;-6,532798767E0
7,963643542E0;1,767968750E1;2,177658081E1;-5,614046097E0
8,063443542E0;1,722528839E1;2,169628906E1;-5,916370392E0
8,163242542E0;1,742177963E1;2,174708557E1;-6,318401337E0
8,263042792E0;1,732735443E1;2,265257263E1;-6,219860077E0
8,362842792E0;1,765408325E1;2,159803772E1;-5,059570312E0
8,462642792E0;1,739099884E1;2,143829346E1;-4,680116653E0
8,562441792E0;1,764235687E1;2,176469421E1;-4,732973099E0
8,662241792E0;1,693928909E1;2,241040039E1;-4,973110199E0
8,762041792E0;1,706444550E1;2,186871338E1;-3,624143600E0
8,861841792E0;1,713021469E1;2,150949097E1;-3,356781006E0
8,961641792E0;1,670436478E1;2,203680420E1;-3,427562714E0
9,061440792E0;1,655394745E1;2,250189209E1;-3,744083405E0
9,161240792E0;1,621536636E1;2,199084473E1;-2,412845612E0
9,261040542E0;1,671735001E1;2,119104004E1;-1,896135330E0
9,360840542E0;1,591990280E1;2,120146179E1;-1,933822632E0
9,460640542E0;1,581947327E1;2,147708130E1;-2,115520477E0
9,560439542E0;1,562188339E1;2,173588562E1;-2,646593094E0
9,660239542E0;1,618957138E1;2,142480469E1;-1,274181366E0
9,760039542E0;1,595303726E1;2,108183289E1;-5,950984955E-1
9,859839542E0;1,584004974E1;2,064166260E1;-9,877262115E-1
9,959639542E0;1,530925369E1;2,092132568E1;-1,450790405E0
1,005943854E1;1,581468201E1;2,057554626E1;-6,893939972E-1
1,015923854E1;1,619803238E1;2,054257202E1;2,969474792E-1
1,025903871E1;1,567712021E1;2,044474792E1;-5,693283081E-1
1,035883871E1;1,534278870E1;2,088958740E1;-3,935356140E-1
1,045863871E1;1,541100311E1;2,065802002E1;2,605457306E-1
1,055843771E1;1,599194717E1;2,020060730E1;8,471317291E-1
1,065823771E1;1,533309174E1;2,023410034E1;1,204694748E0
1,075803771E1;1,500367737E1;2,031533813E1;9,175357819E-1
1,085783771E1;1,500484848E1;1,981993103E1;9,069995880E-1
1,095763771E1;1,508071899E1;1,954125977E1;1,939500809E0
1,105743771E1;1,502520752E1;1,946290588E1;2,160787582E0
1,115723671E1;1,461388397E1;1,973141479E1;1,658102036E0
1,125703683E1;1,476977158E1;1,945285034E1;1,445096970E0
1,135683683E1;1,534297180E1;1,934608459E1;2,196147919E0
1,145663683E1;1,557493973E1;1,901063538E1;2,904817581E0
1,155643683E1;1,554172897E1;1,915068054E1;2,936777115E0
1,165623583E1;1,586307907E1;1,906703186E1;3,283395767E0
1,175603583E1;1,546896362E1;1,910156250E1;2,951023102E0
1,185583583E1;1,537967682E1;1,918376160E1;2,326587677E0
1,195563583E1;1,541770172E1;1,944874573E1;2,556562424E0
1,205543583E1;1,548970413E1;1,936103821E1;2,052446365E0
1,215523583E1;1,537060165E1;1,937564087E1;1,674221039E0
1,225503429E1;1,518009949E1;1,930841064E1;1,756130219E0
1,235483429E1;1,499042130E1;1,963369751E1;1,714929581E0
1,245463429E1;1,496118927E1;1,943373108E1;2,078460693E0
1,255443429E1;1,560510254E1;2,000001526E1;3,006248474E0
1,265423429E1;1,636658478E1;2,045463562E1;4,506001472E0
1,275403429E1;1,710522079E1;1,988874817E1;6,642259598E0
1,285383329E1;1,670459747E1;1,842327881E1;8,863755226E0
1,295363329E1;1,669469452E1;1,728933716E1;1,089870548E1
1,305343329E1;1,758523941E1;1,688452148E1;1,159095192E1
1,315323329E1;1,681294250E1;1,560202026E1;1,395734882E1
1,325303408E1;1,648112488E1;1,534431458E1;1,329051971E1
1,335283408E1;1,636210632E1;1,519641113E1;1,393622208E1
1,345263308E1;1,636630249E1;1,479939270E1;1,391813755E1
1,355243308E1;1,698831177E1;1,516453552E1;1,433304977E1
1,365223308E1;1,733271408E1;1,509127808E1;1,384674931E1
1,375203308E1;1,678087234E1;1,527569580E1;1,372922134E1
1,385183308E1;1,649497604E1;1,566647339E1;1,376756763E1
1,395163308E1;1,663237000E1;1,541119385E1;1,349125290E1
1,405143208E1;1,662248230E1;1,553903198E1;1,327044868E1
1,415123208E1;1,639485931E1;1,579205322E1;1,340382957E1
1,425103104E1;1,623352814E1;1,533766174E1;1,310209274E1
1,435083104E1;1,622362518E1;1,572334290E1;1,271967697E1
1,445063104E1;1,638864899E1;1,553808594E1;1,261884403E1
1,455043104E1;1,637660217E1;1,545242310E1;1,287286854E1
1,465023104E1;1,655850601E1;1,541639709E1;1,323550606E1
1,475003004E1;1,656473160E1;1,556140137E1;1,346301460E1
1,484983004E1;1,678243256E1;1,564859009E1;1,315767002E1
1,494963004E1;1,696995926E1;1,569076538E1;1,297690964E1
1,504943004E1;1,671453857E1;1,576676941E1;1,300909805E1
1,514923004E1;1,662052155E1;1,609609985E1;1,315057945E1
1,524903017E1;1,628805161E1;1,616580200E1;1,251914406E1
1,534883017E1;1,646131516E1;1,570542908E1;1,265388107E1
1,544862917E1;1,660940933E1;1,596900940E1;1,268761826E1
1,554842917E1;1,610859680E1;1,596994019E1;1,258362675E1
1,564822917E1;1,642547226E1;1,608982849E1;1,250764084E1
1,574802917E1;1,624219131E1;1,625779724E1;1,232096004E1
1,584782917E1;1,620856857E1;1,612409973E1;1,212596893E1
1,594762917E1;1,633378220E1;1,628413391E1;1,256743050E1
1,604742917E1;1,600592422E1;1,585121155E1;1,246194363E1
1,614722817E1;1,623566818E1;1,565911865E1;1,228250885E1
1,624702892E1;1,616463470E1;1,568469238E1;1,216086960E1
1,634682892E1;1,548535538E1;1,583229065E1;1,211181831E1
1,644662892E1;1,548518753E1;1,566894531E1;1,185288525E1
1,654642892E1;1,525933838E1;1,610906982E1;1,249502563E1
1,664622892E1;1,558891678E1;1,579515076E1;1,221226406E1
1,674602892E1;1,552502441E1;1,579821777E1;1,224574852E1
1,684582892E1;1,521652985E1;1,460008240E1;1,308024025E1
1,694562792E1;1,463797379E1;1,379866028E1;1,291906929E1
1,704542792E1;1,419831848E1;1,363005066E1;1,324753380E1
1,714522792E1;1,434465408E1;1,371078491E1;1,370587349E1
1,724502821E1;1,443511581E1;1,321620178E1;1,351161766E1
1,734482821E1;1,416528320E1;1,307977295E1;1,359009266E1
1,744462821E1;1,406024551E1;1,262808228E1;1,347113419E1
1,754442821E1;1,410168076E1;1,263865662E1;1,356869602E1
1,764422821E1;1,411246490E1;1,260142517E1;1,356826973E1
1,774402721E1;1,420287704E1;1,221974182E1;1,338258934E1
1,784382721E1;1,452644348E1;1,199168396E1;1,331256676E1
1,794362721E1;1,454152298E1;1,209034729E1;1,343405151E1
1,804342721E1;1,432142258E1;1,170121765E1;1,330579376E1
1,814322721E1;1,427537918E1;1,100566101E1;1,369985390E1
1,824302721E1;1,425933456E1;1,033174133E1;1,306940079E1
1,834282654E1;1,391254807E1;9,913177490E0;1,300474453E1
1,844262654E1;1,452632523E1;9,624954224E0;1,245871353E1
1,854242654E1;1,448056412E1;9,836334229E0;1,161050415E1
1,864222554E1;1,410070038E1;9,887649536E0;1,112574673E1
1,874202554E1;1,367499924E1;9,433792114E0;1,068215179E1
1,884182554E1;1,339604568E1;9,083114624E0;1,006154823E1
1,894162554E1;1,376888657E1;9,387847900E0;9,811708450E0
1,904142554E1;1,378908539E1;9,626831055E0;9,702376366E0
1,914122554E1;1,335083771E1;9,241958618E0;9,517418861E0
1,924102554E1;1,303382111E1;9,542953491E0;9,046808243E0
1,934082517E1;1,313766479E1;1,027514648E1;8,196343422E0
1,944062417E1;1,297005463E1;1,101522827E1;8,146904945E0
1,954042417E1;1,272132111E1;1,070976257E1;7,720026016E0
1,964022417E1;1,264979935E1;1,105718994E1;7,526373863E0
1,974002417E1;1,288935471E1;1,167825317E1;6,896798134E0
1,983982417E1;1,208690643E1;1,191697693E1;7,314834595E0
1,993962417E1;1,147040558E1;1,189369202E1;6,999437332E0
2,003942417E1;1,223231506E1;1,222306824E1;6,997376442E0
2,013922417E1;1,203775024E1;1,286787415E1;6,769679070E0
2,023902417E1;1,145766830E1;1,221832275E1;6,849892616E0
2,033882383E1;1,161114120E1;1,220787048E1;6,698699951E0
2,043862383E1;1,174668884E1;1,267854309E1;6,799231529E0
2,053842383E1;1,170781708E1;1,219740295E1;7,409165382E0
2,063822383E1;1,171061707E1;1,204658508E1;7,002166748E0
2,073802383E1;1,209074783E1;1,266490173E1;6,874099731E0
2,083782383E1;1,199414825E1;1,257031250E1;7,538328171E0
2,093762383E1;1,216879654E1;1,247377014E1;7,033626556E0
2,103742383E1;1,258673096E1;1,308020020E1;6,941705704E0
2,113722283E1;1,267599869E1;1,237322998E1;7,707990646E0
2,123702283E1;1,332546997E1;1,222274780E1;7,294495583E0
2,133682217E1;1,366701889E1;1,244001770E1;8,298442841E0
2,143662217E1;1,404191971E1;1,125708008E1;8,464513779E0
2,153642217E1;1,484959030E1;1,093873596E1;8,919555664E0
2,163622217E1;1,522945023E1;1,066276550E1;9,082769394E0
2,173602217E1;1,583279419E1;9,784698486E0;9,285131454E0
2,183582217E1;1,579397964E1;9,717529297E0;9,783409119E0
2,193562117E1;1,573391724E1;9,206192017E0;9,646041870E0
2,203542117E1;1,633070374E1;9,345428467E0;9,739260674E0
2,213522117E1;1,568825912E1;8,766586304E0;9,902065277E0
2,223502117E1;1,609718323E1;8,885620117E0;9,451103210E0
2,233482158E1;1,642249298E1;9,200927734E0;8,560458183E0
2,243462158E1;1,715653992E1;1,021960449E1;8,213611603E0
2,253442158E1;1,643898392E1;1,107916260E1;7,380869865E0
2,263422158E1;1,739211655E1;1,242973328E1;7,143490791E0
2,273402058E1;1,693703079E1;1,328491211E1;7,576240540E0
2,283382058E1;1,726496506E1;1,478932190E1;6,362359047E0
2,293362058E1;1,681633759E1;1,448664856E1;6,765191078E0
2,303342058E1;1,717433167E1;1,527397156E1;6,615912437E0
2,313322058E1;1,650352097E1;1,515812683E1;6,595170021E0
2,323302058E1;1,635707092E1;1,532980347E1;7,019310951E0
2,333282104E1;1,575480270E1;1,484796143E1;6,541671753E0
2,343262004E1;1,580152512E1;1,545294189E1;6,705983162E0
2,353242004E1;1,559859848E1;1,514352417E1;6,432395935E0
2,363222004E1;1,558340454E1;1,503878784E1;6,422897339E0
2,373202004E1;1,597656631E1;1,502215576E1;5,556394577E0
2,383182004E1;1,633236694E1;1,542974854E1;5,596297264E0
2,393162004E1;1,773651505E1;1,557891846E1;3,798950195E0
2,403141904E1;1,871454239E1;1,380693054E1;3,364247322E0
2,413121904E1;1,816280746E1;1,371794128E1;4,937224388E0
2,423101904E1;1,585453033E1;1,397572327E1;5,212305069E0
2,433081879E1;1,527486801E1;1,471060181E1;4,711360931E0
2,443061879E1;1,408559418E1;1,433273315E1;4,309556961E0
2,453041879E1;1,442053604E1;1,491503906E1;4,400919914E0
2,463021779E1;1,422426987E1;1,472668457E1;3,963232994E0
2,473001779E1;1,383536148E1;1,456265259E1;3,810213089E0
2,482981779E1;1,389304352E1;1,453582764E1;3,242788315E0
2,492961779E1;1,343895340E1;1,408671570E1;3,469324112E0
2,502941779E1;1,350512695E1;1,443295288E1;4,129334450E0
2,512921779E1;1,321364594E1;1,437542725E1;3,626420021E0
2,522901679E1;1,258514404E1;1,461738586E1;4,021401405E0
2,532881617E1;1,278879929E1;1,511407471E1;3,411419868E0
2,542861617E1;1,172358322E1;1,460887146E1;3,086189270E0
2,552841617E1;1,159161377E1;1,408728027E1;3,272697449E0
2,562821617E1;1,135082245E1;1,314773560E1;3,788206100E0
2,572801617E1;1,039648819E1;1,268066406E1;4,051913261E0
2,582781517E1;1,067169571E1;1,294581604E1;4,750630379E0
2,592761517E1;1,012947083E1;1,241744995E1;4,692732811E0
2,602741517E1;1,008875656E1;1,273240662E1;5,062817574E0
2,612721517E1;1,044619370E1;1,261793518E1;4,981450081E0
2,622701517E1;1,040703964E1;1,201356506E1;4,946450233E0
2,632681571E1;1,109492111E1;1,198020935E1;4,846405983E0
2,642661471E1;1,189687729E1;1,141610718E1;3,962968826E0
2,652641471E1;1,175046539E1;1,030538940E1;5,171069145E0
2,662621471E1;1,209727859E1;1,100276184E1;5,618480682E0
2,672601471E1;1,249977112E1;1,104066467E1;5,054316521E0
2,682581471E1;1,170498276E1;1,094549561E1;5,165677071E0
2,692561371E1;1,219024277E1;1,173188782E1;5,221923828E0
2,702541371E1;1,250493240E1;1,140931702E1;4,812461853E0
2,712521371E1;1,221210098E1;1,151776123E1;5,340561867E0
2,722501371E1;1,297535324E1;1,199105835E1;5,141030312E0
2,732481404E1;1,274906540E1;1,134672546E1;5,162780762E0
2,742461304E1;1,272339630E1;1,181719971E1;5,362272263E0
2,752441304E1;1,303638458E1;1,231837463E1;4,891911507E0
2,762421304E1;1,248424911E1;1,176284790E1;4,753437996E0
2,772401304E1;1,312362671E1;1,254431152E1;5,386871338E0
2,782381304E1;1,337837982E1;1,239309692E1;5,040766716E0
2,792361204E1;1,308181381E1;1,207612610E1;4,746649742E0
2,802341204E1;1,337415314E1;1,275334167E1;4,971663475E0
2,812321204E1;1,308597946E1;1,234548950E1;5,018768311E0
2,822301204E1;1,341794586E1;1,203280640E1;5,415762901E0
2,832281042E1;1,339598465E1;1,292298889E1;4,891475677E0
2,842261042E1;1,327574158E1;1,237873840E1;5,096870422E0
2,852241042E1;1,351784897E1;1,261383057E1;5,645519257E0
2,862221042E1;1,323517227E1;1,239706421E1;5,097202301E0
2,872201042E1;1,299061203E1;1,245263672E1;5,297897339E0
2,882180942E1;1,289265442E1;1,278582764E1;5,078083038E0
2,892160942E1;1,301021576E1;1,199879456E1;5,488776207E0
2,902140942E1;1,276100540E1;1,253979492E1;5,516562462E0
2,912120942E1;1,302874374E1;1,203929138E1;5,292783737E0
2,922100842E1;1,254228973E1;1,200610352E1;5,189897537E0
2,932080842E1;1,323412323E1;1,270999146E1;4,878837585E0
2,942060842E1;1,299398041E1;1,233816528E1;4,974173546E0
2,952040842E1;1,336031723E1;1,263221741E1;5,175083160E0
2,962020742E1;1,411355972E1;1,216610718E1;4,430603981E0
2,972000742E1;1,378075409E1;1,251287842E1;4,947522163E0
2,981980742E1;1,380312729E1;1,279183960E1;5,077498436E0
2,991960742E1;1,325114441E1;1,231333923E1;4,951147079E0
3,001940642E1;1,388695145E1;1,294293213E1;5,288618088E0
3,011920642E1;1,374148560E1;1,307682800E1;4,571194649E0
3,021900642E1;1,390777588E1;1,278977966E1;4,442914963E0
3,031880629E1;1,482522202E1;1,301060486E1;4,954040527E0
3,041860529E1;1,377403259E1;1,304077148E1;5,510804176E0
3,051840529E1;1,402673721E1;1,337313843E1;4,833005905E0
3,061820529E1;1,332704163E1;1,346815491E1;5,210124969E0
3,071800529E1;1,318931198E1;1,385888672E1;4,410260201E0
3,081780429E1;1,249995041E1;1,319030762E1;4,100426674E0
3,091760429E1;1,257669449E1;1,308732605E1;4,741849899E0
3,101740429E1;1,307585907E1;1,238406372E1;4,689751625E0
3,111720429E1;1,322177505E1;1,238694763E1;5,361088753E0
3,121700329E1;1,373781586E1;1,240963745E1;5,264589310E0
3,131680308E1;1,335038757E1;1,225122070E1;5,223343849E0
3,141660308E1;1,418267441E1;1,233030701E1;5,526476860E0
3,151640308E1;1,340905380E1;1,219256592E1;5,850512505E0
3,161620208E1;1,355440521E1;1,272067261E1;4,714000702E0
3,171600208E1;1,274464417E1;1,285867310E1;5,695666313E0
3,181580208E1;1,393832397E1;1,236225891E1;5,900753975E0
3,191560108E1;1,369071579E1;1,221496582E1;5,834862709E0
3,201540108E1;1,401452637E1;1,263215637E1;5,302899361E0
3,211520108E1;1,352412415E1;1,189195251E1;5,862754822E0
3,221500108E1;1,399081802E1;1,209272766E1;6,265553474E0
3,231480079E1;1,359402466E1;1,172862244E1;6,407985687E0
3,241460079E1;1,347375107E1;1,210755920E1;5,299749374E0
3,251440079E1;1,340130234E1;1,236222839E1;5,949728012E0
3,261420079E1;1,378422165E1;1,164527893E1;6,318898201E0
3,271399979E1;1,403049469E1;1,226364136E1;6,414199829E0
3,281379979E1;1,366839981E1;1,189721680E1;6,265978813E0
3,291359979E1;1,410169983E1;1,225482178E1;5,690830231E0
3,301339879E1;1,428487015E1;1,206663513E1;6,668467522E0
3,311319879E1;1,457038116E1;1,152545166E1;6,508354187E0
3,321299879E1;1,451057434E1;1,266149902E1;6,153047562E0
3,331279758E1;1,412861633E1;1,227687073E1;6,173706055E0
3,341259758E1;1,436935806E1;1,217755127E1;5,551106453E0
3,351239758E1;1,488678741E1;1,218594360E1;6,661068916E0
3,361219758E1;1,444684982E1;1,170893860E1;6,372302055E0
3,371199658E1;1,469587708E1;1,222071838E1;5,766687393E0
3,381179658E1;1,451223373E1;1,273329163E1;5,765968323E0
3,391159658E1;1,419734955E1;1,214430237E1;6,339728355E0
3,401139558E1;1,505803299E1;1,199371338E1;6,519746780E0
3,411119558E1;1,496400833E1;1,270869446E1;5,509582520E0
3,421099558E1;1,443050003E1;1,261422729E1;6,446063995E0
3,431079454E1;1,399989700E1;1,212283325E1;6,172108650E0
3,441059454E1;1,456281662E1;1,193701172E1;5,760304451E0
3,451039454E1;1,448657990E1;1,224400330E1;6,315220833E0
3,461019454E1;1,449294662E1;1,175227356E1;6,197566032E0
3,470999354E1;1,412344360E1;1,195259094E1;5,811455727E0
3,480979354E1;1,418943787E1;1,200801086E1;5,536693573E0
3,490959354E1;1,450082016E1;1,205824280E1;6,140954971E0
3,500939254E1;1,432550049E1;1,186174011E1;5,926514626E0
3,510919254E1;1,362060165E1;1,169737244E1;5,120323181E0
3,520899254E1;1,429779816E1;1,164118958E1;4,889210701E0
3,530879121E1;1,452928925E1;1,205856323E1;5,170077324E0
3,540859121E1;1,458428574E1;1,157754517E1;5,673000336E0
3,550839121E1;1,331365585E1;1,131430054E1;4,476179123E0
3,560819021E1;1,351780701E1;1,109587097E1;4,723657608E0
3,570799021E1;1,341023636E1;1,141242981E1;4,226246834E0
3,580779021E1;1,342181396E1;1,168785095E1;4,079274178E0
3,590758921E1;1,369637299E1;1,124359131E1;4,511238098E0
3,600738921E1;1,313558578E1;1,107194519E1;4,427263260E0
3,610718921E1;1,344056702E1;1,076359558E1;3,818395615E0
3,620698821E1;1,406583023E1;1,111799622E1;4,301783562E0
3,630678867E1;1,390757370E1;1,140104675E1;4,220756531E0
3,640658867E1;1,365558243E1;1,116416931E1;3,843612671E0
3,650638767E1;1,364713669E1;1,063749695E1;4,453886032E0
3,660618767E1;1,398964691E1;1,106837463E1;3,783898354E0
3,670598767E1;1,355557251E1;1,178054810E1;3,353738785E0
3,680578667E1;1,382190704E1;1,074574280E1;4,060098648E0
3,690558667E1;1,352008438E1;1,087013245E1;3,772544861E0
3,700538667E1;1,420811844E1;1,040022278E1;4,210663795E0
3,710518667E1;1,345500183E1;1,123594666E1;3,805190086E0
3,720498567E1;1,360992050E1;1,034506226E1;4,182073593E0
3,730478592E1;1,300281143E1;1,047805786E1;4,071787834E0
3,740458592E1;1,276342773E1;1,057882690E1;4,231311798E0
3,750438492E1;1,241213226E1;1,066488647E1;4,463797569E0
3,760418492E1;1,209421539E1;1,021676636E1;4,907001495E0
3,770398492E1;1,193104935E1;1,017239380E1;4,898437500E0
3,780378392E1;1,202318573E1;1,064817810E1;4,393196106E0
3,790358392E1;1,205173874E1;1,030061340E1;5,121749878E0
3,800338392E1;1,142395020E1;1,025155640E1;4,794713974E0
3,810318292E1;1,157720184E1;1,034458923E1;4,832461357E0
3,820298292E1;1,161994934E1;1,105911255E1;4,661831856E0
3,830278229E1;1,151354218E1;1,054603577E1;4,956198692E0
3,840258129E1;1,212358856E1;1,066795349E1;4,910200119E0
3,850238129E1;1,217889023E1;1,121113586E1;5,533805847E0
3,860218129E1;1,188236237E1;1,042835999E1;5,484169960E0
3,870198029E1;1,245496368E1;1,078890991E1;5,544492722E0
3,880178029E1;1,206861496E1;1,158152771E1;5,656534195E0
3,890157929E1;1,195730972E1;1,146084595E1;5,728035927E0
3,900137929E1;1,273400497E1;1,152642822E1;5,285930634E0
3,910117929E1;1,254912186E1;1,182292175E1;5,147101402E0
3,920097829E1;1,317791748E1;1,166894531E1;5,036546707E0
3,930077917E1;1,387668991E1;1,200740051E1;4,323044777E0
3,940057917E1;1,419633484E1;1,176347351E1;4,382457733E0
3,950037817E1;1,480298233E1;1,114811707E1;4,018249512E0
3,960017817E1;1,531119919E1;1,126329041E1;3,800523758E0
3,969997817E1;1,469787216E1;1,003404236E1;4,749942780E0
3,979977717E1;1,440535736E1;9,961990356E0;4,280478477E0
3,989957717E1;1,414553833E1;1,019621277E1;4,904253960E0
3,999937717E1;1,368302155E1;1,023756409E1;5,171662331E0
4,009917617E1;1,386583710E1;1,103958130E1;5,367942810E0
4,019897617E1;1,338357162E1;1,048835754E1;5,523344040E0
4,029877592E1;1,414017105E1;1,096145630E1;5,098081589E0
4,039857492E1;1,346104813E1;1,064581299E1;5,513228416E0
4,049837492E1;1,376371002E1;1,145832825E1;5,531440735E0
4,059817492E1;1,347186279E1;1,123204041E1;4,927072525E0
4,069797392E1;1,408349609E1;1,130026245E1;5,232900620E0
4,079777392E1;1,358900833E1;1,119773865E1;5,971207619E0
4,089757392E1;1,392853546E1;1,111878967E1;5,717881203E0
4,099737292E1;1,343570328E1;1,165353394E1;6,366110802E0
4,109717292E1;1,366648483E1;1,171801758E1;6,827171326E0
4,119697292E1;1,365979767E1;1,258866882E1;6,428437233E0
4,129677158E1;1,321384048E1;1,248175049E1;6,531195641E0
4,139657158E1;1,407542801E1;1,284001160E1;5,718504906E0
4,149637158E1;1,384236908E1;1,208013916E1;6,249971390E0
4,159617058E1;1,427518463E1;1,238768005E1;6,135461807E0
4,169597058E1;1,453138351E1;1,175061035E1;5,730766296E0
4,179576958E1;1,463960266E1;1,186964417E1;5,692987442E0
4,189556958E1;1,486351776E1;1,164993286E1;6,356440544E0
4,199536958E1;1,481647491E1;1,211605835E1;5,503408432E0
4,209516858E1;1,419641495E1;1,248524475E1;5,577561378E0
4,219496858E1;1,556992722E1;1,248701477E1;5,585106850E0
4,229476854E1;1,484779358E1;1,198966980E1;5,841057777E0
4,239456754E1;1,465756989E1;1,279251099E1;5,947346687E0
4,249436754E1;1,419678116E1;1,267059326E1;5,465970993E0
4,259416754E1;1,433295441E1;1,224156189E1;5,117465973E0
4,269396654E1;1,406233215E1;1,251338196E1;5,547595978E0
4,279376654E1;1,441733932E1;1,251435852E1;4,899200439E0
4,289356554E1;1,428728485E1;1,205401611E1;5,495491028E0
4,299336554E1;1,430350494E1;1,209196472E1;6,180540085E0
4,309316554E1;1,407973862E1;1,253051758E1;5,894354820E0
4,319296454E1;1,477168655E1;1,244683838E1;5,270018578E0
4,329276429E1;1,445675278E1;1,230636597E1;5,859053612E0
4,339256429E1;1,496793365E1;1,257595825E1;5,502249718E0
4,349236329E1;1,415499496E1;1,236741638E1;5,483290672E0
4,359216329E1;1,510762787E1;1,310719299E1;5,612223625E0
4,369196229E1;1,425554657E1;1,336035156E1;5,737058640E0
4,379176229E1;1,475283432E1;1,357460022E1;4,812228203E0
4,389156229E1;1,426619720E1;1,300726318E1;5,145944595E0
4,399136129E1;1,485083389E1;1,326268005E1;4,751245499E0
4,409116129E1;1,494609833E1;1,210635376E1;5,125733376E0
4,419096129E1;1,502457809E1;1,121476746E1;6,440834045E0
4,429076029E1;1,438731766E1;1,186067200E1;6,841739655E0
4,439056029E1;1,424523163E1;1,237413025E1;8,021638870E0
4,449035929E1;1,502297974E1;1,329244995E1;7,674930573E0
4,459015929E1;1,477697754E1;1,399287415E1;6,324252129E0
4,468995929E1;1,537050629E1;1,258285522E1;7,378763199E0
4,478975829E1;1,509490585E1;1,233216858E1;8,384596825E0
4,488955829E1;1,503774261E1;1,248809814E1;8,082244873E0
4,498935729E1;1,483652115E1;1,211468506E1;7,592210770E0
4,508915729E1;1,456473160E1;1,252873230E1;7,175756454E0
4,518895729E1;1,463909149E1;1,315849304E1;6,432779312E0
4,528875658E1;1,443186188E1;1,336903381E1;5,366616249E0
4,538855658E1;1,527941895E1;1,266130066E1;4,637477875E0
4,548835558E1;1,564748383E1;1,277247620E1;5,674616814E0
4,558815558E1;1,644758224E1;1,333944702E1;5,482910156E0
4,568795558E1;1,635623550E1;1,347790527E1;5,412249565E0
4,578775458E1;1,567412567E1;1,540678406E1;4,498208046E0
4,588755458E1;1,261439514E1;1,747834778E1;2,094472885E0
4,598735358E1;7,937015533E0;1,238563538E1;-1,365337372E-1
4,608715358E1;1,356714630E1;1,283349609E1;6,198570251E0
4,618695358E1;1,184573746E1;1,945098877E1;-1,562559891E1
4,628675292E1;1,496617508E1;2,680709839E0;5,594825745E-1
4,638655292E1;1,246019745E1;1,056167603E1;5,182258606E0
4,648635192E1;9,525226593E0;1,132556152E1;5,141846657E0
4,658615192E1;1,246187210E1;9,376129150E0;6,938657761E0
4,668595192E1;1,322731781E1;1,454345703E1;4,252708435E0
4,678575092E1;1,579852676E1;1,115713501E1;4,334155083E0
4,688555092E1;1,457795334E1;1,110508728E1;5,290582657E0
4,698534992E1;1,356760788E1;1,060731506E1;4,762469292E0
4,708514992E1;1,333538055E1;9,772827148E0;5,495258331E0
4,718494992E1;1,297034073E1;1,115972900E1;6,639670372E0
4,728474867E1;1,374735641E1;1,321966553E1;5,658977509E0
4,738454867E1;1,446111679E1;1,197198486E1;4,628608704E0
4,748434767E1;1,457756805E1;1,228208923E1;7,139898300E0
4,758414767E1;1,476019287E1;1,380659485E1;5,520456314E0
4,768394667E1;1,433553314E1;1,313903809E1;3,630853653E0
4,778374667E1;1,395975113E1;1,182031250E1;3,171990395E0
4,788354667E1;1,355790710E1;1,073291016E1;5,057338715E0
4,798334567E1;1,356798553E1;1,181520081E1;6,219541550E0
4,808314567E1;1,380952454E1;1,205740356E1;4,926095009E0
4,818294467E1;1,297087860E1;1,178138733E1;5,748094559E0
4,828274483E1;1,328404999E1;1,242366028E1;5,508155823E0
4,838254483E1;1,273315811E1;1,138073730E1;5,393449783E0
4,848234383E1;1,288543320E1;1,116941833E1;6,270361900E0
4,858214383E1;1,320145035E1;1,137704468E1;6,527979851E0
4,868194283E1;1,292959213E1;1,151365662E1;7,034520149E0
4,878174283E1;1,330256653E1;1,252294922E1;6,929364204E0
4,888154183E1;1,306024551E1;1,189419556E1;5,740696907E0
4,898134183E1;1,254279327E1;1,209788513E1;5,989030838E0
4,908114183E1;1,291414642E1;1,212799072E1;5,458068848E0
4,918094083E1;1,239210129E1;1,169750977E1;5,730258942E0
4,928074017E1;1,285129166E1;1,208639526E1;5,644975662E0
4,938053917E1;1,316902924E1;1,181663513E1;4,950737953E0
4,948033917E1;1,268608093E1;1,173252869E1;5,759493828E0
4,958013817E1;1,323607635E1;1,225523376E1;5,529948235E0
4,967993817E1;1,295505905E1;1,188180542E1;5,390633583E0
4,977973717E1;1,264072037E1;1,194380188E1;5,078133583E0
4,987953717E1;1,211106491E1;1,191293335E1;4,383966446E0
4,997933717E1;1,131176758E1;1,127917480E1;3,635574341E0
5,007913617E1;1,142890167E1;1,088259888E1;3,156005859E0
5,017893617E1;1,202048111E1;9,562530518E0;3,268225670E0
5,027873579E1;1,264316940E1;8,919982910E0;3,598933220E0
5,037853579E1;1,341201019E1;9,245254517E0;4,382864952E0
5,047833479E1;1,310693359E1;9,351486206E0;5,512304306E0
5,057813479E1;1,314997864E1;1,013400269E1;6,127611160E0
5,067793379E1;1,395468903E1;9,958297729E0;5,766662598E0
5,077773379E1;1,345951843E1;1,046548462E1;5,059988976E0
5,087753379E1;1,388378143E1;1,084600830E1;5,136636734E0
5,097733279E1;1,403262711E1;1,054768372E1;5,530541420E0
5,107713279E1;1,371334839E1;1,110426331E1;5,737574577E0
5,117693179E1;1,432581329E1;1,113145447E1;5,690630913E0
5,127673179E1;1,368273163E1;1,071926880E1;5,625023842E0
5,137653029E1;1,369614410E1;1,059457397E1;5,302167892E0
5,147633029E1;1,424159241E1;9,950714111E0;5,694499016E0
5,157612929E1;1,373542786E1;1,037748718E1;6,226470947E0
5,167592929E1;1,418316650E1;1,076475525E1;6,145727158E0
5,177572829E1;1,408555222E1;1,037724304E1;5,513642311E0
5,187552829E1;1,398062897E1;1,015283203E1;5,606894493E0
5,197532829E1;1,444805145E1;1,079632568E1;5,218199730E0
5,207512729E1;1,402437973E1;1,049473572E1;5,229194641E0
5,217492729E1;1,416383743E1;1,081613159E1;5,160507202E0
5,227472629E1;1,424515915E1;1,104940796E1;5,476710320E0
5,237452654E1;1,387891769E1;1,089282227E1;5,355219841E0
5,247432554E1;1,454051590E1;1,131698608E1;5,149841309E0
5,257412554E1;1,453496933E1;1,095895386E1;4,906383514E0
5,267392454E1;1,399442291E1;1,103262329E1;5,605164528E0
5,277372454E1;1,458280945E1;1,159820557E1;5,339782715E0
5,287352354E1;1,435293961E1;1,091474915E1;5,655714035E0
5,297332354E1;1,424497223E1;1,053819275E1;5,980371475E0
5,307312354E1;1,501542282E1;1,122335815E1;5,735300064E0
5,317292254E1;1,401504898E1;1,061601257E1;5,359947205E0
5,327272254E1;1,374628448E1;1,088455200E1;4,829032898E0
5,337252179E1;1,463010025E1;1,068914795E1;5,423931122E0
5,347232179E1;1,363826370E1;1,035362244E1;5,106266022E0
5,357212079E1;1,383519363E1;1,046330261E1;5,086223602E0
5,367192079E1;1,406409073E1;1,039636230E1;5,548747063E0
5,377171979E1;1,372840118E1;1,032168579E1;5,028102875E0
5,387151979E1;1,439029312E1;1,103681946E1;5,243859291E0
5,397131879E1;1,370411682E1;1,084718323E1;4,939292908E0
5,407111879E1;1,403163910E1;1,065846252E1;4,698526382E0
5,417091779E1;1,414011383E1;1,090069580E1;4,886210442E0
5,427071779E1;1,339332581E1;1,072029114E1;4,655571938E0
5,437051717E1;1,382148361E1;1,110760498E1;4,863902092E0
5,447031617E1;1,382259750E1;1,060221863E1;5,313900948E0
5,457011617E1;1,355511093E1;1,063883972E1;5,415402412E0
5,466991517E1;1,412715912E1;1,108767700E1;5,521772385E0
5,476971517E1;1,376459503E1;1,052362061E1;5,606560707E0
5,486951417E1;1,400999451E1;1,103132629E1;5,950121880E0
5,496931417E1;1,400415039E1;1,117263794E1;5,814696312E0
5,506911317E1;1,360659790E1;1,058547974E1;5,347739220E0
5,516891317E1;1,401222610E1;1,089656067E1;4,824249268E0
5,526871217E1;1,403844452E1;1,036209106E1;5,242486954E0
5,536851292E1;1,374304962E1;1,080548096E1;5,636168480E0
5,546831192E1;1,401667404E1;1,083010864E1;4,839547157E0
5,556811192E1;1,370055771E1;1,080099487E1;5,328846931E0
5,566791092E1;1,504246521E1;1,178201294E1;6,612209320E0
5,576771092E1;1,430149841E1;1,107870483E1;5,435259819E0
5,586750992E1;1,426356125E1;1,119430542E1;5,538796425E0
5,596730992E1;1,445402145E1;1,122283936E1;5,584185600E0
5,606710992E1;1,377765656E1;1,141268921E1;5,728951454E0
5,616690892E1;1,439172363E1;1,182087708E1;5,994560242E0
5,626670892E1;1,361572647E1;1,161570740E1;5,555903435E0
5,636650821E1;1,377023697E1;1,220191956E1;5,992356300E0
5,646630821E1;1,376704407E1;1,107054138E1;5,293816566E0
5,656610721E1;1,393563461E1;1,230564880E1;5,439520836E0
5,666590721E1;1,413855743E1;1,138682556E1;5,758162498E0
5,676570621E1;1,421112442E1;1,198164368E1;6,001675606E0
5,686550621E1;1,445493698E1;1,164555359E1;5,783292770E0
5,696530521E1;1,462667084E1;1,196565247E1;5,861303329E0
5,706510521E1;1,439105988E1;1,189860535E1;5,958306313E0
5,716490421E1;1,436025620E1;1,166647339E1;5,661869049E0
5,726470421E1;1,450721741E1;1,154190063E1;5,257095337E0
5,736450267E1;1,498451614E1;1,156196594E1;5,378287315E0
5,746430267E1;1,485776901E1;1,168453979E1;5,578396797E0
5,756410167E1;1,414453125E1;1,198695374E1;4,898514748E0
5,766390167E1;1,415956879E1;1,165814209E1;5,029333115E0
5,776370067E1;1,448572540E1;1,180085754E1;5,364047050E0
5,786350067E1;1,453108978E1;1,155714417E1;5,159668922E0
5,796329967E1;1,437444305E1;1,191802979E1;5,361079216E0
5,806309967E1;1,419315338E1;1,152778625E1;5,238889694E0
5,816289867E1;1,477021027E1;1,232484436E1;5,103637695E0
5,826269867E1;1,451861572E1;1,140036011E1;5,277485847E0
5,836249792E1;1,450173950E1;1,215336609E1;4,830945969E0
5,846229792E1;1,517041016E1;1,163760376E1;6,082507133E0
5,856209792E1;1,535262680E1;1,149331665E1;5,837360382E0
5,866189692E1;1,506755447E1;1,138725281E1;6,601473808E0
5,876169692E1;1,525053787E1;1,156057739E1;5,782979012E0
5,886149592E1;1,516490173E1;1,155023193E1;6,158938408E0
5,896129592E1;1,497466278E1;1,126916504E1;5,722339630E0
5,906109492E1;1,534770966E1;1,184506226E1;5,940046310E0
5,916089492E1;1,430656052E1;1,116728210E1;5,827957153E0
5,926069392E1;1,472467041E1;1,197192383E1;5,705903053E0
5,936049317E1;1,533027267E1;1,146923828E1;6,743038177E0
5,946029217E1;1,483489609E1;1,159011841E1;6,091312408E0
5,956009217E1;1,471120453E1;1,231248474E1;5,867311478E0
5,965989117E1;1,443836594E1;1,131867981E1;5,665082932E0
5,975969117E1;1,499587631E1;1,156614685E1;5,907023430E0
5,985949017E1;1,505457306E1;1,180090332E1;6,150475502E0
5,995929017E1;1,454401779E1;1,146795654E1;5,398173332E0
6,005908917E1;1,540695953E1;1,243406677E1;5,132975578E0
6,015888917E1;1,510377121E1;1,221525574E1;5,319390297E0
6,025868917E1;1,541691208E1;1,143849182E1;5,962246895E0
6,035848854E1;1,510454178E1;1,270738220E1;4,939641953E0
6,045828854E1;1,515255737E1;1,199430847E1;5,575736046E0
6,055808754E1;1,533207321E1;1,223161316E1;5,797465324E0
6,065788754E1;1,532990265E1;1,272827148E1;5,516745567E0
6,075768654E1;1,616259384E1;1,243539429E1;6,283194542E0
6,085748654E1;1,572049713E1;1,248608398E1;6,574747086E0
6,095728554E1;1,592608261E1;1,256692505E1;6,287058830E0
6,105708554E1;1,636948013E1;1,278408813E1;6,096597672E0
6,115688454E1;1,568286133E1;1,196119690E1;7,074040413E0
6,125668454E1;1,581176376E1;1,183264160E1;6,415239334E0
6,135648371E1;1,524040604E1;1,200881958E1;5,771362305E0
6,145628371E1;1,494668198E1;1,172169495E1;5,786880493E0
6,155608271E1;1,545846939E1;1,078942871E1;7,078600883E0
6,165588271E1;1,491781998E1;1,088240051E1;6,478550911E0
6,175568171E1;1,531748581E1;1,128993225E1;5,423501968E0
6,185548171E1;1,611701584E1;1,387164307E1;3,426287651E0
6,195528071E1;1,761019897E1;1,715452576E1;-1,869579315E0
6,205508071E1;1,993908691E1;1,881159973E1;-1,195171547E1
6,215487971E1;2,118195724E1;1,147979736E1;1,586673737E0
6,225467971E1;1,536323929E1;1,489085388E1;2,644691467E0
6,235447892E1;1,472723007E1;1,288461304E1;-1,234144211E0
6,245427892E1;1,372015762E1;1,141503906E1;-3,995317459E0
6,255407792E1;1,013566589E1;1,052410889E1;-4,553817749E0
6,265387792E1;6,699203491E0;9,490386963E0;7,622146606E-2
6,275367692E1;3,261169434E0;1,126460266E1;1,410816193E0
6,285347692E1;3,164813995E0;1,234194946E1;1,916906357E0
6,295327592E1;2,460876465E0;1,430598450E1;4,593147278E0
6,305307592E1;3,037399292E0;1,496655273E1;7,042119980E0
6,315287492E1;3,686691284E0;1,524693298E1;7,905972481E0
6,325923675E1;-1,001797485E1;-6,977600098E0;1,662739182E1
6,335903775E1;-1,038748932E1;-7,216857910E0;1,675459862E1
6,345883975E1;-1,018563080E1;-7,031738281E0;1,739521408E1
6,355864175E1;-1,025604248E1;-7,237487793E0;1,731373978E1
6,365844375E1;-1,023973465E1;-7,007293701E0;1,794000626E1
6,375824475E1;-1,001797867E1;-7,194137573E0;1,713652039E1
6,385804700E1;-9,927570343E0;-6,958526611E0;1,741867447E1
6,395784900E1;-1,008098221E1;-7,128250122E0;1,765872955E1
6,405765100E1;-9,963893890E0;-7,121505737E0;1,757123947E1
6,415745300E1;-9,673557281E0;-7,037429810E0;1,785771370E1
6,425725400E1;-9,519393921E0;-7,076904297E0;1,725240707E1
6,435705600E1;-1,005477142E1;-7,128997803E0;1,682369804E1
6,445685800E1;-9,850307465E0;-7,115112305E0;1,702389145E1
6,455666000E1;-1,003070450E1;-7,042373657E0;1,683845711E1
6,465646100E1;-1,022462463E1;-7,209213257E0;1,632420540E1
6,475626300E1;-1,073314667E1;-7,263442993E0;1,510491848E1
6,485606487E1;-1,132561874E1;-7,810974121E0;1,458193874E1
6,495586687E1;-1,131744385E1;-7,923385620E0;1,490952778E1
6,505566787E1;-1,127612305E1;-8,365203857E0;1,536460018E1
6,515546987E1;-1,172896194E1;-8,088562012E0;1,583862686E1
6,525527187E1;-1,134472656E1;-8,261795044E0;1,603535080E1
6,535507387E1;-1,098240662E1;-8,315338135E0;1,611712646E1
6,545487587E1;-1,105701065E1;-8,011764526E0;1,663649750E1
6,555467687E1;-1,120814514E1;-8,116500854E0;1,639865494E1
6,565447887E1;-1,086206055E1;-8,294494629E0;1,643466759E1
6,575428087E1;-1,033015823E1;-7,818588257E0;1,649172974E1
6,585408300E1;-1,051057816E1;-7,778915405E0;1,674518204E1
6,595388500E1;-1,038137817E1;-7,791976929E0;1,610755539E1
6,605368600E1;-1,061079025E1;-7,555953979E0;1,647852707E1
6,615348800E1;-1,020394135E1;-7,661926270E0;1,598621845E1
6,625329000E1;-1,051646042E1;-7,866302490E0;1,591533947E1
6,635309200E1;-1,060096741E1;-7,723007202E0;1,565462494E1
6,645289400E1;-1,050593567E1;-7,584640503E0;1,567024231E1
6,655269500E1;-1,029471588E1;-7,622787476E0;1,640919495E1
6,665249700E1;-1,004347610E1;-7,425064087E0;1,705417824E1
6,675229900E1;-1,020234299E1;-7,290023804E0;1,747987366E1
6,685210087E1;-1,033171082E1;-7,290893555E0;1,717911911E1
6,695190287E1;-1,023594284E1;-7,328735352E0;1,746075821E1
6,705170487E1;-1,003095627E1;-7,521957397E0;1,673171425E1
6,715150687E1;-1,049914551E1;-7,978805542E0;1,639317322E1
6,725130887E1;-1,086300659E1;-8,243057251E0;1,582015419E1
6,735111087E1;-1,097475433E1;-8,742156982E0;1,602618790E1
6,745091187E1;-1,178740692E1;-9,025466919E0;1,442233372E1
6,755071387E1;-1,228561020E1;-9,381301880E0;1,415043068E1
6,765051587E1;-1,284760284E1;-1,054469299E1;1,263604736E1
6,775031787E1;-1,348415375E1;-1,097560120E1;1,127734470E1
6,785012000E1;-1,399179077E1;-1,119053650E1;9,956524849E0
6,794992200E1;-1,449758148E1;-1,163232422E1;8,954447746E0
6,804972400E1;-1,449546051E1;-1,187120056E1;9,081233025E0
6,814952600E1;-1,496725464E1;-1,129650879E1;8,431569099E0
6,824932800E1;-1,467077637E1;-1,125125122E1;8,545475006E0